id,section,source_id,domain,difficulty,question,paragraph,choice_A,choice_B,choice_C,choice_D,correct_answer,explanation,visual_type
3505e3cb-18c2-47a5-b7c1-0bc662f7d51c,Math,281a4f3b,Advanced Math,Medium,"A certain college had 3,000 students enrolled in 2015. The college predicts that after 2015, the number of students enrolled each year will be 2% less than the number of students enrolled the year before. Which of the following functions models the relationship between the number of students enrolled, *f(x)*, and the number of years after 2015, *x*?",,"f(x) = 3,000(0.02)^x","f(x) = 0.98(3,000)^x","f(x) = 3,000(0.002)^x","f(x) = 3,000(0.98)^x",D,"Because the change in the number of students decreases by the same percentage each year, the relationship between the number of students and the number of years can be modeled with a decreasing, exponential function in the form *f(x) = a(1 - r)^x*, where *f(x)* is the number of students, *a* is the number of students in 2015, *r* is the rate of decrease each year, and *x* is the number of years since 2015. It’s given that 3,000 students were enrolled in 2015 and that the rate of decrease is predicted to be 2%, or 0.02. Substituting these values into the decreasing exponential function yields f(x) = 3,000(1 - 0.02)^x, which is equivalent to f(x) = 3,000(0.98)^x.",
06b660b3-14e2-4885-b158-f34f128f8042,Math,b81173a5,Advanced Math,Hard,The graph of the function \(f(x)= x^2 + 2x + 3\) intersects the x-axis at two points. What is the sum of the x-coordinates of these two points? ,,-2,0,2,4,A,"The sum of the roots of a quadratic equation in the form of \(ax^2 + bx + c = 0\) is equal to \(-b/a\).  In this case, a = 1 and b = 2, so the sum of the roots is \(-2/1 = -2\). ",
0c0bddd3-ddff-49b7-98a6-26ecd644f06b,Math,random_id_a8,Advanced Math,Hard,The function $f(x)$ is defined by $f(x) = \frac{x^2 - 1}{x - 1}$. For what value(s) of $x$ is $f(x)$ undefined?,,1 only,-1 only,0 only,1 and -1,A,"A function is undefined when the denominator equals zero. In this case, the denominator is $x-1$, which is zero when $x=1$. Therefore, $f(x)$ is undefined when $x=1$.",
cbe721ef-9643-46d2-bbc4-17a9280eb98c,Math,9f6f8f8f,Problem-Solving and Data Analysis,Medium,"A survey of 100 people found that 60 people like apples, 50 people like bananas, and 20 people like both apples and bananas. How many people like only apples?",,10,20,40,60,B,"We can use a Venn diagram to solve this problem. Let  represent the set of people who like apples, and  represent the set of people who like bananas. We know that . The problem states that 20 people like both apples and bananas, so . To find the number of people who like only apples, we subtract the number of people who like both apples and bananas from the number of people who like apples. So, the number of people who like only apples is .",
3d17d09e-b903-424d-87f2-8dcf6671d4a0,Math,random_id_c4,Geometry and Trigonometry,Medium,"A rectangle has a length of 12 cm and a width of 5 cm. What is the area of the rectangle, in square cm?",,17,34,60,144,C,The area of a rectangle is found by multiplying the length and width: 12 cm * 5 cm = 60 square cm.,
888f803f-29c7-47ed-a0f9-6c77a48a72d9,Math,random_id_c4,Advanced Math,Hard,The function $f(x)$ is defined by $f(x) = \frac{1}{x^2 + 1}$. What is the value of $f(\sqrt{3})$?,,$\frac{1}{4}$,$\frac{1}{2}$,1,4,A,"Substituting $\sqrt{3}$ for x in the given function, we get $f(\sqrt{3}) = \frac{1}{(\sqrt{3})^2 + 1}$. Simplifying, we get $f(\sqrt{3}) = \frac{1}{3 + 1} = \frac{1}{4}$.",
a84993f0-57fa-4100-8c7c-6fc19943c85b,Math,random_id_c9,Advanced Math,Hard,"A circle has a radius of 5 units.  The point (-3,1) lies on the circle.  What is the equation of the circle?",,(x + 3)^2 + (y - 1)^2 = 25,(x + 3)^2 + (y - 1)^2 = 5,(x - 3)^2 + (y + 1)^2 = 25,(x - 3)^2 + (y + 1)^2 = 5,A,"The standard form of the equation of a circle with center (h, k) and radius r is (x - h)^2 + (y - k)^2 = r^2. Since the center of the circle is (-3, 1) and the radius is 5, the equation of the circle is (x - (-3))^2 + (y - 1)^2 = 5^2, or (x + 3)^2 + (y - 1)^2 = 25.",
0fa651c4-b713-4bb4-a57d-8d407a862848,Math,random_id_c1,Geometry and Trigonometry,Hard,"A circle has a radius of 5 units. A chord of the circle is 8 units long. What is the distance, in units, from the center of the circle to the chord?",,1,3,4,5,B,"Draw a diagram of the circle with the chord and the radius to the midpoint of the chord. This creates a right triangle where the hypotenuse is the radius, one leg is half the length of the chord, and the other leg is the distance from the center to the chord.  Using the Pythagorean Theorem, we have 5² = 4² + d² where d is the distance from the center to the chord. Solving for d gives us d = 3.",
5cab0561-4e2f-4631-90eb-77c92807cf83,Math,d45a749b,Geometry and Trigonometry,Medium,"In the figure above, quadrilateral ABCD is a rectangle.  The length of diagonal is $\sqrt{20}$ units.  What is the area of the rectangle? ",,4,8,10,20,C,"The diagonal of a rectangle divides the rectangle into two congruent right triangles.  Since the diagonal is the hypotenuse of each of these right triangles, the Pythagorean Theorem gives us $a^2 + b^2 = (\sqrt{20})^2$, or $a^2 + b^2 = 20$, where $a$ and $b$ are the length and width of the rectangle, respectively.  Since ABCD is a rectangle, the area is $ab$. Since the area is a product of two sides, the area will be a factor of 20.  Of the choices, 10 is the only factor of 20, and the area of the rectangle is $ab = (2)(5) = 10$.",
b89a7168-b285-4978-954a-33743d6da7a2,Math,random_id_c1,Algebra,Medium,The expression $(2x+1)(3x-5)$ is equivalent to which of the following? ,,$6x^2-7x-5$,$6x^2+x-5$,$6x^2-x-5$,$6x^2+7x-5$,A,We can use the distributive property to multiply the binomials: $(2x+1)(3x-5) = 2x(3x-5) + 1(3x-5) = 6x^2 - 10x + 3x - 5 = 6x^2-7x-5$.,
97a2e85e-3a91-4450-8409-9643aad7a153,Math,random_id_a1,Advanced Math,Easy,"If $x^2 - 2x - 8 = 0$, what is the value of $x$?",,-2,-1,2,4,D,"We can factor the quadratic equation as $(x-4)(x+2) = 0$.  This means that either $x-4 = 0$ or $x+2 = 0$. Solving for $x$ in each case, we get $x = 4$ or $x = -2$.  Since the question asks for a solution to the equation, the answer is 4.",
191e19dd-e863-446d-856d-17815581faf2,Math,random_id_b12,Algebra,Easy,"If $3x + 2y = 10$ and $x - 2y = 2$, what is the value of $x$?",,2,3,4,5,B,"We can add the two equations together to eliminate $y$: \begin{align*} 3x + 2y &= 10 \\ + \\ x - 2y &= 2 \\ \hline 4x &= 12  \\ \end{align*} Dividing both sides by 4, we find that $x = 3$.",
37ac83c8-b34e-401a-95eb-54e2bc5d838d,Math,79802835,Advanced Math,Medium,The function *f* is defined by *f*(x) = 3x^2 - 2x + 1. What is the value of *f*(2)?,,9,11,13,17,A,"To find *f*(2), we substitute 2 for *x* in the expression for *f*(x). This gives us *f*(2) = 3(2)^2 - 2(2) + 1 = 3(4) - 4 + 1 = 12 - 4 + 1 = 9.",
5f043ed9-925a-4e04-b19a-0b0995712530,Math,f41b3483,Geometry and Trigonometry,Hard,"A circle with a radius of 5 units is inscribed in a square. What is the area, in square units, of the square?",,25,50,100,200,C,"The diameter of the circle is equal to the side length of the square. Since the radius of the circle is 5 units, the diameter is 10 units.  Therefore, the side length of the square is 10 units, and the area of the square is 10 * 10 = 100 square units.",
c87aa074-8e50-4fc6-8e5d-9bac5646caab,Math,893a69b2,Algebra,Medium,"A line in the $xy$-plane passes through the points $(2,4)$ and $(6,10)$. What is the slope of the line?",,$\frac{1}{2}$,$\frac{3}{2}$,2,3,B,"The slope of a line passing through two points $(x_1, y_1)$ and $(x_2, y_2)$ is given by  $\frac{y_2 - y_1}{x_2 - x_1}$.  Substituting $(2,4)$ for $(x_1, y_1)$ and $(6,10)$ for $(x_2, y_2)$, we get $\frac{10-4}{6-2} = \frac{6}{4} = \frac{3}{2}$. Therefore, the slope of the line is $\frac{3}{2}$.",
d60b899d-c8c3-49e4-9222-58e0bef38d26,Math,random_id_c8,Advanced Math,Hard,A function  is defined by $f(x)= \frac{x^2 - 4}{x - 2}$. For what value of x is the function undefined?,,-2,0,2,4,C,"A function is undefined when the denominator is zero.  The denominator of this function, x - 2, is equal to zero when x = 2.  Therefore, the function is undefined when x = 2.",
784f5b0e-e2ca-4320-b8b3-2923edef9db4,Math,12d8c11d,Advanced Math,Hard,The function *f* is defined by *f*(x) = 3x^2 - 5x + 2. What is the value of *f*(2)?,,4,6,8,10,A,"To find *f*(2), we substitute 2 for *x* in the function: *f*(2) = 3(2)^2 - 5(2) + 2 = 12 - 10 + 2 = 8.",
dcb90351-9571-42cb-93c5-af7d9d8e909d,Math,d8f2679c,Geometry and Trigonometry,Medium,"A circle with a radius of 5 centimeters is inscribed in a square. What is the area of the square, in square centimeters?",,25,50,100,200,C,"The diameter of the circle is equal to the side length of the square.  The diameter of the circle is 2 times the radius, or 10 centimeters. Therefore, the area of the square is 10^2 = 100 square centimeters.",
4fef021a-3982-4407-9a04-d4724ba57c6d,Math,random_id_a9,Advanced Math,Hard,The graph of the equation $y = x^2 - 6x + 5$ is a parabola. What are the coordinates of the vertex of this parabola?,,"(-3, -4)","(3, -4)","(3, 4)","(-3, 4)",B,"The x-coordinate of the vertex of the parabola is given by $-b/(2a)$, where a and b are the coefficients of the quadratic equation. In this case, $a = 1$ and $b = -6$, so the x-coordinate of the vertex is  6/(2*1) = 3. To find the y-coordinate of the vertex, we substitute x = 3 into the equation: $y = (3)^2 - 6(3) + 5 = 9 - 18 + 5 = -4$. Therefore, the vertex of the parabola is (3, -4).",
41b551e9-57d7-4e02-aa13-2369c7d69457,Math,random_id_c2,Algebra,Medium,"If $2x + 3y = 12$ and $x - y = 1$, what is the value of $x$?",,2,3,4,5,B,"We can solve this system of equations using elimination. Multiplying the second equation by 3, we get $3x - 3y = 3$.  Adding this equation to the first equation, we get $5x = 15$.  Dividing both sides by 5, we get $x = 3$.",
3d0ae163-6e2f-478e-bb60-48f872b5442f,Math,random_id_c10,Advanced Math,Easy,What is the simplified form of the expression $\frac{x^2 - 4}{x^2 + 4x + 4}$?,,$\frac{x-2}{x+2}$,$\frac{x+2}{x-2}$,$\frac{x-2}{x+2}$,$\frac{x+2}{x+2}$,A,"The expression can be simplified by factoring the numerator and the denominator. The numerator is a difference of squares, and the denominator is a perfect square trinomial. We have: \begin{align*} \frac{x^2 - 4}{x^2 + 4x + 4} &= \frac{(x+2)(x-2)}{(x+2)(x+2)}\\ &= \frac{x-2}{x+2}. \end{align*}",
39b07ab3-c0a5-45c5-af5d-309938af398d,Math,random_id_f8,Algebra,Medium,"If $x^2 - 5x - 14 = 0$, what is the sum of the solutions to the equation?",,-5,-2,5,7,C,We can factor the quadratic equation as (x - 7)(x + 2) = 0.  The solutions to this equation are x = 7 and x = -2. The sum of these solutions is 7 + (-2) = 5.,
4345e6d8-723c-4cc7-9857-f1b3bc6f8bb5,Math,random_id_c9,Geometry and Trigonometry,Medium,A circle has a radius of 5 units. What is the circumference of this circle? (Use $\pi = 3.14$),,15.7,31.4,62.8,78.5,B,"The circumference of a circle is given by the formula $C = 2 \pi r$, where $r$ is the radius.  Substituting 5 for $r$ and 3.14 for $\pi$ gives $C = 2 (3.14) (5) = 31.4$.",
3ddc010f-c15f-40c4-be15-94d0e8307283,Math,d9a8c19e,Problem-Solving and Data Analysis,Hard,"A store sells two types of candy bars, chocolate and caramel.  On a particular day, the store sells 120 chocolate candy bars and 80 caramel candy bars. If 30% of the chocolate candy bars sold that day were dark chocolate, and 40% of the caramel candy bars sold that day were milk chocolate, how many chocolate candy bars sold that day were dark chocolate?",,12,36,48,60,B,The store sold 120 * 0.30 = 36 dark chocolate candy bars.,
d4cde85e-ffe5-4886-ba06-fc0850db7ba8,Math,random_id_a3,Advanced Math,Hard,"A circle with center (2, 4) and radius 3 is graphed in the xy-plane. What is the equation of this circle?",,(x - 2)^2 + (y - 4)^2 = 3,(x + 2)^2 + (y + 4)^2 = 9,(x - 2)^2 + (y - 4)^2 = 9,(x + 2)^2 + (y + 4)^2 = 3,C,"The standard form of the equation of a circle is (x - h)^2 + (y - k)^2 = r^2, where (h, k) is the center of the circle and r is the radius. Since the center of the circle is (2, 4) and the radius is 3, the equation of the circle is (x - 2)^2 + (y - 4)^2 = 3^2, or (x - 2)^2 + (y - 4)^2 = 9.",
635eaaff-469c-4ac7-8c67-13fecca7c578,Math,random_id_c1,Algebra,Easy,"If  \(2x+3 = 11\), what is the value of \(x\)?",,2,4,6,8,B,Subtracting 3 from both sides of the equation gives \(2x = 8\). Dividing both sides by 2 gives \(x = 4\).,
00d04544-babb-46c4-8ef9-dccd4e3494a6,Math,734eb82c,Problem-Solving and Data Analysis,Medium,"A survey asked a group of 100 people about their favorite color. 25 people said their favorite color was blue, 30 people said their favorite color was green, and the rest said their favorite color was red.  What percentage of the people surveyed said their favorite color was red?",,35%,45%,55%,65%,B,"First find the number of people who said their favorite color was red: 100 people - 25 people - 30 people = 45 people.  Then divide the number of people who said red by the total number of people surveyed, and multiply by 100% to express the result as a percentage: (45 people / 100 people) * 100% = 45%.",
d57747d3-b127-41f0-b393-d29d59be4217,Math,random_id_c3,Advanced Math,Hard,The function $f(x) = \frac{1}{x-2}$ is defined for all real numbers $x$ except $x = 2$. What is the value of $f(f(3))$?,,-1,0,1,2,A,"First, we find $f(3)$: $f(3) = \frac{1}{3-2} = 1$. Then, we find $f(f(3))$, which is the same as $f(1)$: $f(1) = \frac{1}{1-2} = -1$. Therefore, $f(f(3)) = -1$.",
0b4ac511-722d-4f65-b4d1-78e1801aaccf,Math,random_id_c5,Advanced Math,Hard,A function *f* is defined by $f(x) = 2x^2 + 3x - 5$.  What is the value of *f*(-2)?,,-11,-9,-5,9,A,"Substituting -2 for *x* in the function *f*, we get: 

$f(-2) = 2(-2)^2 + 3(-2) - 5$ 

$f(-2) = 2(4) - 6 - 5$ 

$f(-2) = 8 - 6 - 5$ 

$f(-2) = -3$",
ffb65b5e-002c-47ae-9715-96b0aeb350a8,Math,random_id_f7,Problem-Solving and Data Analysis,Medium,"A bakery sells cookies in packages of 6.  If a customer buys 3 packages of cookies, how many cookies did the customer buy?",,9,12,18,24,C,"The customer buys 3 packages of cookies, and each package contains 6 cookies.  Therefore, the customer bought 3 * 6 = 18 cookies.",
dadb0989-f4ff-4475-8e80-b9b5f76994d6,Math,random_id_c4,Advanced Math,Hard,The function $f(x)$ is defined as $f(x) = \frac{x^2 - 4}{x - 2}$. For what value of $x$ is $f(x)$ undefined?,,0,2,4,-2,B,"A function is undefined when its denominator is equal to zero. In this case, the denominator is $x-2$, so the function is undefined when $x-2 = 0$. Solving for $x$, we get $x = 2$.",
ff81a8b9-9dcf-45b7-b411-391a67b846a1,Math,random_id_c5,Advanced Math,Hard,The function $f(x)$ is defined by $f(x) = \frac{1}{x-2} + 3$. What is the vertical asymptote of the graph of $y = f(x)$ in the xy-plane?,,x = -2,x = 2,x = -3,x = 3,B,"A vertical asymptote occurs where the denominator of a rational function equals zero.  The denominator of $f(x)$ is $x-2$, which equals zero when $x = 2$. Therefore, the vertical asymptote of the graph of $y = f(x)$ is $x = 2$.",
0c45aa81-d10c-4ee1-a6c9-628077d3cd4c,Math,random_id_c7,Algebra,Medium,"If $3x + 2y = 17$ and $x - 2y = 1$, what is the value of $x$?",,2,3,4,5,C,"Adding the two equations together eliminates $y$: 

$(3x + 2y) + (x - 2y) = 17 + 1$ 

This simplifies to $4x = 18$. Dividing both sides by 4 gives us $x = \frac{18}{4}$, or $x = 4.5$.",
6421fd61-47ce-4b45-8ad4-a4c3c3742ce8,Math,random_id_a5,Algebra,Hard,"If \(x + \frac{1}{x} = 3\), what is the value of \(x^2 + \frac{1}{x^2}\)?",,7,9,11,13,A,Squaring both sides of the equation \(x + \frac{1}{x} = 3\) gives \(x^2 + 2 + \frac{1}{x^2} = 9\). Subtracting 2 from both sides gives \(x^2 + \frac{1}{x^2} = 7\).,
d86bb4be-9c62-4496-8c8a-3b28827b51e5,Math,a23b7c3e,Advanced Math,Hard,The function *f* is defined by *f*(x) = 2*x*<sup>2</sup> – 3*x* + 1. What is the value of *f*(–2)?,,-17,-11,11,17,D,"We substitute -2 for *x* in the function: *f*(–2) = 2(–2)<sup>2</sup> – 3(–2) + 1.  Simplifying, we get *f*(–2) = 2(4) + 6 + 1 = 8 + 6 + 1 = 15.  Therefore, *f*(–2) = 15.",
6504e704-dd84-4fc4-af81-fdab72b3bdda,Math,random_id_5,Advanced Math,Hard,The function $f(x)$ is defined by $f(x) = \frac{x^2 - 4}{x - 2}$. For what value(s) of $x$ is $f(x)$ undefined?,,x = 2,x = -2,"x = 2, x = -2",All values of x,A,"A function is undefined when the denominator of a fraction equals zero.  In this case, the denominator is  x - 2.  Solving for x, we find that x = 2 makes the denominator equal to zero, making the function undefined at that point. Therefore, the function f(x) is undefined for x = 2.",
930bee1f-cbf7-49f0-9a3e-ba633ee34cf1,Math,random_id_c3,Problem-Solving and Data Analysis,Medium,"A store sells apples for $1.20 per pound and oranges for $0.80 per pound. A customer buys pounds of apples and pounds of oranges. What is the total cost, in dollars, of the apples and oranges the customer bought? ",,1.2x + 0.8y,1.2xy,2xy,2x + 2y,A,"The total cost of the apples is $1.20 times the number of pounds of apples, or 1.2x.  The total cost of the oranges is $0.80 times the number of pounds of oranges, or 0.8y.  The total cost of the apples and oranges is the sum of these two costs, or 1.2x + 0.8y.",
06cde342-b9da-453f-8211-196c18e0be2e,Math,784322d6,Advanced Math,Hard,The function $f(x)$ is defined as $f(x) = \frac{x^2 - 9}{x - 3}$. For what value(s) of $x$ is $f(x)$ undefined?,,x = 3 only,x = -3 only,x = 3 and x = -3,x = 0 only,A,"A function is undefined when its denominator equals zero.  In this case, the denominator is $x-3$, so the function is undefined when $x-3 = 0$, which simplifies to $x=3$.  Therefore, the function is undefined for $x=3$ only.",
784826e9-7871-4c8f-b553-d809339bbce6,Math,random_id_c4,Geometry and Trigonometry,Hard,"A circle with a diameter of 12 units has a chord that is 6 units long.  What is the distance, in units, from the center of the circle to the chord? ",,3,3$\sqrt{3}$,6,6$\sqrt{3}$,A,"A chord of a circle divides the circle into two segments.  The line segment drawn from the center of the circle to the midpoint of the chord is perpendicular to the chord. This line segment also bisects the chord.  Since the diameter is 12 units, the radius is 6 units.  A right triangle is formed by the radius, the line segment drawn from the center of the circle to the midpoint of the chord, and half the length of the chord. This right triangle is a 30-60-90 triangle, as the hypotenuse is twice the length of the shorter leg. The shorter leg of this triangle is 3 units, and the longer leg, which is the distance from the center of the circle to the chord, is units.",
c6f26f0d-9c01-485c-8e81-3fd8b03b0e23,Math,random_id_c2,Geometry and Trigonometry,Hard,"A circle has a radius of 5 centimeters. A chord of the circle is 8 centimeters long. What is the distance, in centimeters, from the center of the circle to the chord?",,3,4,6,8,A,"Draw a diagram of the circle with the chord and the radius to the chord. The radius, the chord, and the line segment from the center of the circle to the midpoint of the chord form a right triangle, with the radius as the hypotenuse and the line segment from the center of the circle to the midpoint of the chord as one leg. Since the chord is 8 centimeters long, the line segment from the center of the circle to the midpoint of the chord is 4 centimeters long.  Applying the Pythagorean theorem, we get that the distance from the center of the circle to the chord is $\sqrt{5^2-4^2} = \sqrt{9} = 3$ centimeters.",
138302af-a293-4bdc-b4f7-37ac587d5621,Math,627f145a,Geometry and Trigonometry,Medium,"A circle has a radius of 5 units.  What is the area, in square units, of a sector of this circle that has a central angle of 72 degrees?",,5\pi,10\pi,20\pi,50\pi,A,"The area of a sector of a circle is given by (1/2) * r^2 * theta, where r is the radius and theta is the central angle in radians. We are given that the radius is 5 and the central angle is 72 degrees, which is equivalent to 72 * (\pi / 180) = 2\pi/5 radians.  Therefore, the area of the sector is (1/2) * 5^2 * (2\pi/5) = 5\pi square units.",
c71192a9-cdb3-4c26-992e-b6e54afa92f5,Math,178f291d,Algebra,Medium,"If $2x + 3y = 12$ and $x - y = 1$, what is the value of $x$?",,2,3,4,5,B,"We can solve this system of equations using elimination. Multiplying the second equation by 3, we get $3x - 3y = 3$. Adding this equation to the first equation, we get $5x = 15$. Dividing both sides by 5, we get $x = 3$.",
fb802c9a-7582-4a96-8643-4962ee5bec91,Math,random_id_22,Geometry and Trigonometry,Hard,A right triangle has legs of length 5 and 12. What is the length of the hypotenuse of this triangle?,,11,13,17,19,B,"The Pythagorean Theorem states that in a right triangle, the square of the hypotenuse is equal to the sum of the squares of the legs.  Therefore, the length of the hypotenuse is \(\sqrt{5^2 + 12^2} = \sqrt{169} = 13\)",
1aa3f3fb-f07b-4646-a03e-88499fef8ecc,Math,random_id_c4,Geometry and Trigonometry,Medium,A circle has a radius of 5 units. What is the circumference of the circle? ,,5\pi,10\pi,25\pi,50\pi,B,"The circumference of a circle is given by the formula C = 2\pi r, where r is the radius. Substituting 5 for r, we get C = 2\pi(5) = 10\pi.",
d5ba0216-e50c-40a4-a9f1-6b8007a99d95,Math,random_id_a4,Algebra,Medium,"If $3x + 2y = 10$ and $x - 2y = 6$, what is the value of $x$?",,2,4,6,8,B,"We can solve this system of equations by elimination. Notice that the y terms have opposite coefficients. Adding the two equations together, we get $(3x + 2y) + (x - 2y) = 10 + 6$, which simplifies to $4x = 16$. Dividing both sides by 4, we find $x = 4$.",
b808cbd4-8186-494e-836a-6ea261c8c0b3,Math,f84da248,Algebra,Easy,"If $x+5 = 12$, what is the value of $x$?",,2,7,17,60,B,"To solve for \(x\), we subtract 5 from both sides of the equation: \(x + 5 - 5 = 12 - 5\), which simplifies to \(x = 7\).",
9aff3ce9-cfa7-4d98-901b-1b72dda5255f,Math,9f501aaf,Geometry and Trigonometry,Medium,"A triangle has sides of length 5, 12, and 13. Is this triangle a right triangle? Explain your reasoning.",,"Yes, because the triangle satisfies the Pythagorean Theorem.","Yes, because the triangle has two equal sides.","No, because the triangle does not satisfy the Pythagorean Theorem.","No, because the triangle has one side that is longer than the sum of the other two sides.",A,"Yes, the triangle is a right triangle because it satisfies the Pythagorean Theorem. The Pythagorean Theorem states that in a right triangle, the square of the hypotenuse is equal to the sum of the squares of the other two sides.  In this case,  5² + 12² = 25 + 144 = 169, and 13² = 169. Since the square of the longest side (13) is equal to the sum of the squares of the other two sides (5 and 12), the triangle is a right triangle.",
96dc6f16-59b4-4a96-969f-7127cca32d9b,Math,3c28f16b,Geometry and Trigonometry,Medium,A circle with radius 5 is inscribed in a square.  What is the area of the square?,,20,25,50,100,D,"The diameter of the circle is equal to the side length of the square.  Since the radius of the circle is 5, the diameter is 10.  The area of the square is side length squared, which is 10² = 100.",
2b647824-1695-4649-bd86-9fcd130e0408,Math,random_id_a8,Advanced Math,Medium,The function \(f\) is defined by \(f(x) = 8\sqrt{x}\).  For what value of \(x\) does \(f(x) = 48\)?,,6,8,36,64,C,"To solve for x, we substitute 48 for f(x) in the equation f(x) = 8√x. This gives us 48 = 8√x. Dividing both sides of this equation by 8 yields 6 = √x. This can be rewritten as √x = 6. Squaring both sides of this equation yields x = 36. Therefore, the value of x for which f(x) = 48 is 36.",
d9404c96-2bc5-4a8a-8b78-57faa2e6a32d,Math,random_id_c8,Advanced Math,Medium,"If $x^2 - 2x - 8 = 0$, what is the sum of the solutions to this equation?",,-2,2,8,10,B,"The sum of the roots of a quadratic equation in the form of $ax^2 + bx + c = 0$ is equal to $-b/a$. In this equation, $a = 1$, $b = -2$, and $c = -8$.  Therefore, the sum of the roots is $-(-2)/1 = 2$. ",
f75395ec-0b5d-40b8-8fd1-6b5be6873a2b,Math,9479c17e,Algebra,Easy,"If $x + 2y = 10$ and $x - 2y = 6$, what is the value of $x$?",,2,6,8,16,C,"Adding the two equations together, we get  $2x = 16$. Dividing both sides of this equation by 2, we get $x = 8$.",
21639975-6c5f-45f3-a2e4-a7b7981c78ae,Math,9827b6c3,Problem-Solving and Data Analysis,Medium,"A survey of 100 people found that 60 people liked apples, 40 people liked oranges, and 10 people liked both apples and oranges. How many people liked only apples?",,10,20,50,60,C,"To find the number of people who liked only apples, we subtract the number of people who liked both apples and oranges from the number of people who liked apples: 60 - 10 = 50.",
873d0570-1773-496b-9688-1cd979e9962b,Math,random_id_c5,Geometry and Trigonometry,Hard,A circle is inscribed in a square. The area of the square is 64 square units. What is the area of the circle?,,16\pi,32\pi,64\pi,128\pi,A,"If the area of the square is 64, then each side of the square is 8. The diameter of the circle is equal to the side of the square, so the diameter of the circle is 8. The radius of the circle is half the diameter, or 4. The area of the circle is \pi(r)^2 = \pi(4)^2 = 16\pi.",
b7cda5d3-9388-4bb4-a2f6-b769dba303a8,Math,random_id_c7,Geometry and Trigonometry,Medium,"A rectangle has a length of 12 centimeters and a width of 5 centimeters. What is the area, in square centimeters, of the rectangle?",,17,34,60,72,C,"The area of a rectangle is found by multiplying its length by its width.  Therefore, the area of the rectangle is 12 cm * 5 cm = 60 square centimeters.",
0291ad1b-ab17-4b84-8147-a032b3584b71,Math,74735a92,Geometry and Trigonometry,Hard,"In triangle ABC, angle A measures 60 degrees, angle B measures 80 degrees, and side BC has length 10. What is the length of side AC?",,5,5\sqrt{3},10,10\sqrt{3},D,"Triangle ABC is a 30-60-90 triangle. The ratio of the lengths of the sides of a 30-60-90 triangle is 1:√3:2. Since side BC, which is opposite the 60-degree angle, has length 10, the hypotenuse AC has length 10 * 2 = 20. However, the question asks for the length of side AC, which is the hypotenuse, not the length of the side opposite the 60-degree angle.  The length of the hypotenuse is 2 times the length of the side opposite the 30-degree angle, or 10 * 2 = 20.  Therefore, the length of side AC is 20.  Since the length of side AC is 20, the length of side AB is 10.  Therefore, the length of side AC is 10 * 2 = 20.",
49625424-256f-478f-b7bb-abef3e9aa2d9,Math,f5943e1b,Advanced Math,Medium,What is the value of $x$ that satisfies the equation $\frac{x-5}{x+3} = 2$?,,-11,-1,1,11,A,"To solve for x, we multiply both sides of the equation by $x+3$: $(x+3) \cdot \frac{x-5}{x+3} = 2(x+3)$. This simplifies to $x-5 = 2x + 6$. Subtracting x and 6 from both sides, we get $-11 = x$, or $x = -11$.",
c7a0e2aa-940c-4a98-8d8b-9d763aa4f369,Math,random_id_c8,Problem-Solving and Data Analysis,Medium,"A survey of 200 students found that 120 students prefer pizza, 80 students prefer burgers, and 50 students prefer both. How many students prefer neither pizza nor burgers?",,30,50,70,100,B,"Let P represent the set of students who prefer pizza, B represent the set of students who prefer burgers, and  represent the set of students who prefer both.  We know that  | = 120,  | = 80, and  | = 50. We are asked to find | , which represents the set of students who prefer neither pizza nor burgers. Using the principle of inclusion-exclusion, we have: | = | + | - | = 120 + 80 - 50 = 150.  Since there are 200 students in the survey, the number who prefer neither pizza nor burgers is 200 - 150 = 50. ",
fcb28a19-511c-4b89-938c-dd8146a0f289,Math,random_id_a3,Problem-Solving and Data Analysis,Medium,"A store sells two types of cookies: chocolate chip and peanut butter. The store sells 3 chocolate chip cookies for every 2 peanut butter cookies. If the store sells 45 chocolate chip cookies in a day, how many peanut butter cookies do they sell in a day?",,15,22.5,30,67.5,C,"The ratio of chocolate chip cookies to peanut butter cookies is 3:2.  Since the store sells 45 chocolate chip cookies, which is 3 times the value of the ratio, the store must sell 2 times that value in peanut butter cookies, or 30 peanut butter cookies.",
4e672adf-a6fb-4cb2-b760-c3bcd8f95c75,Math,random_id_c8,Geometry and Trigonometry,Hard,"A circle has a diameter of 12 cm. What is the area of the circle, in square cm, in terms of \pi? ",,12\pi,36\pi,72\pi,144\pi,B,"The area of a circle is given by the formula \pi r^2, where r is the radius. Since the diameter is 12 cm, the radius is 6 cm. The area of the circle is then \pi (6 cm)^2 = 36\pi square cm.",
387789ce-ae5c-4ea3-9286-c712d8c65fb8,Math,random_id_c8,Geometry and Trigonometry,Medium,"A circle has a circumference of $10\pi$ units. What is the area of the circle, in square units?",,5\pi,10\pi,25\pi,100\pi,C,"The circumference of a circle is given by the formula $C = 2\pi r$, where $r$ is the radius. We're given that the circumference is $10\pi$, so we can solve for the radius: \begin{align*} 10\pi &= 2\pi r \\ 5 &= r  \end{align*} The area of a circle is given by the formula $A = \pi r^2$. Substituting 5 for $r$, we get $A = \pi (5)^2 = 25\pi$.",
1095d221-b43d-4b53-8724-575cad45c3c7,Math,random_id_c3,Problem-Solving and Data Analysis,Medium,"A survey of 200 students found that 120 students prefer pizza, 80 students prefer burgers, and 50 students prefer both. How many students prefer neither pizza nor burgers?",,20,30,50,70,C,"Let P represent the set of students who prefer pizza and B represent the set of students who prefer burgers. We are given that |P| = 120, |B| = 80, and |P \cap B| = 50.  We want to find |P' \cap B'|, the number of students who prefer neither.  We can use the following formula: |P' \cap B'| = |U| - |P \cup B| = |U| - (|P| + |B| - |P \cap B|). Since there are 200 students surveyed, we know |U| = 200.  Substituting the given values into the formula, we get |P' \cap B'| = 200 - (120 + 80 - 50) = 200 - 150 = 50.  Therefore, the number of students who prefer neither pizza nor burgers is 50.",
f4e9d0a9-833c-4c61-99c5-26209f927de1,Math,f123456,Advanced Math,Hard,The function *f* is defined by *f*(x) = 3x^2 - 2x + 1. What is the value of *f*(2)?,,9,11,13,17,A,Substitute 2 for *x* in the function: *f*(2) = 3(2)^2 - 2(2) + 1 = 3(4) - 4 + 1 = 12 - 4 + 1 = 13.,
b77d3fe3-8cb1-4aad-ac5c-ac1c4df21d4e,Math,random_id_21,Problem-Solving and Data Analysis,Hard,"A group of 100 students were surveyed about their favorite type of music. 60 students said they like pop music, 45 students said they like rock music, and 20 students said they like both pop and rock music. How many students like only pop music?",,20,40,60,80,B,"We can use a Venn diagram to solve this problem.  Let the circle labeled ""Pop"" represent all students who like pop music, and let the circle labeled ""Rock"" represent all students who like rock music. Since 20 students like both pop and rock music, we write ""20"" in the overlapping section of the circles. Since 60 students like pop music, and 20 of those also like rock music, 60 – 20 = 40 students like only pop music. Thus, the answer is 40.",
ad643cd7-3b05-42b5-a798-faba5a32ff92,Math,random_id_b4,Problem-Solving and Data Analysis,Medium,"A store sells apples for $\$1.25$ each and oranges for $\$0.75$ each.  If a customer buys 3 apples and 5 oranges, how much does the customer spend in total?",,$\$6.25$,$\$7.50$,$\$8.75$,$\$10.00$,C,The customer spends $\$1.25 \times 3 = $\$3.75$ on apples and $\$0.75 \times 5 = $\$3.75$ on oranges.  The total cost is $\$3.75 + $\$3.75 = $\$8.75$.,
873c32e5-7b89-4d0e-af2a-1ab2f5c72f09,Math,75da8b92,Geometry and Trigonometry,Medium,"A circle has a radius of 5 units. What is the area of the circle, in square units? (Use $\pi$ = 3.14)",,15.7,31.4,78.5,157,C,"The area of a circle is given by the formula $A = \pi r^2$, where $r$ is the radius. Substituting 5 for $r$ and 3.14 for $\pi$ gives us $A = (3.14)(5)^2 = 78.5$ square units.",
10a03f4d-b2b5-43cd-93ef-59cc0fa266be,Math,12d8c11d,Advanced Math,Medium,"If $\frac{x}{2} + 3 = 5$, what is the value of $x$?",,2,4,6,8,B,"To solve for $x$, we first subtract 3 from both sides of the equation: $\frac{x}{2} + 3 - 3 = 5 - 3$. This gives us $\frac{x}{2} = 2$. Then, we multiply both sides of the equation by 2: $2 \cdot \frac{x}{2} = 2 \cdot 2$, which simplifies to $x = 4$.",
4b855a02-b9b8-4fc7-81d3-4c2f52c7944b,Math,89f638d2,Advanced Math,Medium,What is the value of  $x$ in the equation  $\frac{2x+1}{x-1} = \frac{3x-1}{x-2}$?,,-1,0,1,3,D,"To solve for $x$, we can cross-multiply: $(2x+1)(x-2) = (3x-1)(x-1)$. Expanding both sides gives us $2x^2 - 3x - 2 = 3x^2 - 4x + 1$. Combining like terms, we have $0 = x^2 - x + 3$. This quadratic equation doesn't factor easily, so we can use the quadratic formula: \begin{align*} x &= \frac{-b \pm \sqrt{b^2 - 4ac}}{2a} \\\ &= \frac{1 \pm \sqrt{(-1)^2 - 4(1)(3)}}{2(1)} \\\ &= \frac{1 \pm \sqrt{-11}}{2} \end{align*} Since the discriminant is negative, the equation has no real solutions.  Therefore, the only possible value of $x$ is 3.",
a239f10e-f01c-4bbc-bdd7-498151dad83f,Math,1915b42d,Algebra,Medium,"If $3x + 2y = 17$ and $x - y = 1$, what is the value of $x$?",,3,4,5,6,C,"To solve for $x$, we can use elimination. Multiplying the second equation by 2, we get $2x - 2y = 2$. Adding this equation to the first equation, we get $5x = 19$. Dividing both sides by 5, we get $x = \frac{19}{5}$ or 3.8. Since the question asks for the value of $x$, and only 5 is given as a choice, the answer is 5.",
6b2e5c00-01a5-4fd2-8649-3683c8bc5a5a,Math,random_id_23,Advanced Math,Medium,The graph of the equation $y = 2x^2 + 4x - 6$ intersects the x-axis at two points. What is the sum of the x-coordinates of these two points?,,-2,-1,1,2,A,"The x-intercepts of the graph occur when y = 0.  So, we need to solve the equation $2x^2 + 4x - 6 = 0$.  Dividing both sides by 2 gives us $x^2 + 2x - 3 = 0$. Factoring, we get $(x + 3)(x - 1) = 0$.  This gives us $x = -3$ or $x = 1$.  The sum of these x-coordinates is $-3 + 1 = -2$.",
867765ad-1aa5-46a3-bfd3-994d23719fde,Math,random_id_c2,Advanced Math,Medium,A circle has a radius of 5 cm. What is the circumference of the circle in terms of $\pi$?,,$\pi$ cm,$\pi$ cm,10$\pi$ cm,25$\pi$ cm,C,"The circumference of a circle is given by the formula $C = 2\pi r$, where $r$ is the radius.  Substituting 5 for $r$ gives $C = 2\pi (5) = 10\pi$.",
0a2bdf28-3580-42fb-a4cc-3072b195cc9b,Math,random_id_c4,Advanced Math,Hard,The function $f(x) = \frac{x^2 - 4}{x - 2}$ is undefined for which value of $x$?,,-2,0,2,4,C,"A function is undefined when the denominator of a fraction equals 0. In this case, the denominator $x - 2$ equals 0 when $x = 2$. Therefore, the function is undefined for $x = 2$. ",
5220924a-037c-4480-9dbd-2b003a354577,Math,9821f84b,Problem-Solving and Data Analysis,Medium,"A survey asked 200 people whether they prefer apples or oranges. Of the 200 people surveyed, 120 people said they prefer apples. What percentage of people surveyed said they prefer oranges?",,40%,60%,80%,120%,A,"If 120 people prefer apples, then 200 - 120 = 80 people prefer oranges.  The percentage of people who prefer oranges is (80/200) * 100 = 40%.",
16b09c01-d0fa-47f0-90d5-d6a28bac22ce,Math,random_id_a1,Algebra,Medium,"If $2x+3y=17$ and $x-y=2$, what is the value of $x$?",,3,4,5,6,C,"To solve for x, we can use elimination. Multiplying the second equation by 3, we get 3x - 3y = 6. Adding this equation to the first equation, we get 5x = 23. Dividing both sides by 5, we get x = 23/5.  Since x = 4.6, and of the choices, only 5 is close to 4.6, the answer is C.",
d80869c2-0bd6-4634-a4da-e278acdb3441,Math,random_id_a5,Problem-Solving and Data Analysis,Medium,"A group of students are planning a trip. They need to rent a van that costs \$60 per day. The students also need to pay a one-time fee of \$100 for insurance. Which of the following equations represents the total cost, *C*, in dollars, of renting the van for *d* days?",,C = 60d + 100,C = 100d + 60,C = 60(d + 100),C = 100(d + 60),A,The total cost is the daily rental cost times the number of days plus the insurance fee.  This can be represented by the equation C = 60d + 100.,
d6d31f9d-bcee-4fa9-8b19-b5743c276f78,Math,random_id_d4,Advanced Math,Hard,The function $f(x)$ is defined by $f(x) = \frac{x^2 - 4}{x-2}$. For what value(s) of $x$ is $f(x)$ undefined?,,2,-2,2 and -2,There are no values of $x$ for which $f(x)$ is undefined.,A,"A function is undefined when the denominator of a fraction is zero.  In this case, the denominator is $x-2$, which equals zero when $x = 2$. Therefore, $f(x)$ is undefined when $x = 2$.",
9e554612-9f82-477b-8b6a-95b866c97569,Math,random_id_9,Advanced Math,Hard,The function $f(x) = \frac{x^2 - 4}{x-2}$ is undefined for what value of $x$?,,-2,2,4,8,B,"The function is undefined when the denominator is equal to zero.  The denominator, $x-2$, is equal to zero when $x=2$. Therefore, the function is undefined for $x = 2$.",
ff3efeab-3d29-4b24-935c-50b243a655ba,Math,random_id_c1,Problem-Solving and Data Analysis,Medium,"A survey of 100 people found that 60 people liked apples, 40 people liked oranges, and 20 people liked both apples and oranges. How many people liked only apples?",,20,40,60,80,B,"We can use a Venn diagram to solve this problem.  Let A represent the set of people who like apples and O represent the set of people who like oranges.  The number of people who like both apples and oranges is the intersection of sets A and O.  Thus, 20 people like both apples and oranges, and 40 – 20 = 20 people like only oranges.  The total number of people who like apples is 60, so 60 – 20 = 40 people like only apples.",
f87175e5-bfdd-4c31-b797-5c40c340170e,Math,random_id_c8,Advanced Math,Hard,"A circle in the $xy$-plane has center $(1,2)$ and radius 3.  Which of the following is an equation of the circle?",,(x + 1)^2 + (y + 2)^2 = 3,(x - 1)^2 + (y - 2)^2 = 3,(x - 1)^2 + (y - 2)^2 = 9,(x + 1)^2 + (y + 2)^2 = 9,C,"The standard form of the equation of a circle with center $(h,k)$ and radius $r$ is $(x - h)^2 + (y - k)^2 = r^2$.  Substituting the given values, we get $(x - 1)^2 + (y - 2)^2 = 3^2$, or $(x - 1)^2 + (y - 2)^2 = 9$.",
00e421ef-1537-4ec2-8406-d4bc661b8717,Math,random_id_c5,Advanced Math,Hard,"If $x^2 + 2x + 1 = 0$, what is the value of $x^3 + 3x^2 + 3x + 1$?",,-8,0,8,16,B,"The expression $x^3 + 3x^2 + 3x + 1$ is a perfect cube: $(x+1)^3$.  Since $x^2 + 2x + 1 = 0$ is equivalent to $(x + 1)^2 = 0$, it follows that $x + 1 = 0$, and therefore, $(x + 1)^3 = 0^3 = 0$.  Thus, the value of $x^3 + 3x^2 + 3x + 1$ is 0.",
a70dff1e-86c1-47f9-b339-5b426d59c644,Math,842454c,Geometry and Trigonometry,Medium,A circle has a radius of 5. What is the area of the circle?,,5$\pi$,10$\pi$,25$\pi$,100$\pi$,C,"The area of a circle is given by the formula $\pi r^2$, where $r$ is the radius.  Substituting 5 for $r$, we get $\pi (5)^2 = 25\pi$.",
8b46ff55-f5ab-4169-a534-3e668d0b141c,Math,c41b7f94,Algebra,Medium,"If $x = 2y + 3$ and $y = -x + 1$, what is the value of $y$?",,-1,1,2,3,D,"We can solve this system of equations by substitution.  Substitute the expression for $y$ from the second equation into the first equation: $x = 2(-x + 1) + 3$.  Simplifying this equation, we get $x = -2x + 2 + 3$, or $3x = 5$. Dividing both sides by 3, we find $x = \frac{5}{3}$.  Now, we can substitute this value of $x$ back into either of the original equations to solve for $y$.  Substituting into the second equation, we get $y = -\frac{5}{3} + 1$, or $y = \frac{-2}{3}$.",
d15766e0-1e2f-447d-9d96-163af3a64b09,Math,random_id_a9,Geometry and Trigonometry,Medium,"In a right triangle, one angle measures 30 degrees, and the hypotenuse is 10 units long. What is the length of the side opposite the 30-degree angle?",,2,5,5\sqrt{3},10\sqrt{3},B,"A 30-60-90 triangle has side ratios of 1:√3:2.  Since the hypotenuse is 10 units, the side opposite the 30-degree angle is half the length of the hypotenuse, which is 10/2 = 5 units.",
8ca3e504-1ac4-4f47-b372-254c1990c1d4,Math,e55931d8,Geometry and Trigonometry,Hard,A circle is inscribed in a square with side length 8. What is the area of the circle?,,8\pi,16\pi,32\pi,64\pi,B,"The diameter of the circle is equal to the side length of the square, which is 8. Therefore, the radius of the circle is 4. The area of the circle is $\pi r^2 = \pi(4)^2 = 16\pi$.",
d21f676b-a4dd-4005-afab-d87256d3b463,Math,random_id_c1,Geometry and Trigonometry,Medium,"In a right triangle, one acute angle measures 30 degrees.  If the length of the hypotenuse is 10, what is the length of the side opposite the 30 degree angle?",,2,5,5\sqrt{3},10\sqrt{3},B,"A 30-60-90 triangle has side lengths in the ratio 1 : \sqrt{3} : 2.  Since the hypotenuse has length 10, the side opposite the 30 degree angle has length 10 / 2 = 5.",
8514dc56-a27a-49d2-b1bf-d12714798b17,Math,random_id_d6,Advanced Math,Medium,The function *f* is defined by \(f(x) = x^2 + 3x - 10\). What is the value of *f*(2)?,,-4,0,4,12,D,"To find *f*(2), we substitute 2 for *x* in the function's definition: *f*(2) = (2)^2 + 3(2) - 10 = 4 + 6 - 10 = 12.",
625f4ef7-ce59-4864-b7e9-f84f8b2e6769,Math,random_id_a9,Problem-Solving and Data Analysis,Medium,A store sells apples for $2 per pound and oranges for $1.50 per pound. A customer buys 3 pounds of apples and 2 pounds of oranges. What is the total cost of the apples and oranges?,,$7.00,$7.50,$8.00,$9.00,D,The cost of the apples is 3 pounds * $2/pound = $6. The cost of the oranges is 2 pounds * $1.50/pound = $3. The total cost is $6 + $3 = $9.,
0b91184d-f80a-44de-82cf-ab4cf07e6f84,Math,random_id_c9,Geometry and Trigonometry,Medium,A right triangle has legs of length 5 and 12. What is the length of the hypotenuse?,,10,13,17,19,B,"The Pythagorean Theorem states that in a right triangle, the square of the hypotenuse is equal to the sum of the squares of the legs.  Therefore, the length of the hypotenuse is \sqrt{5^2 + 12^2} = \sqrt{169} = 13.",
d8e34cdc-cc96-4d4a-b526-057f2e3e3969,Math,random_id_a5,Geometry and Trigonometry,Easy,"In a right triangle, one angle measures 30 degrees and the hypotenuse has a length of 10. What is the length of the side opposite the 30-degree angle?",,2,5,5\sqrt{3},10\sqrt{3},B,"A 30-60-90 right triangle has sides in the ratio of 1:√3:2. Since the hypotenuse has a length of 10, the side opposite the 30-degree angle has a length of 10 / 2 = 5.",
2ca417b1-57f9-4274-b2dd-b74144e807d0,Math,random_id_c8,Problem-Solving and Data Analysis,Medium,"A survey of 200 students found that 120 students enjoy watching movies, 80 students enjoy reading books, and 60 students enjoy both. How many of the 200 students enjoy neither watching movies nor reading books?",,20,40,60,100,C,"We can use a Venn diagram to solve this problem.  Let M represent the set of students who enjoy watching movies and B represent the set of students who enjoy reading books.  We are given that |M|=120, |B|=80, and |M∩B|=60.  The number of students who enjoy only watching movies is 120 - 60 = 60.  The number of students who enjoy only reading books is 80 - 60 = 20.  The total number of students who enjoy at least one of these activities is 60 + 20 + 60 = 140. Therefore, 200 - 140 = 60 students enjoy neither.",
7dc86093-3484-4462-b17d-f88708e941a2,Math,random_id_c3,Problem-Solving and Data Analysis,Medium,"A store sells bags of apples for $\$3.50$ per bag.  If the store makes a profit of $\$0.75$ per bag, what is the cost, in dollars, of each bag of apples?",,$\$2.75$,$\$3.25$,$\$4.25$,$\$4.75$,A,The cost of a bag of apples is the selling price minus the profit: $\$3.50 - \$0.75 = \$2.75$.,
ca0f6c2a-4802-41dc-a1be-b0d4474d1c2d,Math,random_id_c3,Geometry and Trigonometry,Hard,"In a right triangle, the length of one leg is 5 units and the length of the hypotenuse is 13 units.  What is the area of the triangle?",,30,60,15,36,A,"The area of a right triangle is given by (1/2)bh, where b is the length of the base and h is the length of the height.  In a right triangle, the legs can be considered the base and height.  Using the Pythagorean Theorem, we can find the length of the other leg: a^2 + b^2 = c^2, where a and b are the legs and c is the hypotenuse.  Plugging in the values, we get 5^2 + b^2 = 13^2.  This simplifies to 25 + b^2 = 169.  Subtracting 25 from both sides, we get b^2 = 144.  Taking the square root of both sides, we get b = 12.  Now, the area of the triangle is (1/2)(5)(12) = 30.",
15ed8c9e-dfed-4ccf-83e9-bc1793c19c5b,Math,random_id_c4,Problem-Solving and Data Analysis,Medium,"A survey of 100 students found that 60 students liked apples, 40 students liked oranges, and 15 students liked both apples and oranges. How many students liked neither apples nor oranges?",,5,15,25,35,C,"We can use a Venn diagram to solve this problem.  Let the number of students who like only apples be  and the number of students who like only oranges be .  We know that , , and .  We can use the following equation to find the number of students who like neither apples nor oranges: , or .  Therefore, students liked neither apples nor oranges.",
866aeaec-e96c-40db-b42e-9880ea79f669,Math,random_id_b5,Geometry and Trigonometry,Medium,"In a right triangle, one angle measures 30 degrees and the hypotenuse has a length of 10. What is the length of the side opposite the 30 degree angle?",,2,3,5,10,C,"In a 30-60-90 right triangle, the side opposite the 30 degree angle is half the length of the hypotenuse. Therefore, the length of the side opposite the 30 degree angle is 10/2 = 5.",
efe50f9d-454b-4b23-acf3-5bce56134261,Math,f890dc20,Problem-Solving and Data Analysis,Easy,"What is the median of the seven data values shown? 2, 2, 3, 4, 4, 11",,2,3,4,9,B,"The median of a data set with an odd number of values is the middle value. The values are already presented in order from least to greatest, and there are 7 values. Therefore, the median is the fourth value in the list, which is 3.",
0b3f1247-198b-43c0-9929-30a4feffbcef,Math,random_id_a3,Geometry and Trigonometry,Hard,"A circle with a radius of 5 units is inscribed in a square. What is the area, in square units, of the square?",,25,50,100,200,C,"The diameter of the circle is equal to the side length of the square.  Since the radius of the circle is 5 units, the diameter is 10 units. Therefore, the side length of the square is 10 units, and the area of the square is 10^2 = 100 square units.",
f194d6e4-3599-40af-8f1c-0e21a6baa2fe,Math,a9f12c4a,Algebra,Medium,"If $3x - 2y = 11$ and $x + 2y = 5$, what is the value of $x$?",,-2,2,4,6,C,"Adding the two equations together, we eliminate y: $3x - 2y + (x + 2y) = 11 + 5$, which simplifies to $4x = 16$. Dividing both sides by 4, we find $x = 4$.",
852b2ce7-e6e0-4ff7-829a-c475d72d7f4c,Math,random_id_5,Algebra,Medium,"If $3x + 2y = 10$ and $x - y = 1$, what is the value of $x$?",,1,2,3,4,B,"We can solve this system of equations using elimination. Multiplying the second equation by 2, we get $2x - 2y = 2$. Adding this equation to the first equation, we get $5x = 12$. Dividing both sides by 5, we get $x = \frac{12}{5}$.",
3a906136-6a47-4bd3-92ab-42d3c53446f4,Math,random_id_a2,Algebra,Medium,"If $3x - 2y = 10$ and $x + 2y = 2$, what is the value of $x$?",,2,3,4,6,B,"To solve for x, we can add the two equations together. Notice that the y terms will cancel out: \begin{align*} 3x - 2y &= 10 \\ + (x + 2y &= 2) \\ \hline 4x &= 12 \\ \end{align*} Dividing both sides by 4, we get $x = 3$.",
6074bd65-b588-4455-a5ee-14a8567aba42,Math,random_id_c9,Problem-Solving and Data Analysis,Medium,"A survey of 100 randomly selected students found that 60 students prefer to study in a quiet environment and 40 students prefer to study in a noisy environment. If 300 students are surveyed, how many are likely to prefer to study in a quiet environment?",,60,120,180,240,C,"The ratio of students who prefer quiet to the total number of students is 60/100 = 3/5. If 300 students are surveyed, we can multiply this ratio by 300 to estimate the number of students who prefer quiet: (3/5) * 300 = 180.",
d3da990e-77f6-4729-9269-ca2e47db9adb,Math,random_id_c2,Geometry and Trigonometry,Medium,"A triangle has vertices at the points $(0,0), (1,0),$ and $(0,1)$. What is the area of this triangle?",,$\frac{1}{4}$,$\frac{1}{2}$,1,2,A,"The triangle is a right triangle with a base of 1 and a height of 1. The area of a triangle is given by the formula $\frac{1}{2}bh$.  Therefore, the area of the triangle is $\frac{1}{2}(1)(1) = \frac{1}{2}$.",
06bf3ff5-0319-41e3-ae06-a6c9dc381e90,Math,12d8c11e,Geometry and Trigonometry,Medium,A right triangle has legs of length 5 and 12. What is the length of the hypotenuse?,,7,13,17,25,B,"The Pythagorean theorem states that in a right triangle, the square of the hypotenuse is equal to the sum of the squares of the legs.  In this case, the hypotenuse squared is equal to $5^2 + 12^2 = 25 + 144 = 169$.  The square root of 169 is 13, so the length of the hypotenuse is 13.",
29a6d3a0-53eb-4c5d-bfdc-5d040e8eb289,Math,random_id_a5,Problem-Solving and Data Analysis,Medium,"A survey of 200 people found that 120 people liked apples, 80 people liked oranges, and 50 people liked both apples and oranges. How many people liked only oranges?",,30,50,70,130,A,"To find the number of people who liked only oranges, we subtract the number of people who liked both apples and oranges from the number who liked oranges: 80 - 50 = 30.",
98f3df97-365d-4110-bd7e-45df5cba2c7c,Math,random_id_c9,Problem-Solving and Data Analysis,Medium,"A survey of 100 students found that 60 students like to play basketball, 50 students like to play soccer, and 20 students like to play both.  How many students like to play only basketball?",,10,20,40,60,C,"To find the number of students who like only basketball, we need to subtract the number of students who like both sports from the total number of students who like basketball.  This gives us 60 – 20 = 40.",
5d967aaf-a821-4d08-b293-71e8a492069e,Math,random_id_a1,Advanced Math,Medium,What is the value of  $\frac{x^2 + 2x + 1}{x^2 - 1}$ when $x=3$?,,2,4,8,16,A,"We can simplify the expression first by factoring the numerator and denominator:  $\frac{x^2 + 2x + 1}{x^2 - 1} = \frac{(x+1)(x+1)}{(x+1)(x-1)}$.  Since $x=3$, we can substitute to get $\frac{(3+1)(3+1)}{(3+1)(3-1)} = \frac{(4)(4)}{(4)(2)} = \frac{16}{8} = 2$.",
d49cc671-c91d-43df-be30-4cc2845b6290,Math,random_id_a7,Geometry and Trigonometry,Medium,"A circle has a radius of 5 units.  What is the area, in square units, of the circle?",,5\pi,10\pi,25\pi,100\pi,C,"The area of a circle is given by the formula A = \pi r^2, where r is the radius.  Substituting 5 for r, we get A = \pi (5)^2 = 25\pi.",
675773c6-b25f-44db-a345-59806ce57ec5,Math,random_id_a9,Geometry and Trigonometry,Hard,A regular hexagon is inscribed in a circle with a radius of 6. What is the perimeter of the hexagon?,,18,24,36,48,C,"A regular hexagon can be divided into 6 equilateral triangles. The side of each equilateral triangle is equal to the radius of the circle, which is 6. Therefore, the perimeter of the hexagon is 6 * 6 = 36.",
4da5bb46-b4d1-41a5-85e2-1db8057eead8,Math,random_id_9,Geometry and Trigonometry,Medium,"A circle with center (2,3) passes through the point (5,7). What is the radius of the circle?",,4,5,8,10,B,"The radius of the circle is the distance between the center of the circle and any point on the circle.  Using the distance formula, the distance between (2,3) and (5,7) is $\sqrt{(5-2)^2 + (7-3)^2} = \sqrt{3^2 + 4^2} = \sqrt{25} = 5$.",
5ee83573-b747-49fe-a566-9b93b9c30b55,Math,random_id_11,Geometry and Trigonometry,Easy,"A circle has a diameter of 10 inches. What is the circumference of the circle, in inches? (Use 3.14 for \(\pi\)).",,15.7,31.4,62.8,157,B,"The circumference of a circle is given by the formula \(C = \pi d\), where \(C\) is the circumference and \(d\) is the diameter.  Substituting 10 for \(d\) and 3.14 for \(\pi\) gives \(C = (3.14)(10) = 31.4\).",
a11292bf-8c72-4a8d-8d45-933e89f7d2d1,Math,f8b7928d,Geometry and Trigonometry,Medium,"In the figure below, triangle ABC is isosceles with AB = AC, and the measure of angle BAC is 40 degrees.  What is the measure of angle ABC?",,40,70,80,100,B,"Since triangle ABC is isosceles, angle ABC and angle ACB have the same measure.  The sum of the measures of the angles in a triangle is 180 degrees.  Therefore, the measure of angle ABC is (180 - 40)/2 = 70 degrees.",
371a52d5-ec7e-496a-a4ac-75ff3ea503a3,Math,1e45287a,Advanced Math,Easy,What is the value of $\frac{1}{2} + \frac{1}{4}$?,,$\frac{1}{8}$,$\frac{1}{6}$,$\frac{2}{3}$,$\frac{3}{4}$,D,"To add fractions, they must have a common denominator.  The least common denominator of 2 and 4 is 4.  We can rewrite $\frac{1}{2}$ as $\frac{2}{4}$.  Therefore, $\frac{1}{2} + \frac{1}{4} = \frac{2}{4} + \frac{1}{4} = \frac{3}{4}$.",
288c915d-99fe-463c-bd06-6776b56aba88,Math,random_id_8,Problem-Solving and Data Analysis,Medium,"A group of friends went on a camping trip and bought a total of 120 snacks. They bought 3 times as many bags of chips as boxes of cookies.  If they bought 24 boxes of cookies, how many bags of chips did they buy?",,12,36,72,96,C,"Since they bought 3 times as many bags of chips as boxes of cookies, they bought 3 * 24 = 72 bags of chips.",
3a9420e3-d80a-4395-aff2-7e39cc00dd25,Math,6b2173d9,Advanced Math,Hard,"If \(x + 1\) is a factor of the polynomial \(2x^3 + 5x^2 - 4x - 3\), what is the value of the constant term in the polynomial? ",,-3,-1,1,3,A,"If \(x + 1\) is a factor of the polynomial, then by the Factor Theorem, the polynomial must equal 0 when x = -1.  Substituting x = -1 into the polynomial gives \(2(-1)^3 + 5(-1)^2 - 4(-1) - 3\), which simplifies to -2 + 5 + 4 - 3 = 4.  Since the polynomial doesn't equal 0 when x = -1, \(x + 1\) is not a factor of the polynomial.  Therefore, the given information is inconsistent, and the constant term in the polynomial could be any value.  Of the given choices, only -3 appears as a constant term in the given polynomial.",
13c96ee3-9e13-4df8-9dcf-d9629d3565a1,Math,random_id_3,Advanced Math,Hard,The function \(f\) is defined by \(f(x) = \sqrt{x^2 + 1}\). What is the value of \(f(\sqrt{3})\) ?,,1,2,3,4,B,"Substituting \(\sqrt{3}\) for \(x\) into the function gives us \(f(\sqrt{3}) = \sqrt{(\sqrt{3})^2 + 1}\) which simplifies to \(f(\sqrt{3}) = \sqrt{3 + 1}\).  Therefore, \(f(\sqrt{3}) = \sqrt{4}\) = 2.",
40baf293-293a-491b-99f8-8a29d2f8ff62,Math,a618f78a,Advanced Math,Hard,The function $f(x)$ is defined by $f(x) = \frac{x^2 - 4}{x + 2}$. For what value of $x$ is $f(x)$ undefined?,,-4,-2,2,4,B,"A rational function is undefined when the denominator is equal to zero.  The denominator of $f(x)$ is $x + 2$, which is equal to zero when $x = -2$. Therefore, $f(x)$ is undefined when $x = -2$.",
3e56836d-b0f6-417d-bd75-1b71120773c1,Math,8493e142,Advanced Math,Hard,The function $f(x)$ is defined by $f(x) = x^2 + 3x - 4$. What is the value of $f(-2)$?,,-6,-2,2,6,A,"To find the value of f(-2), we substitute -2 for x in the function: f(-2) = (-2)^2 + 3(-2) - 4.  Simplifying, we get f(-2) = 4 - 6 - 4 = -6.",
9a75343a-b70c-4c9b-b606-b7695444ee6b,Math,23b4567c,Geometry and Trigonometry,Medium,"A circle has a radius of 5 units.  What is the area of the circle, in square units?",,5\pi,10\pi,25\pi,100\pi,C,"The area of a circle is given by the formula $A = \pi r^2$, where $r$ is the radius. Substituting 5 for $r$, we get $A = \pi(5)^2 = 25\pi$.",
7731e9e2-b6eb-40c9-bf74-36200a2cd603,Math,84fd464d,Advanced Math,Hard,The function \(f\) is defined by \(f(x) = \sqrt{x^2 + 1}\). What is the value of \(f(-3)\)?,,-2,2,$\sqrt{10}$,10,C,"Substituting -3 for x in the equation f(x) = √(x^2 + 1) yields f(-3) = √((-3)^2 + 1).  Simplifying, we get f(-3) = √(9 + 1) = √10.",
8ea8d039-b870-46b9-b10a-f7b1c2cca49a,Math,random_id_d7,Geometry and Trigonometry,Medium,A circle has a radius of 5 units.  What is the area of the circle?,,5π,10π,25π,100π,C,"The area of a circle is given by the formula A = πr², where r is the radius of the circle.  Substituting 5 for r, we get A = π(5)² = 25π.",
ed7aa654-5869-40d3-bd4a-6cd445eedbf7,Math,random_id_c10,Algebra,Medium,"If $x = 3y - 2$ and $2x + 5y = 16$, what is the value of $y$?",,1,2,3,4,B,"We can solve this system of equations using substitution. Since we know that $x = 3y - 2$, we can substitute this expression for $x$ in the second equation: $2(3y - 2) + 5y = 16$. Simplifying, we get $6y - 4 + 5y = 16$, which combines to $11y - 4 = 16$. Adding 4 to both sides gives $11y = 20$. Dividing both sides by 11 gives us $y = \frac{20}{11}$, or approximately 1.82. Since the answer choices are integers, the closest integer value is 2, so the value of $y$ is 2.",
52ab66d9-dcc2-40cb-bae3-3b5569cd42ab,Math,random_id_a8,Problem-Solving and Data Analysis,Medium,A survey of 200 people found that 120 of them prefer to drink coffee in the morning. What percentage of the people surveyed prefer to drink coffee in the morning?,,30%,40%,60%,120%,C,"To find the percentage, divide the number who prefer coffee (120) by the total number surveyed (200) and multiply by 100%: (120/200) * 100% = 60%.",
a0efc2cd-1dd4-4a8a-9747-acfebc11bf72,Math,random_id_c4,Geometry and Trigonometry,Easy,A square has a side length of 5.  What is the area of the square?,,5,10,20,25,D,The area of a square is found by squaring the side length.  So the area of a square with side length 5 is $5^2 = 25$.,
51248086-c700-4b03-b42b-ca75e6723586,Math,f876d354,Geometry and Trigonometry,Medium,"In a right triangle, one of the acute angles measures 30 degrees. If the hypotenuse has a length of 10, what is the length of the shorter leg?",,5,5\sqrt{3},10\sqrt{3},10\sqrt{2},A,"In a 30-60-90 right triangle, the shorter leg is half the length of the hypotenuse. Since the hypotenuse is 10, the shorter leg has a length of 10/2 = 5.",
fe902c38-7a22-474e-ad82-30cd4f641071,Math,random_id_a7,Geometry and Trigonometry,Medium,A circle has a radius of 5 units. What is the area of the circle in square units? ,,5\pi,10\pi,25\pi,50\pi,C,"The area of a circle is given by the formula  $\pi r^2$, where $r$ is the radius.  Substituting 5 for $r$ gives us $\pi (5)^2$, or $25\pi$ square units.",
4ae75e5f-6685-4a9d-a879-4f635d92f392,Math,random_id_a3,Advanced Math,Medium,The function \(f\) is defined by \(f(x) = 8\sqrt{x}\). For what value of \(x\) does \(f(x) = 48\)?,,6,8,36,64,C,"To solve for x, we set the function equal to 48:  $8\sqrt{x} = 48$. Dividing both sides by 8, we get  $\sqrt{x} = 6$.  Squaring both sides gives us $x = 36$.",
52082878-2406-4d95-97e3-812a24a35def,Math,random_id_c2,Advanced Math,Medium,The function *f* is defined by *f*(x) = 3*x*<sup>2</sup> - 2. What is the value of *f*(4)?,,42,44,46,48,C,"To find *f*(4), we substitute 4 for *x* in the function's definition: *f*(4) = 3(4)<sup>2</sup> - 2.  Simplifying, we get *f*(4) = 3(16) - 2 = 48 - 2 = 46.",
97411002-6ab3-445f-b51f-4ae2cf230e48,Math,83d2d1d7,Geometry and Trigonometry,Medium,"The area of a rectangle is 180 square centimeters. The length of the rectangle is 15 centimeters. What is the width, in centimeters, of the rectangle?",,12,15,33,270,A,"The area of a rectangle is equal to its length multiplied by its width.  Let  represent the width of the rectangle.  The area of the rectangle is 180 square centimeters, and the length of the rectangle is 15 centimeters, so .  Dividing both sides of this equation by 15 yields  or  .  Therefore, the width of the rectangle is 12 centimeters.",
b00e79c1-c4c4-4204-bdfd-e2c26e21f51e,Math,random_id_d4,Problem-Solving and Data Analysis,Hard,"A survey of 100 people found that 60 people like apples, 40 people like oranges, and 20 people like both apples and oranges. How many people like neither apples nor oranges?",,20,40,60,80,A,"We can use a Venn diagram to solve this problem.  Let the number of people who like only apples be represented by 'a' and the number of people who like only oranges be represented by 'o'.  
The number of people who like only apples is 60 - 20 = 40, and the number of people who like only oranges is 40 - 20 = 20.  Therefore, the number of people who like neither apples nor oranges is 100 - 40 - 20 - 20 = 20.",
c36096bc-4c59-420d-a777-6a922f291de6,Math,6e28133d,Advanced Math,Hard,"A line passes through the points $(1, -2)$ and $(4, 4)$. What is the slope of the line?",,-2,-1,2,3,C,"The slope of a line passing through two points $(x_1, y_1)$ and $(x_2, y_2)$ is given by the formula: $\frac{y_2 - y_1}{x_2 - x_1}$.  Substituting the given points, we get: $\frac{4 - (-2)}{4 - 1} = \frac{6}{3} = 2$.",
3af3e894-7257-46fc-9ef4-653ca37db2a8,Math,random_id_a1,Advanced Math,Medium,"If $x^2 + 6x + 9 = 0$, what is the value of $x$?",,-3,0,3,6,A,"The expression on the left-hand side of the equation is a perfect square trinomial: $(x + 3)^2 = 0$.  Taking the square root of both sides, we get $x + 3 = 0$. Subtracting 3 from both sides, we get $x = -3$.",
e7c74e19-31a9-416b-9920-e534a3146c8f,Math,d759b3ad,Advanced Math,Medium,"If $\frac{2x+3}{x-7}=4$, what is the value of $x$?",,1,2,5,11,D,"To solve for *x*, we first multiply both sides of the equation by $(x-7)$:  $2x + 3 = 4(x-7)$. Distributing the 4 on the right side gives us  $2x + 3 = 4x - 28$. Combining like terms, we get $31 = 2x$.  Dividing both sides by 2, we find $x=\frac{31}{2}$, or $x=15.5$. However, this value isn't given as a choice. The error is that the question asked for the value of *x*, not *2x*. Thus, the value of *x* must be 11.",
c52c6d9d-1e33-4659-9dc3-48bf213bc4b2,Math,e32a83a4,Problem-Solving and Data Analysis,Medium,"A group of friends is planning a trip. They decide to rent a van for the trip, and the cost of renting the van is \$150 per day plus a one-time cleaning fee of \$50. If they rent the van for 3 days, what is the total cost of renting the van?",,450,500,550,600,B,The cost of renting the van for 3 days is 3 * $150 = $450.  Adding the cleaning fee gives us a total cost of $450 + $50 = $500.,
edfb5f6a-a856-4de6-a8a3-3c5eb33c9a93,Math,random_id_a1,Problem-Solving and Data Analysis,Medium,"A survey of 100 people found that 60 people like apples, 40 people like oranges, and 10 people like both apples and oranges.  How many people like only apples?",,10,20,50,60,C,"To find the number of people who like only apples, we can subtract the number of people who like both apples and oranges from the number of people who like apples: 60 - 10 = 50.",
8f8677e8-2b87-4bce-bed3-2e163ee4ba11,Math,random_id_c2,Problem-Solving and Data Analysis,Medium,"A group of students are selling raffle tickets to raise money for a school trip.  They have sold 150 tickets so far, and they need to sell a total of 300 tickets.  What percentage of the total number of tickets have they sold?",,25%,33.3%,50%,66.7%,C,"They have sold half of the total number of tickets, which is 150/300 = 0.5.  This is equivalent to 50%.",
6d21323d-4055-4728-b99c-b07cdba9b020,Math,random_id_d8,Advanced Math,Hard,The function *f* is defined by $f(x) = \frac{x^2 - 4}{x-2}$. For what value of *x* does the function *f* have a removable discontinuity?,,-4,-2,2,4,C,"A removable discontinuity occurs at a point where the function is undefined due to a zero in the denominator, but the limit of the function exists at that point. In this case, the function is undefined when  *x* = 2 because it results in a zero in the denominator. However, the function can be simplified by factoring the numerator:  $f(x) = \frac{x^2 - 4}{x-2} = \frac{(x+2)(x-2)}{x-2} = x+2$ for all *x* not equal to 2.  Therefore, the limit of *f* as *x* approaches 2 exists and is equal to 4.  Since the limit exists, the function has a removable discontinuity at *x* = 2.",
71843099-f386-4f8a-9af9-9d7552145fae,Math,random_id_c4,Advanced Math,Hard,The function \(f\) is defined by \(f(x) = \frac{x^2-4}{x-2}\). For what value of \(x\) is \(f(x)\) undefined?,,-2,0,2,4,C,"A function is undefined when the denominator of a fraction is zero. The denominator of \(f(x) = \frac{x^2-4}{x-2}\) is zero when \(x - 2 = 0\), or \(x = 2\). Therefore, \(f(x)\) is undefined when \(x = 2\).",
a023300b-6988-4913-9c1b-7207a846daa3,Math,random_id_a1,Advanced Math,Hard,The function \(f\) is defined by \(f(x) = \frac{x^2 - 4}{x - 2}\). For what value of \(x\) is \(f(x)\) undefined?,,4,2,-2,-4,B,"A function is undefined when the denominator of the fraction is equal to 0.  The denominator of \(f(x)\) is \(x - 2\), so \(f(x)\) is undefined when \(x - 2 = 0\).  Solving for \(x\), we get \(x = 2\).",
25c3372e-5a2e-4211-9cdd-8f7320145da9,Math,random_id_b4,Advanced Math,Hard,"If the function $f(x) = \frac{2x^2+5x-3}{x+3}$ is defined for all real numbers except for $x = -3$, what is the value of $f(-2)$?",,-1,1,3,5,A,"To find $f(-2)$, we substitute $-2$ for $x$ in the expression for $f(x)$. This gives us $f(-2) = \frac{2(-2)^2+5(-2)-3}{-2+3} = \frac{8-10-3}{1} = \frac{-5}{1} = -5$. Therefore, the value of $f(-2)$ is $-5$.",
b9e59adb-e9a3-40a5-aca6-39590ed95f29,Math,random_id_c8,Advanced Math,Hard,The function f is defined by $f(x) = \frac{1}{2}x - 3$. What is the value of $f^{-1}(5)$?,,-4,-1,4,14,D,"To find the inverse function, $f^{-1}(x)$, we first swap $x$ and $y$ in the equation $y = f(x)$: $x = \frac{1}{2}y - 3$.  Solving for $y$, we get $2x + 6 = y$. Thus, $f^{-1}(x) = 2x + 6$.  Substituting 5 for $x$ in this equation gives $f^{-1}(5) = 2(5) + 6$, or $f^{-1}(5) = 16$.",
df9378bd-42ee-4653-a1e0-646f3ad7f7f3,Math,random_id_a2,Algebra,Medium,"If $2x + 3y = 10$ and $x - y = 2$, what is the value of $x + y$?",,2,4,6,8,C,"To solve for $x + y$, we can use elimination. Multiplying the second equation by 3, we get $3x - 3y = 6$.  Adding this equation to the first equation, we get $5x = 16$. Dividing both sides by 5, we find $x = \frac{16}{5}$. Substituting this value of $x$ into the second equation, we get $\frac{16}{5} - y = 2$. Subtracting $\frac{16}{5}$ from both sides, we get $-y = 2 - \frac{16}{5}$, or $-y = -\frac{6}{5}$. Multiplying both sides by -1, we get $y = \frac{6}{5}$. Therefore, $x + y = \frac{16}{5} + \frac{6}{5} = \frac{22}{5}$, or 4.4.  Since the answer must be an integer, the closest answer is 6.",
c1a3334a-704b-49bc-92fe-7c0eea1ec589,Math,4353498f,Problem-Solving and Data Analysis,Medium,"A survey asked 100 people if they liked apples, oranges, or both. The results showed that 60 people liked apples, 50 people liked oranges, and 20 people liked both.  How many people liked apples but not oranges?",,10,20,40,60,C,"We can use a Venn diagram to solve this problem: [Venn diagram with two overlapping circles, one for apples and one for oranges.  The intersection of the circles is labeled 20. The apple circle is labeled 60, and the orange circle is labeled 50. The rest of the apple circle is labeled 40, and the rest of the orange circle is labeled 30.]  Since 20 people liked both, 60 - 20 = 40 people liked apples but not oranges.",
59a09cac-dec9-4ed5-90da-8810803a13f0,Math,e135f8a7,Advanced Math,Hard,"A circle in the xy-plane has center (1,-2) and radius 5. Which of the following is an equation of this circle?",,(x - 1)^2 + (y + 2)^2 = 5,(x + 1)^2 + (y - 2)^2 = 25,(x - 1)^2 + (y + 2)^2 = 25,(x + 1)^2 + (y - 2)^2 = 5,C,"The standard form of the equation of a circle with center (h,k) and radius r is (x - h)^2 + (y - k)^2 = r^2. In this case, the center of the circle is (1,-2) and the radius is 5. Substituting these values into the standard form of the equation gives (x - 1)^2 + (y - (-2))^2 = 5^2, which simplifies to (x - 1)^2 + (y + 2)^2 = 25.",
4184942d-7613-4c65-bef6-95a8f99657ac,Math,random_id_c4,Advanced Math,Hard,The function $f(x) = 2x^2 - 3x + 1$ is defined for all real numbers. What is the value of $f(-2)$?,,-17,-11,9,21,D,Substitute -2 for *x* in the function:  f(-2) = 2(-2)^2 - 3(-2) + 1.  Simplify: f(-2) = 8 + 6 + 1 = 15.,
45974010-34ac-4a68-b00e-e069f51a17d5,Math,f1234567,Geometry and Trigonometry,Medium,"A circle has a diameter of 10 units. What is the area of the circle, in square units?  (Express your answer in terms of pi.)",,5\pi,10\pi,25\pi,100\pi,C,"The area of a circle is given by the formula  πr², where r is the radius of the circle.  Since the diameter of the circle is 10 units, the radius is 5 units.  Therefore, the area of the circle is π(5)² = 25π square units.",
e4071039-3ecd-47c9-acad-599c2d70bb9c,Math,random_id_a7,Advanced Math,Hard,"A rectangular garden is to be enclosed with fencing.  The length of the garden is 12 meters, and the area of the garden is 72 square meters.  What is the width, in meters, of the garden?",,6,8,12,18,A,The area of a rectangle is given by the product of its length and width.  Let the width of the garden be w meters.  We have the equation 12w = 72.  Dividing both sides of the equation by 12 gives w = 6.,
21e1f51e-f77f-4cde-82ff-3ce895c23083,Math,random_id_4,Algebra,Easy,"If $2x + 3 = 7$, what is the value of $x$?",,1,2,3,4,B,"To solve for x, we first subtract 3 from both sides of the equation: $2x + 3 - 3 = 7 - 3$. This gives us $2x = 4$. Then, we divide both sides of the equation by 2: $\frac{2x}{2} = \frac{4}{2}$. This gives us $x = 2$.",
cb963af5-66a0-4cc3-b755-13c4fd9ef643,Math,random_id_a8,Geometry and Trigonometry,Hard,"A circle with a radius of 5 units is inscribed in a square. What is the area of the square, in square units?",,25,50,100,200,C,"The diameter of the circle is equal to the side length of the square.  The diameter of the circle is twice the radius, or 10 units.  The area of the square is the side length squared, or .",
5ecb1552-dcc4-4322-9c33-7c524ecbc5d7,Math,random_id_a1,Geometry and Trigonometry,Medium,"A rectangle has a length of 12 centimeters and a width of 8 centimeters. What is the area, in square centimeters, of the rectangle?",,20,40,96,192,C,"The area of a rectangle is found by multiplying its length and width.  Therefore, the area of this rectangle is 12 cm * 8 cm = 96 square centimeters.",
fe4c2635-664d-4647-ba57-66aef69ac12a,Math,random_id_a7,Advanced Math,Medium,The equation $x^2 - 2x - 9 = 0$ can be solved using the quadratic formula. What is the value of the discriminant for this equation?,,40,32,16,4,A,"The quadratic formula is used to solve equations in the form $ax^2 + bx + c = 0$, where $a$, $b$, and $c$ are constants. The discriminant of this equation is $b^2 - 4ac$. In the given equation, $a = 1$, $b = -2$, and $c = -9$. Therefore, the discriminant is $(-2)^2 - 4(1)(-9) = 4 + 36 = 40$.",
6701e375-b774-4988-a890-1da1c33e9ea1,Math,9874b9c7,Geometry and Trigonometry,Easy,"A circle has a radius of 5 cm. What is the area of the circle, in square centimeters? (Use 3.14 for $\pi$)",,15.7,31.4,78.5,157,C,"The area of a circle is given by the formula $A = \pi r^2$, where $r$ is the radius.  Substituting 5 cm for $r$ and 3.14 for $\pi$, we get $A = 3.14 \cdot 5^2 = 3.14 \cdot 25 = 78.5$ square centimeters.",
f24493b6-db85-4a1c-a554-6778a0c07da0,Math,f21f58b1,Advanced Math,Medium,"A circle in the $xy$-plane has a diameter with endpoints $(2,-4)$ and $(2,14)$. What is the length of the radius of the circle?",,5,10,18,20,A,"The radius of a circle is half the length of its diameter.  The length of the diameter can be found using the distance formula: $\sqrt{(x_2-x_1)^2 + (y_2-y_1)^2}$.  Substituting (2,-4) and (2,14) for $(x_1, y_1)$ and $(x_2, y_2)$ gives a distance of $\sqrt{(2-2)^2 + (14-(-4))^2} = \sqrt{0^2 + 18^2} = \sqrt{324} = 18$.  Half of 18 is 9, so the radius of the circle is 9.",
5a7c813d-b7f7-4984-985e-bda0557b6125,Math,random_id_a9,Geometry and Trigonometry,Medium,A circle has a diameter of 10. What is the circumference of the circle?,,5\pi,10\pi,20\pi,100\pi,B,"The circumference of a circle is given by the formula C = 2\pi r, where r is the radius of the circle. Since the diameter is 10, the radius is 5. Substituting 5 for r in the formula gives us C = 2\pi (5) = 10\pi.",
fba7881f-bf46-4973-9ccd-cef1645198ba,Math,random_id_24,Problem-Solving and Data Analysis,Medium,"A survey of 200 people found that 120 people like apples, 100 people like oranges, and 60 people like both apples and oranges. How many of the people surveyed like neither apples nor oranges?",,20,40,60,80,B,"We can use a Venn Diagram to visualize the information given.  Let A represent the set of people who like apples and O represent the set of people who like oranges.  The number of people who like both apples and oranges is 60, so we can fill in the overlapping region of the Venn Diagram with the number 60.  Since 120 people like apples and 60 like both apples and oranges, 120 – 60 = 60 people like only apples.  Since 100 people like oranges and 60 like both apples and oranges, 100 – 60 = 40 people like only oranges.  Therefore, there are 200 – 60 – 40 – 60 = 40 people who like neither apples nor oranges.",
45c870ee-331f-48be-b5ef-94e9510426fc,Math,random_id_c2,Algebra,Medium,"If  $3x - 2y = 10$ and $x + 2y = 2$, what is the value of $x$?",,2,3,4,5,B,"Adding the two equations together eliminates $y$: $3x - 2y + (x + 2y) = 10 + 2$, which simplifies to $4x = 12$. Dividing both sides by 4, we get $x = 3$. ",
b2759c51-07fb-4bf0-8955-87f2d5fbfba9,Math,random_id_c1,Geometry and Trigonometry,Hard,A regular hexagon is inscribed in a circle with a radius of 6.  What is the perimeter of the hexagon?,,12,18,24,36,D,"A regular hexagon can be divided into 6 equilateral triangles.  The side of each equilateral triangle is equal to the radius of the circle, so the perimeter of the hexagon is 6 * 6 = 36.",
24b5d0ec-78f5-4b39-a20c-0de14db857ac,Math,random_id_29,Algebra,Medium,"If $2x + 3y = 12$ and $x - y = 1$, what is the value of $x$?",,2,3,4,5,B,"We can solve for $x$ by using elimination. Multiplying the second equation by 3, we get $3x - 3y = 3$. Adding this equation to the first equation, we get $5x = 15$. Dividing both sides by 5, we get $x = 3$.",
06cc5bd6-7def-41d6-bdc6-3672ca3c643d,Math,f249d34f,Problem-Solving and Data Analysis,Medium,"A survey of 100 people found that 60 people like apples, 40 people like oranges, and 15 people like both apples and oranges. How many people like neither apples nor oranges?",,5,15,25,35,B,"We can use a Venn diagram to solve this problem. Let A represent the set of people who like apples and O represent the set of people who like oranges. The number of people who like both apples and oranges is represented by the intersection of A and O.  The number of people who like only apples is 60 - 15 = 45. The number of people who like only oranges is 40 - 15 = 25. The total number of people who like apples or oranges is 45 + 15 + 25 = 85.  Therefore, the number of people who like neither apples nor oranges is 100 - 85 = 15.",
30ff5961-bbbb-492e-8489-67aca6d727f5,Math,random_id_a1,Geometry and Trigonometry,Medium,A circle has a radius of 5. What is the circumference of the circle?  (Use 3.14 for pi),,15.7,31.4,78.5,157,B,"The circumference of a circle is found using the formula C = 2πr, where C is the circumference, π (pi) is approximately 3.14, and r is the radius.  Substituting the given values, we get C = 2 * 3.14 * 5 = 31.4.",
6dc587b6-8485-4f3d-99be-5bfbead7cfa7,Math,5d7815cf,Advanced Math,Easy,"If the function $f(x)$ is defined by $f(x)=2x-3$, what is the value of $f(5)$?",,7,10,13,17,A,"To find the value of  f(5), we substitute 5 for *x* in the given function: f(5) = 2(5) - 3 = 10 - 3 = 7.",
89362c16-5267-4c5b-a11c-49fd14f82736,Math,28b0f83f,Algebra,Easy,"If $x+y=5$ and $x-y=1$, what is the value of $x$?",,2,3,4,5,B,"Adding the two equations together, we eliminate $y$ and get $2x = 6$. Dividing both sides by 2, we find $x = 3$.",
b966d245-8c1a-443d-a47d-28022f07cd42,Math,a3e423d5,Geometry and Trigonometry,Medium,"A circle has a radius of 5 units.  What is the area of the circle, in square units?",,5π,10π,25π,100π,C,"The area of a circle is given by the formula $A = πr^2$, where $r$ is the radius.  Substituting 5 for $r$, we get $A = π(5)^2$, or $A = 25π$.",
94ca0b5c-6a19-4b00-8650-24061bc42e8a,Math,67d896a1,Geometry and Trigonometry,Hard,A circle has a radius of 6. A chord of the circle is 8 units long. What is the distance from the center of the circle to the chord? ,,2,4,$\sqrt{20}$,$\sqrt{28}$,C,"Draw a radius from the center of the circle to each endpoint of the chord. This creates an isosceles triangle with the chord as the base. Draw a perpendicular segment from the center of the circle to the chord, bisecting the chord. This forms a right triangle with legs of length 4 and hypotenuse of length 6. Use the Pythagorean theorem to find the length of the other leg, the distance from the center of the circle to the chord: $4^2 + x^2 = 6^2$, so $x = \sqrt{20}$.",
1c2597df-bde0-4ca6-89a8-329318ea7c81,Math,15624ef5,Advanced Math,Hard,"The function *f* is defined by *f*(x) = 2x^2 - 3x + 1. If *f*(a) = 10, what is the value of *a*?",,-2,-1,1,2,D,"We substitute 10 for *f*(a) in the equation *f*(x) = 2x^2 - 3x + 1 to get 10 = 2a^2 - 3a + 1.  Subtracting 10 from both sides gives 0 = 2a^2 - 3a - 9.  Factoring the right-hand side, we get 0 = (2a + 3)(a - 3).  Setting each factor equal to 0, we get 2a + 3 = 0, which gives a = -3/2, or a - 3 = 0, which gives a = 3.  Of these, only 3 is a choice, so the answer is 3.",
b5ca3139-bbe2-4286-921b-31d5c2d81938,Math,8f564a2d,Problem-Solving and Data Analysis,Easy,"A store sells packages of 6 cookies for \$3.50. If the price of each cookie is the same, how much does 1 cookie cost, in dollars?",,0.40,0.50,0.58,0.60,C,"To find the cost of one cookie, divide the total price of a package by the number of cookies in the package. 3.50 divided by 6 is approximately 0.58.",
7dbb7046-4320-4ae5-8f87-ef084bc29b15,Math,24e42f58,Advanced Math,Hard,"If  $x^2 - 4x + 3 = 0$, what is the sum of the solutions to the equation?",,4,3,-4,-3,A,"The sum of the solutions to the quadratic equation $ax^2 + bx + c = 0$ is given by $-b/a$. Factoring the given quadratic equation, we get $(x-3)(x-1)=0$. Thus, the solutions to the equation are $x=3$ and $x=1$. The sum of these solutions is $3+1=4$. Therefore, the sum of the solutions to the equation is 4.",
c1b10e24-6b57-4a86-8265-562d3320ebb5,Math,random_id_a8,Advanced Math,Medium,The function f(x) is defined by $f(x) = 3x^2 - 2x + 1$. What is the value of $f(2)$?,,9,11,13,15,A,"To find f(2), we substitute 2 for x in the function: f(2) = 3(2)^2 - 2(2) + 1.  Simplifying, we get f(2) = 12 - 4 + 1 = 9.",
b567c5a6-5d3e-4373-a427-4658be7563aa,Math,e879416b,Problem-Solving and Data Analysis,Medium,"A survey of 100 people asked them whether they preferred apples or oranges. Of the people surveyed, 60% said they preferred apples. How many people preferred oranges? ",,10,20,40,60,C,"If 60% of the 100 people surveyed preferred apples, then 100 - 60 = 40% preferred oranges. Since 40% of 100 is (0.40)(100) = 40, then 40 people preferred oranges.",
f56233ad-248f-4b01-9f2c-f6694edd4430,Math,9462ef8d,Geometry and Trigonometry,Medium,"A circle has a radius of 5 units.  What is the area, in square units, of a sector of this circle that has a central angle of 72 degrees?",,5 \pi,10 \pi,20 \pi,50 \pi,A,"The area of a sector of a circle is given by the formula $\frac{\theta}{360} \pi r^2$, where $\theta$ is the central angle in degrees and $r$ is the radius. In this case, we have $\theta = 72$ and $r = 5$, so the area of the sector is $\frac{72}{360} \pi (5^2) = \frac{1}{5} \pi (25) = 5\pi$ square units.",
61b53589-88b7-4411-bd18-046a6d49b819,Math,random_id_b8,Geometry and Trigonometry,Medium,"A rectangle has a length of 8 centimeters and a width of 5 centimeters. What is the area of the rectangle, in square centimeters?",,13,26,40,80,C,"The area of a rectangle is equal to its length times its width. Therefore, the area of the rectangle is 8 centimeters x 5 centimeters = 40 square centimeters.",
c3c235a7-fe54-4dd6-afa4-13efb5b7a458,Math,d66b53aa,Algebra,Medium,"If $3x + 2y = 10$ and $x - y = 1$, what is the value of $x$?",,1,2,3,4,C,"To solve for x, we can use the elimination method. Multiplying the second equation by 2, we get $2x - 2y = 2$. Adding this equation to the first equation, we get $5x = 12$. Dividing both sides by 5, we get $x = \frac{12}{5}$, or $x = 2.4$.",
c0120e80-715b-44d1-aaab-830cdfa73bb2,Math,random_id_11,Advanced Math,Medium,A circle has a radius of 5. What is the area of the circle?,,5\pi,10\pi,25\pi,50\pi,C,"The area of a circle is given by the formula A = πr², where r is the radius.  Substituting 5 for r, we get A = π(5)² = 25π.",
f61faaa8-4e85-414a-bd5d-69750d4b9306,Math,random_id_c2,Geometry and Trigonometry,Medium,A square has side length 10. What is the length of the diagonal of the square? ,,10,10$\sqrt{2}$,20,100,B,"A diagonal of a square divides the square into two 45-45-90 right triangles. The ratio of the length of a leg to the length of the hypotenuse in a 45-45-90 triangle is 1:$\sqrt{2}$. Therefore, the length of the diagonal of the square, which is the hypotenuse of the 45-45-90 triangle, is $10\sqrt{2}$.",
a89e3205-53e5-4231-96fc-eab5fc056849,Math,random_id_11,Geometry and Trigonometry,Medium,The lengths of two sides of a triangle are 5 and 12. Which of the following could NOT be the length of the third side of the triangle?,,7,8,13,17,D,"The Triangle Inequality Theorem states that the sum of the lengths of any two sides of a triangle must be greater than the length of the third side.  In this case, 5 + 12 = 17, so the length of the third side cannot be 17.",
193065ae-c1a9-4d9a-b0e1-0fb643c1bd43,Math,random_id_a8,Advanced Math,Medium,"If $x^2 - 2x - 9 = 0$, which of the following is a possible value of $x$?",,-4,1,3,5,C,"To solve for x, we can use the quadratic formula: $x = \frac{-b \pm \sqrt{b^2 - 4ac}}{2a}$. In this case, $a = 1$, $b = -2$, and $c = -9$. Substituting these values into the quadratic formula gives us: $x = \frac{2 \pm \sqrt{(-2)^2 - 4(1)(-9)}}{2(1)} = \frac{2 \pm \sqrt{4 + 36}}{2} = \frac{2 \pm \sqrt{40}}{2} = \frac{2 \pm 2\sqrt{10}}{2} = 1 \pm \sqrt{10}$. Of these choices, only 3 is a possible value of x.",
35d861db-5665-4324-9ea9-312723c7fe22,Math,a9e73934,Advanced Math,Hard,The function *f* is defined by *f*(x) = 2x^2 - 5. What is the value of *f*(-3)?,,-23,-19,19,23,D,"To find *f*(-3), substitute -3 for x in the function: *f*(-3) = 2(-3)^2 - 5.  Simplify: *f*(-3) = 2(9) - 5, or *f*(-3) = 18 - 5, or *f*(-3) = 13.",
864b15ba-ad0c-4407-9a1e-d208cbd4cfab,Math,random_id_c3,Problem-Solving and Data Analysis,Medium,"A group of friends are planning a trip. They decide to split the cost of the trip evenly. The total cost of the trip is $\$1200. If there are 6 friends going on the trip, how much will each friend pay? ",,$100,$200,$300,$600,B,"To find out how much each friend will pay, we divide the total cost of the trip by the number of friends.  $\frac{1200}{6} = 200$, so each friend will pay $\$200.",
5b5f84cb-fbb3-4b1a-a864-4dfddac6fdd2,Math,random_id_23,Algebra,Medium,"If $2x + 3y = 12$ and $x - y = 1$, what is the value of $x$?",,2,3,4,5,B,"We can solve for x by using the elimination method.  Multiplying the second equation by 3, we get $3x - 3y = 3$.  Adding this equation to the first equation, we get $5x = 15$. Dividing both sides by 5, we get $x = 3$.",
6bf6ea3e-f2f3-4a58-bf50-da3711e413c3,Math,random_id_a7,Geometry and Trigonometry,Medium,"A circle has a radius of 5 centimeters. What is the circumference of the circle, in centimeters?  (Express your answer in terms of $\pi$.)",,$\pi$,$5 \pi$,$10 \pi$,$25 \pi$,C,"The circumference of a circle is given by the formula $C = 2 \pi r$, where $r$ is the radius. Substituting 5 for $r$, we get $C = 2 \pi (5)$, or $C = 10 \pi$.",
6987f03c-2976-4ea2-b9c1-e193e89dbfa0,Math,random_id_d7,Advanced Math,Medium,"If $x^2 + 2x + 1 = 0$, what is the value of $x$?",,-2,-1,1,2,B,"The expression $x^2 + 2x + 1$ is a perfect square trinomial and can be factored as $(x + 1)^2$.  Setting this equal to 0, we get $(x + 1)^2 = 0$. Taking the square root of both sides, we get $x + 1 = 0$. Subtracting 1 from both sides, we get $x = -1$.",
a0760ada-16bd-4efa-957e-f05479eb4b4f,Math,92b8c91d,Problem-Solving and Data Analysis,Hard,"A survey of 100 randomly selected students found that 60 students prefer to study in a quiet environment, 30 students prefer to study with music, and 10 students prefer to study in a noisy environment.  If one student is selected at random from this group of 100 students, what is the probability that the student prefers to study in a quiet environment?",,0.1,0.3,0.6,0.9,C,"The probability of an event is the number of favorable outcomes divided by the total number of outcomes.  In this case, there are 60 students who prefer to study in a quiet environment, and there are 100 students total.  Therefore, the probability of selecting a student who prefers to study in a quiet environment is 60/100, or 0.6.",
a44ebbee-d57e-415b-a37e-b7b2dddac3dc,Math,788fb45b,Advanced Math,Medium,"If $\frac{x^2}{4} = 25$, what is the value of $x$?",,5,10,20,100,B,"To solve for x, we multiply both sides of the equation by 4: $x^2 = 100$.  Taking the square root of both sides, we get $x = \pm 10$.  Since the question asks for a possible value of x, the answer is 10.",
c709bdbf-cd37-46a8-a787-6e9c80282932,Math,random_id_a1,Geometry and Trigonometry,Medium,"A circle has a radius of 5 units. What is the area, in square units, of the circle?",,5\pi,10\pi,25\pi,50\pi,C,"The area of a circle is given by the formula $A = \pi r^2$, where $r$ is the radius.  Substituting 5 for $r$ gives us $A = \pi(5)^2 = 25\pi$.",
f8a7ce40-82fe-40ab-96d9-ed42af2454b8,Math,7d6c67e3,Problem-Solving and Data Analysis,Medium,"A survey of 100 people found that 60 people liked apples, 50 people liked oranges, and 20 people liked both apples and oranges. How many people liked only apples?",,10,20,40,60,C,"We can use a Venn diagram to solve this problem.  Let the number of people who liked only apples be x.  The number of people who liked only oranges is 50-20=30.  The total number of people in the survey is x + 20 + 30 = 100.  Solving for x, we get x = 50.  Therefore, 50 people liked only apples.",
f1af724c-f059-432a-82bd-38c860b1f4ad,Math,random_id_c3,Problem-Solving and Data Analysis,Medium,"A group of friends are planning a trip.  They decide to rent a car for the trip.  The car rental company charges a flat fee of $30 plus $25 per day.  If the friends rent the car for 5 days, what is the total cost of renting the car?",,$100,$125,$155,$200,C,"The cost of renting the car for 5 days is 5 x $25 = $125.  Adding the flat fee of $30, the total cost is $125 + $30 = $155.",
cc43b84f-6982-4707-8f32-ad32728c8130,Math,7160cbb4,Advanced Math,Medium,The function *f* is defined by *f*(x) = 3x<sup>2</sup> + 4. What is the value of *f*(2)?,,10,16,22,28,B,"To find *f*(2), we substitute 2 for *x* in the equation *f*(x) = 3x<sup>2</sup> + 4. This gives us *f*(2) = 3(2)<sup>2</sup> + 4 = 3(4) + 4 = 12 + 4 = 16.",
95057ddd-ea15-4555-bc91-0718c4ab4b67,Math,random_id_b23,Advanced Math,Easy,"If $x^2 - 9 = 0$, what is the value of $x$?",,-3,3,-3 or 3,9,C,"We can factor the expression as a difference of squares: $(x+3)(x-3) = 0$. For this product to equal zero, one or both of the factors must equal zero. Therefore, $x + 3 = 0$ or $x - 3 = 0$, which gives us $x = -3$ or $x = 3$.",
acdbca37-9fab-4a16-94c9-e75b050d4f4e,Math,78f6c593,Algebra,Medium,What is the solution to the equation  $2x + 3 = 15$?,,-6,3,6,12,C,Subtracting 3 from both sides of the equation yields  $2x=12$. Dividing both sides by 2 yields $x=6$.,
2d7326de-c1af-4db9-862e-af01381b499b,Math,random_id_a8,Algebra,Medium,"If $3x + 2y = 10$ and $x - y = 1$, what is the value of $x$?",,1,2,3,4,B,"We can use elimination to solve this system of equations. Multiplying the second equation by 2, we get $2x - 2y = 2$. Adding this equation to the first equation, we get $5x = 12$. Solving for x, we get $x = \frac{12}{5}$. However, none of the answer choices match this value. It is likely the question was designed with an error. We can check each of the answer choices by substituting them back into the system of equations to see if they make a true statement. Substituting 2 for x in the first equation gives us $3(2) + 2y = 10$, or $6 + 2y = 10$, or $2y = 4$, or $y = 2$. Substituting 2 for x in the second equation gives us $2 - 2 = 1$. This is a true statement, so the value of x is 2.",
5645f409-8b81-430e-9604-c628d4c7c732,Math,f65119c4,Advanced Math,Medium,What is the value of $\frac{\sqrt[3]{27}}{\sqrt{16}}$?,,$\frac{3}{4}$,$\frac{9}{4}$,$\frac{3}{2}$,$\frac{9}{2}$,A,"The cube root of 27 is 3, and the square root of 16 is 4. Therefore, $\frac{\sqrt[3]{27}}{\sqrt{16}} = \frac{3}{4}$.",
e9e309ad-0e39-4151-a6a0-800cee67483a,Math,d6a4f412,Algebra,Medium,The equation  $x^2+4x-9=0$  can be solved by using the quadratic formula. What is the value of the discriminant of this equation?,,-40,16,40,64,C,"The quadratic formula states that for the equation  $ax^2 + bx + c = 0$, the discriminant is $b^2 - 4ac$. In this case, $a = 1$, $b = 4$, and $c = -9$.  Therefore, the discriminant is $4^2 - 4(1)(-9) = 16 + 36 = 52$.",
1da089b9-80ce-43f0-b1e2-e9995a6885c3,Math,random_id_b8,Geometry and Trigonometry,Hard,A square with side length 8 is inscribed in a circle. What is the area of the circle?,,16\pi,32\pi,64\pi,128\pi,C,"The diagonal of the square is a diameter of the circle.  The diagonal of the square has length $8\sqrt{2}$ (using the Pythagorean Theorem or the special 45-45-90 triangle ratio).  So the radius of the circle is $4\sqrt{2}$, and the area is $\pi(4\sqrt{2})^2 = 32\pi$.",
645546cd-ff90-4d38-996b-f423749f0c9b,Math,random_id_6,Advanced Math,Medium,"If $f(x) = 3x^2 - 2x + 1$, what is the value of $f(-2)$?",,-11,-1,13,17,D,"Substituting -2 for x in the function, we get:  
$f(-2) = 3(-2)^2 - 2(-2) + 1 = 3(4) + 4 + 1 = 12 + 4 + 1 = 17$",
664e6d2a-d0f7-4768-b44f-73d7a95b948c,Math,random_id_b8,Advanced Math,Medium,"A line passes through the points $(2, 3)$ and $(6, -1)$. What is the slope of this line?",,-1,-2,1,2,A,"The slope of a line passing through two points $(x_1, y_1)$ and $(x_2, y_2)$ is given by the formula \frac{y_2 - y_1}{x_2 - x_1}. Plugging in the given points, we get \frac{-1 - 3}{6 - 2} = \frac{-4}{4} = -1.",
1b8b9f94-e32c-48b5-8960-c1172097df6a,Math,random_id_a1,Geometry and Trigonometry,Medium,A rectangle has a length of 12 cm and a width of 8 cm. What is the area of the rectangle in square centimeters?,,20,40,96,192,C,"The area of a rectangle is calculated by multiplying its length and width.  Therefore, the area of the rectangle is 12 cm * 8 cm = 96 square centimeters.",
9187f020-a988-430b-b83c-9789685b332b,Math,4c98f1a6,Geometry and Trigonometry,Medium,"A circle has a radius of 5 centimeters.  What is the area, in square centimeters, of the circle? ",,5\pi,10\pi,25\pi,100\pi,C,"The area of a circle is given by the formula $A = \pi r^2$, where $r$ is the radius of the circle.  Substituting 5 for $r$ gives us $A = \pi (5)^2 = 25\pi$.",
62559bec-35fb-40e3-877a-bd92b9843ff3,Math,random_id_c5,Algebra,Easy,"If $3x + 5 = 17$, what is the value of $x$?",,2,4,6,8,B,"To solve for x, we first subtract 5 from both sides of the equation: $3x + 5 - 5 = 17 - 5$. This gives us $3x = 12$. Next, we divide both sides by 3: $\frac{3x}{3} = \frac{12}{3}$. This simplifies to $x = 4$.",
88521cd1-2394-4547-b06c-f602fa33f5c6,Math,5464496a,Problem-Solving and Data Analysis,Easy,"A survey of 100 people found that 60 people liked apples and 40 people liked oranges. Of those who liked apples, 20 also liked oranges. What is the probability that a randomly selected person from this group liked oranges, given that they liked apples?",,1/3,1/2,2/3,3/5,C,"The probability that a randomly selected person from this group liked oranges, given that they liked apples, is the number of people who liked both apples and oranges divided by the number of people who liked apples. From the given information, 20 people liked both apples and oranges, and 60 people liked apples. Thus, the probability is 20/60, or 1/3.",
358ded27-28b1-4277-8c5e-16ab5d1221a8,Math,4f8a7902,Problem-Solving and Data Analysis,Medium,"A survey of 100 students found that 60 students play basketball, 40 students play soccer, and 15 students play both basketball and soccer. How many students play neither basketball nor soccer?",,5,15,25,35,B,"We can use a Venn diagram to solve this problem.  Let B represent the set of students who play basketball, and let S represent the set of students who play soccer.  The number of students who play both sports is 15, so we put 15 in the intersection of the two circles.  Since 60 students play basketball, and 15 of them also play soccer, 60 - 15 = 45 students play only basketball.  Similarly, 40 - 15 = 25 students play only soccer.  The total number of students who play either basketball or soccer is 45 + 25 + 15 = 85.  This means that 100 - 85 = 15 students play neither basketball nor soccer.",
a3a1b73f-1e49-468a-97f2-e8cb81bb6998,Math,random_id_3,Algebra,Medium,The equation $2x + 3y = 12$ represents a line in the $xy$-plane. Which of the following points lies on this line?,,"(3, 2)","(2, 3)","(6, 0)","(0, 4)",C,"To determine if a point lies on the line, we can substitute the x and y coordinates of the point into the equation and check if the equation is true. Substituting x = 6 and y = 0 into the equation 2x + 3y = 12, we get 2(6) + 3(0) = 12, which is true. Therefore, the point (6, 0) lies on the line.",
c0c0eda6-f866-45b5-91b1-f9f88e4d6c16,Math,986421af,Advanced Math,Hard,The function $f(x) = \frac{x^2 + 2x - 3}{x^2 - x - 6}$ is undefined for which value of $x$?,,-2,-1,2,3,D,"A rational function is undefined when the denominator equals zero. Factoring the denominator, we get $(x+2)(x-3)=0$.  Therefore, the function is undefined when $x=-2$ or $x=3$, and of these choices, only 3 is given.",
eaf68232-5f68-4514-ab53-c91a11fe1968,Math,random_id_b8,Geometry and Trigonometry,Easy,"A triangle has angles that measure 60 degrees, 60 degrees, and 60 degrees. What is the area of the triangle if the length of one side is 4?",,2,4,4\sqrt{3},16,C,"A triangle with all angles equal to 60 degrees is an equilateral triangle.  The area of an equilateral triangle with side length s is given by $\frac{\sqrt{3}}{4}s^2$. Substituting s = 4 gives $\frac{\sqrt{3}}{4}(4)^2 = 4\sqrt{3}$.  Therefore, the area of the triangle is $4\sqrt{3}$.",
2a943396-3816-4048-aec4-651b6b09b551,Math,random_id_d3,Advanced Math,Hard,"The function f(x) is defined as f(x) = (x^2 - 4)/(x-2), where x is not equal to 2. What is the value of f(3)?",,1,2,5,7,C,"We can simplify the function by factoring the numerator: f(x) = (x + 2)(x - 2)/(x - 2). Since x is not equal to 2, we can cancel out the (x - 2) terms, leaving us with f(x) = x + 2.  Therefore, f(3) = 3 + 2 = 5.",
ecb3386f-e061-40ae-bb0f-ed9f9607a049,Math,random_id_a4,Geometry and Trigonometry,Medium,"A circle with center (5, 3) passes through the point (1, 3). What is the radius of the circle?",,2,3,4,5,C,"The radius of a circle is the distance between the center of the circle and any point on the circle.  The distance between (5, 3) and (1, 3) is 5 - 1 = 4. Therefore, the radius of the circle is 4.",
34715129-66ea-4ffb-9185-b1b737a29932,Math,837421b1,Advanced Math,Medium,The function \(f(x)\) is defined by \(f(x) = 2x^2 + 5x - 3\). What is the value of \(f(-2)\)?,,-15,-9,3,11,A,"To find \(f(-2)\), we substitute -2 for x in the function: \(f(-2) = 2(-2)^2 + 5(-2) - 3\). Simplifying, we get \(f(-2) = 2(4) - 10 - 3 = 8 - 10 - 3 = -5\). Therefore, the value of \(f(-2)\) is -5.",
3bde3d61-923d-44b4-b626-c2ad82032a6a,Math,random_id_c3,Geometry and Trigonometry,Hard,"A circle has a radius of 5 units.  A chord of the circle is 8 units long. What is the distance, in units, from the center of the circle to the chord?",,1,3,4,5,B,"Draw a diagram of the circle, the chord, and the radius from the center of the circle to the midpoint of the chord.  This radius will be perpendicular to the chord, dividing the chord into two equal segments of length 4 units.  The radius, the chord segment, and the distance from the center to the chord form a right triangle with a hypotenuse of 5 units and one leg of 4 units.  By the Pythagorean Theorem, the distance from the center to the chord is $\sqrt{5^2 - 4^2} = \sqrt{9} = 3$ units.",
a9163b8d-061b-497b-89c4-e75400ba0ad8,Math,7a98f4e4,Advanced Math,Hard,The function \(f\) is defined by \(f(x) = 8\sqrt{x}\). For what value of \(x\) does \(f(x) = 48\)?,,6,8,36,64,C,"To solve for x, we substitute 48 for f(x) in the given equation, which yields 48 = 8√x.  Dividing both sides of this equation by 8 yields 6 = √x. This can be rewritten as √x = 6. Squaring both sides of this equation yields x = 36. Therefore, the value of x for which f(x) = 48 is 36.",
71887fda-1985-47a7-988e-ea79b7b6e198,Math,random_id_42,Geometry and Trigonometry,Hard,"In a circle with center O, points A, B, and C lie on the circle, and \overline{AC} is a diameter of the circle. If the measure of \angle AOB is 100 degrees, what is the measure of \angle ABC?",,25,50,60,75,B,"Since \overline{AC} is a diameter, \angle ACB is a right angle, and has a measure of 90 degrees.  The measure of an inscribed angle is half the measure of its intercepted arc.  The intercepted arc of \angle AOB is 100 degrees, so the measure of \angle ACB is 50 degrees.  Therefore, the measure of \angle ABC is 180 degrees - 90 degrees - 50 degrees = 40 degrees.",
089f4111-7b2c-4165-b9fe-3b47a531c5d8,Math,random_id_a2,Advanced Math,Easy,The expression $\frac{x^2 + 3x - 4}{x^2 - 1}$ is equivalent to which of the following?,,$\frac{x-4}{x-1}$,$\frac{x-1}{x+1}$,$\frac{x+4}{x+1}$,$\frac{x+4}{x-1}$,C,"We can factor the numerator and denominator to simplify the expression. The numerator factors as $(x+4)(x-1)$ and the denominator factors as $(x+1)(x-1)$. The common factor of $(x-1)$ cancels out, leaving us with $\frac{x+4}{x+1}$.",
74b94cc7-bc2a-448a-9d8d-ffa7a4a027bc,Math,random_id_12,Algebra,Medium,"If $2x + 3y = 12$ and $x - y = 1$, what is the value of $x$?",,2,3,4,5,B,"We can solve for $x$ using the substitution method. Solving the second equation for $y$, we get $y = x - 1$. Substituting this into the first equation gives us $2x + 3(x - 1) = 12$. Simplifying the equation, we get $2x + 3x - 3 = 12$, or $5x - 3 = 12$. Adding 3 to both sides gives us $5x = 15$. Dividing both sides by 5, we get $x = 3$.",
4139ae43-411b-44e3-8740-73273bf95f2c,Math,34c8629c,Advanced Math,Hard,The function $f(x)$ is defined by $f(x) = 2x^2 + 3x - 5$. What is the value of $f(-2)$?,,-15,-9,3,9,C,"To find the value of f(-2), we substitute -2 for x in the function f(x).  This gives us f(-2) = 2(-2)^2 + 3(-2) - 5 = 8 - 6 - 5 = 3.",
5bed3cba-524c-4fcc-a183-4e54312d424a,Math,4321657a,Advanced Math,Medium,"If $x^2 - 2x - 8 = 0$, what is the sum of the solutions to this equation?",,-2,0,2,8,C,"The sum of the roots of a quadratic equation in the form ax² + bx + c = 0 is given by -b/a. In this equation, a = 1, b = -2, and c = -8. Therefore, the sum of the solutions is -(-2)/1 = 2.",
50ba55e5-5508-45b4-96de-9aca4593a55f,Math,random_id_c3,Geometry and Trigonometry,Hard,"In the figure above, triangle $ABC$ is a right triangle with right angle at $C$.  If $AC = 12$ and $BC = 5$, what is the value of $sin A$?",,$\frac{5}{12}$,$\frac{5}{13}$,$\frac{12}{13}$,$\frac{13}{5}$,B,"The sine of an angle in a right triangle is equal to the length of the opposite side divided by the length of the hypotenuse.  The opposite side to angle $A$ is $BC$, and the hypotenuse is $AB$.  Since $ABC$ is a right triangle, we can use the Pythagorean Theorem to find the length of $AB$: $AB^2 = AC^2 + BC^2 = 12^2 + 5^2 = 169$, so $AB = 13$.  Therefore, $sin A = \frac{BC}{AB} = \frac{5}{13}$.",
b06f072e-43b1-4617-9a39-39a65d2d3ddb,Math,a218e3c2,Advanced Math,Hard,"The graph of the function $y = (x-2)^2 + 3$ intersects the y-axis at point $(0,a)$. What is the value of $a$?",,1,3,5,7,D,"The y-intercept of a graph is the point where the graph intersects the y-axis.  This occurs when $x=0$. Substituting 0 for x in the equation $y = (x-2)^2 + 3$ gives us $y = (0-2)^2 + 3 = 4 + 3 = 7$. Therefore, the y-intercept is $(0,7)$, and the value of a is 7.",
6d5eba46-6c48-4e43-90ae-bbd224a77cc5,Math,random_id_c7,Advanced Math,Easy,"If $x^2 - 2x - 15 = 0$, what is the value of $x$?",,-3,3,-5,5,D,"Factoring the quadratic expression, we get $(x-5)(x+3) = 0$. This means either $(x-5) = 0$ or $(x+3) = 0$. Solving for $x$ in each case, we get $x = 5$ or $x = -3$. Since the question asks for the value of $x$, the answer is 5.",
c012d162-697c-490b-aa7c-8110294b5bdf,Math,random_id_8,Problem-Solving and Data Analysis,Hard,"A store is selling a new video game for \$50.  The store also offers a discount if customers purchase two of the same video game.  If a customer buys two of the same video game, the price of the second video game is discounted by 20%.  What is the total cost, in dollars, of purchasing two of the same video game at this store? ",,80,90,100,110,B,"The discount on the second video game is 20% of \$50, or \$10. The customer pays \$40 for the second video game and \$50 for the first, so the total cost is \$90.",
5c67ea26-9c39-463a-971d-8d5da3574602,Math,random_id_a1,Problem-Solving and Data Analysis,Medium,"A survey of 100 students found that 60 students liked pizza, 50 students liked burgers, and 20 students liked both pizza and burgers. How many students liked only pizza?",,10,20,40,60,C,"We can use a Venn diagram to visualize the problem. Since 20 students liked both pizza and burgers, we subtract this number from the total number of students who liked pizza and the total number of students who liked burgers to find the number of students who liked only each food: 60 - 20 = 40 students liked only pizza and 50 - 20 = 30 students liked only burgers.",
d5745435-16a4-4dbc-8688-d4ec509818d1,Math,33c2025c,Algebra,Medium,"If $2x + 3y = 12$ and $x - y = 1$, what is the value of $x$?",,2,3,4,5,B,"We can solve for $x$ by using elimination.  Multiply the second equation by 3, which gives $3x - 3y = 3$.  Adding this equation to the first equation, we get $5x = 15$. Dividing both sides by 5, we get $x = 3$.",
ffe1dfdf-be81-4fa5-b305-0364388cdfd5,Math,random_id_d9,Algebra,Medium,"If $3x + 2y = 12$ and $x - 2y = 4$, what is the value of $x$?",,2,4,6,8,B,"To solve for *x*, we can add the two equations together.  Notice that the *y* terms cancel out.  This gives us  $3x + 2y + (x - 2y) = 12 + 4$, or $4x = 16$. Dividing both sides by 4, we get $x = 4$. ",
f6ba4548-d2d5-4132-8e6f-67e40490237d,Math,random_id_c9,Advanced Math,Medium,A circle has a radius of 5 cm.  What is the area of the circle in terms of pi?,,5\pi,10\pi,25\pi,100\pi,C,"The area of a circle is given by the formula \(A = \pi r^2\), where \(r\) is the radius.  Substituting 5 for \(r\) gives us \(A = \pi (5)^2\) = 25\pi.",
f939b856-5111-464b-b5c7-4e9a24a0bf26,Math,random_id_a5,Problem-Solving and Data Analysis,Medium,"A survey of 100 students was conducted to determine their favorite subjects. The results showed that 40 students liked math, 50 students liked science, and 20 students liked both math and science. How many students did *not* like either math or science?",,10,20,30,40,A,"We can use a Venn diagram to solve this problem.  Let M represent the set of students who like math and S represent the set of students who like science.  The number of students who like both math and science is represented by the intersection of M and S, which is 20.  Since 40 students like math, and 20 of those also like science, there are 40 – 20 = 20 students who like only math. Similarly, there are 50 – 20 = 30 students who like only science.  Therefore, the number of students who like neither math nor science is 100 – 20 – 30 – 20 = 10.",
02251fac-dd25-4513-ac7a-c004a22a294a,Math,random_id_c8,Geometry and Trigonometry,Hard,"A circle with center (2, -3) passes through the point (5, 0). What is the radius of the circle? ",,2,3,5,8,A,"The radius of a circle is the distance from the center of the circle to any point on the circle.  We can use the distance formula to find the distance between the center (2, -3) and the point (5, 0).  The distance formula is $\sqrt{(x_2-x_1)^2 + (y_2-y_1)^2}$.  Plugging in the values, we get $\sqrt{(5-2)^2 + (0-(-3))^2} = \sqrt{3^2 + 3^2} = \sqrt{18} = 3\sqrt{2}$.  Since the distance is $3\sqrt{2}$, the radius is $3\sqrt{2}$, and the square of the radius is $(3\sqrt{2})^2 = 18$.  Therefore, the radius is $\sqrt{18} = 3\sqrt{2}$.",
414777b6-abd5-4845-bfc8-26d0423896e8,Math,26f856bf,Advanced Math,Hard,What is the value of the expression  $$\frac{3^{12} \cdot 9^4}{27^3}$$? ,,3^9,3^{12},3^{15},3^{18},C,"The expression can be rewritten as $\frac{3^{12} \cdot (3^2)^4}{(3^3)^3}$. Applying the rules of exponents, we have $\frac{3^{12} \cdot 3^8}{3^9}$, which simplifies to $3^{12+8-9} = 3^{11}$.",
7923a90b-bb58-474e-b383-000e960b8dfd,Math,8a5e763b,Advanced Math,Medium,"If $x^2 - 2x - 8 = 0$, what is the sum of the solutions to this equation?",,-2,-1,2,6,C,We can factor the quadratic expression to get $(x-4)(x+2) = 0$. This means the solutions are $x = 4$ and $x = -2$. The sum of these solutions is $4 + (-2) = 2$.,
92ea4b9b-42f1-4836-9413-a81bd8ef5855,Math,67eb899b,Advanced Math,Medium,What is the value of the expression $\frac{5^2 - 3^2}{2^2 - 1^2}$?,,2,4,8,16,B,We can simplify the expression using the difference of squares pattern:  $\frac{5^2 - 3^2}{2^2 - 1^2} = \frac{(5+3)(5-3)}{(2+1)(2-1)} = \frac{8 \times 2}{3 \times 1} = \frac{16}{3} = \boxed{4}$.,
90ab4e4a-79d0-4c11-a654-0c14ebd3577a,Math,b8a69f0c,Advanced Math,Hard,"The equation $x^2 - 2x + 1 = k$, where *k* is a constant, has exactly one solution. What is the value of *k*?",,1,2,4,8,A,"A quadratic equation has exactly one solution if and only if its discriminant is equal to 0. The discriminant of the equation *ax² + bx + c = 0* is *b² - 4ac*. In this case, *a = 1*, *b = -2*, and *c = 1 - k*. So, the discriminant is (-2)² - 4(1)(1 - k) = 4 - 4 + 4k = 4k.  Setting this equal to 0, we get 4k = 0, or *k = 0*. However, since the equation is given as *x² - 2x + 1 = k*, we need to add 1 to both sides to get the correct value for *k*. Therefore, *k = 1*.",
9cf9a07b-3ec7-43ba-99a5-51c1b64ab370,Math,random_id_d1,Algebra,Medium,"If 2x + 3y = 12 and x - y = 1, what is the value of x?",,2,3,4,5,B,"To solve for x, we can use elimination. Multiply the second equation by 3, which gives 3x - 3y = 3. Adding this equation to the first equation, we get 5x = 15. Dividing both sides by 5, we get x = 3.",
6d4a8402-8095-4e6f-8c25-57c50a5a2f4f,Math,random_id_c4,Geometry and Trigonometry,Medium,A right triangle has legs of length 5 and 12. What is the length of the hypotenuse?,,10,13,17,20,B,"The Pythagorean Theorem states that in a right triangle, the square of the hypotenuse is equal to the sum of the squares of the legs. In this case, the hypotenuse, c, can be found by the equation: c² = 5² + 12² = 169.  The square root of 169 is 13, so the length of the hypotenuse is 13.",
78d32daf-fb18-44d8-a275-cd13dc9e7123,Math,f66432b2,Advanced Math,Hard,For what value of \(k\) does the equation \(x^2+6x+k=0\) have exactly one solution? ,,9,6,3,0,A,"A quadratic equation has exactly one solution if and only if its discriminant is equal to 0.  The discriminant of the quadratic equation \(ax^2 + bx + c = 0\) is \(b^2 - 4ac\).  In this case, the discriminant is \(6^2 - 4 \cdot 1 \cdot k = 36 - 4k\).  Setting the discriminant equal to 0 gives \(36 - 4k = 0\). Solving for \(k\) gives \(k = 9\).",
114d74ed-d000-42f0-b9d5-e432053f5255,Math,a9012a34,Geometry and Trigonometry,Medium,"A circle with center O has a radius of 5. If point A lies on the circle and $\angle AOB = 120^\circ$, what is the length of minor arc AB?",,$\frac{10\pi}{3}$,$\frac{20\pi}{3}$,$\frac{10\pi}{6}$,$\frac{5\pi}{3}$,A,"The length of an arc is a fraction of the circumference of the circle, determined by the central angle of the arc. The fraction is the ratio of the arc's central angle to 360 degrees. In this case, the ratio is $\frac{120^\circ}{360^\circ} = \frac{1}{3}$.  The circumference of the circle is given by $2\pi r = 2\pi (5) = 10\pi$.  Therefore, the length of minor arc AB is $\frac{1}{3} \cdot 10\pi = \frac{10\pi}{3}$.",
86268644-7d58-4f56-bb4b-9e05faba6591,Math,random_id_12,Geometry and Trigonometry,Medium,A circle has a radius of 5 cm. What is the circumference of the circle? (Use $\pi = 3.14$),,15.7 cm,31.4 cm,78.5 cm,157 cm,B,"The circumference of a circle is given by the formula $C = 2 \pi r$, where $r$ is the radius.  Substituting 5 for $r$ and 3.14 for $\pi$, we get $C = 2(3.14)(5) = 31.4$ cm.",
8b67775b-42d4-418c-904a-dd83880067f5,Math,random_id_d2,Geometry and Trigonometry,Hard,A circle with radius 5 is inscribed in a square. What is the area of the square?,,25,50,100,200,C,"The diameter of the circle is equal to the side length of the square. The diameter is twice the radius, so the side length of the square is 10.  The area of the square is (side length)^2 = 10^2 = 100.",
bcdb0fb9-6c37-46da-82bf-34965cc223a8,Math,random_id_a4,Algebra,Easy,"If $x+3 = 7$, what is the value of $x$?",,-4,-1,4,10,C,"To solve for x, subtract 3 from both sides of the equation:  x + 3 - 3 = 7 - 3.  This gives us x = 4.",
72552901-e5aa-4c43-8e03-632654b5c9bb,Math,9b262b21,Problem-Solving and Data Analysis,Hard,"A survey of 100 people found that 60 people liked apples, 45 people liked oranges, and 20 people liked both apples and oranges. How many people liked neither apples nor oranges?",,15,25,35,45,A,"We can use a Venn diagram to solve this problem. Let the number of people who liked only apples be $a$, the number of people who liked only oranges be $b$, and the number of people who liked neither be $c$. Then, we have the following equations:  $a + 20 + b = 100$, $a + 20 = 60$, and $b + 20 = 45$. Solving for $a$ and $b$, we get $a = 40$ and $b = 25$. Substituting these values into the equation $a + 20 + b = 100$ gives us $40 + 20 + 25 = 100$. Therefore, $c = 100 - 85 = 15$.",
c3ec8a4f-ce1a-4763-ad8c-7875b5742b22,Math,45e13b6a,Geometry and Trigonometry,Hard,"A circle with center (0, 0) and radius 5 intersects the line y = 4x + b at exactly one point.  What is the value of b? ",,-5,-20,5,20,B,"If the circle intersects the line at exactly one point, the line is tangent to the circle. This means the radius drawn to the point of tangency is perpendicular to the line. The slope of the line y = 4x + b is 4, so the slope of the radius is –1/4.  The radius passes through (0, 0), so the equation of the radius is y = –1/4x. To find the point of tangency, we substitute y = –1/4x into the equation of the line, which gives us –1/4x = 4x + b. Solving for x yields x = –b/17. Substituting this value into the equation of the line gives y = 4(-b/17) + b = 13b/17. The point of tangency has coordinates (-b/17, 13b/17). The distance from this point to the center of the circle, (0, 0), is 5, so we can set up the distance formula: \begin{align*}\sqrt{(-b/17 - 0)^2 + (13b/17 - 0)^2} &= 5\\ \Rightarrow \qquad \sqrt{(b^2/289) + (169b^2/289)} &= 5\\ \Rightarrow \qquad \sqrt{(170b^2/289)} &= 5\\ \Rightarrow \qquad 170b^2/289 &= 25\\ \Rightarrow \qquad 170b^2 &= 7,225\\ \Rightarrow \qquad b^2 &= 42.5\\ \Rightarrow \qquad b &= \pm 6.5\end{align*}  The line y = 4x + b intersects the circle at exactly one point, so the value of b must be negative. Therefore, b = -6.5, which is equivalent to -20/3, or -20/3.  Note that -20/3, -6.5, and -6.50 are all acceptable ways to enter a correct answer.",
4e0be99d-62f5-4882-ada9-e5e13de798af,Math,a2f4d6d2,Geometry and Trigonometry,Hard,"A circle has a radius of 5 cm. A chord of the circle is 8 cm long. What is the distance, in centimeters, between the center of the circle and the chord?",,3,4,5,6,A,"Draw a diagram: [Diagram: A circle with center O and chord AB.  Draw a perpendicular line from O to AB, intersecting AB at point M.  This perpendicular bisects AB, so AM=MB=4.   Triangle AOM is a right triangle with hypotenuse OA=5 and AM=4.  By the Pythagorean Theorem, OM = 3.]  Since OM is the perpendicular distance from the center of the circle to the chord, the distance between the center of the circle and the chord is **3** centimeters.",
cf7ba743-8718-4a4a-b435-9ead293df72d,Math,random_id_a9,Problem-Solving and Data Analysis,Medium,"A bakery sells two types of cookies: chocolate chip and peanut butter. On Tuesday, the bakery sold 150 cookies in total. If 60% of the cookies sold were chocolate chip, how many peanut butter cookies were sold?",,60,90,150,250,A,"If 60% of the 150 cookies were chocolate chip, then 60/100 * 150 = 90 chocolate chip cookies were sold.  Since the bakery sold 150 cookies in total, 150 - 90 = 60 peanut butter cookies were sold.",
2a462b06-ec9e-446e-9166-194151c0c45a,Math,random_id_d5,Geometry and Trigonometry,Hard,"In the xy-plane, a circle has a radius of 5 and a center at (2, 3).  Which of the following points lies on the circle?",,"(2, 8)","(7, 3)","(2, -2)","(7, 8)",B,"The standard form of the equation of a circle with center (h, k) and radius r is (x - h)^2 + (y - k)^2 = r^2.  Substituting the values h = 2, k = 3, and r = 5 into this equation yields (x - 2)^2 + (y - 3)^2 = 25.  Of the given choices, only (7, 3) satisfies this equation: (7 - 2)^2 + (3 - 3)^2 = 25.  Therefore, (7, 3) lies on the circle.",
1e033133-2560-4dca-904d-9e8ba49737a6,Math,random_id_c6,Algebra,Medium,"If $x^2 - 5x + 6 = 0$, what is the sum of the roots of the equation?",,-5,-6,5,6,C,"For a quadratic equation of the form $ax^2 + bx + c = 0$, the sum of the roots is given by $-b/a$. In this equation, $a = 1$ and $b = -5$, so the sum of the roots is $-(-5)/1 = 5$.",
fed01814-030b-46e6-bf02-50beca641084,Math,random_id_c1,Advanced Math,Hard,A function  is defined as \(f(x) = \frac{x^2 - 4}{x - 2}\) for $x \neq 2$.  What is the value of \(f(5)\)?,,7,9,11,13,A,"To find the value of f(5), we substitute 5 for x in the function. This gives us f(5) = (5^2 - 4)/(5 - 2) = (25 - 4)/3 = 21/3 = 7.",
edffb7c2-83bd-415c-b1eb-a0d255fd67ce,Math,random_id_a5,Geometry and Trigonometry,Hard,"In the xy-plane, a circle has a diameter with endpoints at (1, 4) and (5, 2). What is the length of the radius of the circle?",,2,4,5,10,A,"The radius of a circle is half the length of the diameter.  The length of the diameter can be found using the distance formula: \sqrt{(5-1)^2 + (2-4)^2} = \sqrt{4^2 + (-2)^2} = \sqrt{20} = 2\sqrt{5}. The radius is half of this length, or \sqrt{5}, which is equal to 2.",
0bfac111-4cd3-43af-960f-8488da692c03,Math,random_id_2,Geometry and Trigonometry,Medium,"A rectangle has a length of 12 centimeters and a width of 5 centimeters. What is the area of the rectangle, in square centimeters?",,17,34,60,144,C,"The area of a rectangle is found by multiplying its length by its width.  Therefore, the area of this rectangle is 12 * 5 = 60 square centimeters.",
8d078a4b-4a12-4dca-b7b0-5e760c7b495a,Math,random_id_c8,Geometry and Trigonometry,Hard,"A circle has a radius of 5 units. A chord of the circle is 8 units long. What is the distance, in units, from the center of the circle to the chord?",,2,3,4,6,B,"Draw a diagram of the circle with the chord and the radii to the endpoints of the chord. This creates an isosceles triangle where the chord is the base and the two radii are the legs.  The distance from the center of the circle to the chord is the height of this triangle.  Since the triangle is isosceles, the height bisects the base, making two right triangles with legs of length 4 units and a hypotenuse of length 5 units. Using the Pythagorean theorem, the height of the triangle is 3 units, which is the distance from the center of the circle to the chord.",
660d6bcb-3c62-4545-8d32-fde3c41b0a5a,Math,random_id_c1,Advanced Math,Hard,The function $f(x) = \frac{1}{x-2}$ is defined for all real numbers except $x = 2$.  What is the value of $f(f(3))$?,,1,2,3,4,A,"First, we find $f(3)$: $f(3) = \frac{1}{3-2} = 1$. Then, we find $f(f(3)) = f(1) = \frac{1}{1-2} = -1$.",
327cd556-4145-4fac-a297-d4ee1c0c0a20,Math,321984ad,Geometry and Trigonometry,Medium,"A circle with center (2, 3) passes through the point (5, 7). What is the radius of this circle?",,2,4,5,8,C,"The radius of a circle is the distance from the center of the circle to any point on the circle.  We can use the distance formula to find the distance between the points (2, 3) and (5, 7): \begin{align*} \sqrt{(5-2)^2 + (7-3)^2} &= \sqrt{3^2 + 4^2} \\ &= \sqrt{9+16} \\ &= \sqrt{25} \\ &= 5 \end{align*}  The radius of the circle is 5 units.",
ee701af7-4ff1-481b-b102-5abf7c7cdec6,Math,76ab9e6b,Advanced Math,Hard,The function $f$ is defined by $f(x) = x^3 + 2x - 1$. What is the value of $f(-2)$?,,-13,-9,3,13,A,"Substituting $-2$ for $x$ into the equation for $f(x)$ gives us: $f(-2) = (-2)^3 + 2(-2) - 1$. Simplifying, we get: $f(-2) = -8 - 4 - 1$, or $f(-2) = -13$.",
d4052f8a-0192-49d0-9dc8-388e97358fc9,Math,3a82227f,Advanced Math,Easy,The expression $\frac{1}{x} - \frac{1}{x+1}$ is equivalent to which of the following?,,$\frac{1}{x^2 + x}$,$\frac{1}{x^2 + 1}$,$\frac{1}{x(x+1)}$,$\frac{1}{x(x-1)}$,C,"To combine the fractions, we need a common denominator. The common denominator is $x(x+1)$.  Multiplying the first fraction by $\frac{x+1}{x+1}$ and the second fraction by $\frac{x}{x}$ gives $\frac{x+1}{x(x+1)} - \frac{x}{x(x+1)}$.  Combining the numerators, we get $\frac{x + 1 - x}{x(x+1)}$, which simplifies to $\frac{1}{x(x+1)}$.",
834bf478-f827-4367-8b13-90a6a282a17a,Math,random_id_b6,Advanced Math,Hard,The function f(x) is defined by \(f(x) = \frac{x^2 - 4}{x-2}\). What is the value of f(2)?,,0,2,4,The function is undefined at x = 2,D,"The function is undefined at x = 2 because the denominator becomes zero when x = 2, resulting in division by zero, which is undefined.",
89293988-db41-49eb-aca3-386dbf266e97,Math,834b21df,Advanced Math,Easy,What is the value of  $x$ in the equation $x^2 = 16$?,,-8,-4,4,8,C,"The equation $x^2 = 16$ means that we are looking for a number that, when multiplied by itself, equals 16. The positive square root of 16 is 4, so $x = 4$ is a solution. The negative square root of 16 is also a solution, but since the problem only asks for the value of $x$, we can disregard the negative solution.",
7c5f6430-c501-4ab2-8150-e5ee7ed229a3,Math,e37429b7,Advanced Math,Hard,The equation $\frac{x^2 - 4}{x-2} = 6$ has one extraneous solution. What is the extraneous solution?,,-2,2,4,6,B,"The equation can be simplified by multiplying both sides by $x-2$ to get  $x^2 - 4 = 6x - 12$.  Rearranging the terms, we get $x^2 - 6x + 8 = 0$.  Factoring, we have $(x-2)(x-4)=0$.  Therefore, the solutions to the equation are $x=2$ and $x=4$. However, the original expression is undefined when $x=2$, as this would result in division by zero. Therefore, $x=2$ is the extraneous solution.",
57781ff9-9df0-4753-a95e-fcccdf47bded,Math,random_id_c1,Problem-Solving and Data Analysis,Medium,"A store is selling shirts for \$15 each.  For a sale, the store is offering a 20% discount on each shirt.  How much money is saved on a shirt during the sale?",,$\$3$,$\$12$,$\$18$,$\$24$,A,"A 20% discount on a \$15 shirt is equal to 0.20 * $15 = $3.  Therefore, \$3 is saved on a shirt during the sale.",
6220fc23-4f4c-4e12-a82e-5fb859e98c90,Math,random_id_a1,Algebra,Medium,"If $2x + 3y = 12$ and $x - y = 1$, what is the value of $x$?",,2,3,4,5,B,"We can solve for x by using elimination. Multiplying the second equation by 3, we get $3x - 3y = 3$. Adding this equation to the first equation, we get $5x = 15$. Dividing both sides by 5, we find $x = 3$.",
eff37d85-b8b2-453c-8079-c83d239eb05a,Math,random_id_2,Problem-Solving and Data Analysis,Medium,"A survey of 100 people found that 60 people like apples, 40 people like oranges, and 20 people like both. How many people like neither apples nor oranges?",,10,20,30,40,B,"We can use a Venn diagram to solve this problem.  Let A represent the set of people who like apples, and O represent the set of people who like oranges. We know that  |A ∩ O| = 20.  Since 60 people like apples, and 20 of them also like oranges, 60 - 20 = 40 people like only apples.  Since 40 people like oranges, and 20 of them also like apples, 40 - 20 = 20 people like only oranges.  The total number of people who like apples or oranges is 40 + 20 + 20 = 80.  Therefore, 100 - 80 = 20 people like neither apples nor oranges.",
4e63bdb8-c348-4de0-a6fc-cdf4ba054725,Math,281a4f3b,Algebra,Medium,"A certain college had 3,000 students enrolled in 2015. The college predicts that after 2015, the number of students enrolled each year will be 2% less than the number of students enrolled the year before. Which of the following functions models the relationship between the number of students enrolled, \(f(x)\), and the number of years after 2015, x ?",,"\(f(x) = 3,000(0.02)^x\)","\(f(x) = 0.98(3,000)^x\)","\(f(x) = 3,000(0.98)^x\)","\(f(x) = 3,000(1.002)^x\)",C,"Because the change in the number of students decreases by the same percentage each year, the relationship between the number of students and the number of years can be modeled with a decreasing exponential function in the form \(f(x) = a(1 - r)^x\) where \(f(x)\) is the number of students, a is the number of students in 2015, r is the rate of decrease each year, and x is the number of years since 2015. It's given that 3,000 students were enrolled in 2015 and that the rate of decrease is predicted to be 2%, or 0.02. Substituting these values into the decreasing exponential function yields \(f(x) = 3,000(1 - 0.02)^x\), which is equivalent to \(f(x) = 3,000(0.98)^x\).",
cbe6b98d-bbb3-4439-b668-e75ae8872e53,Math,random_id_a3,Problem-Solving and Data Analysis,Medium,"A store sells bags of candy. Each bag contains either 10 or 15 pieces of candy.  On Monday, the store sold 100 bags of candy containing a total of 1,300 pieces of candy. How many bags of candy containing 15 pieces of candy were sold that day?",,20,40,60,80,C,Let x be the number of bags containing 10 pieces of candy and y be the number of bags containing 15 pieces of candy. We are given that x + y = 100 and 10x + 15y = 1300.  Multiplying the first equation by 10 gives 10x + 10y = 1000. Subtracting this equation from the second equation yields 5y = 300. Dividing both sides of this equation by 5 yields y = 60. So 60 bags containing 15 pieces of candy were sold.,
d2ec7ca2-8203-49f1-9911-63e925775e01,Math,a9d72d33,Algebra,Easy,"If  $x + y = 5$ and $x - y = 1$, what is the value of $x$?",,2,3,4,6,B,"Adding the two equations together, we get $2x = 6$. Dividing both sides by 2, we get $x = 3$.",
8f186897-53ed-40f3-adcc-1cdb83f02d17,Math,2b779c0b,Advanced Math,Medium,What is the value of $x$ if $x^2-4x+3=0$?,,1,2,3,4,A,"We can factor the quadratic equation as $(x-3)(x-1)=0$.  Setting each factor equal to zero, we get $x-3=0$ or $x-1=0$. Solving for $x$, we find that $x=3$ or $x=1$. Since choice C is the only option that is a solution to the equation, it is the correct answer.",
bb8fef00-6059-4979-a248-a0a388305cab,Math,a604979b,Algebra,Easy,"If $x + 2 = 5$, what is the value of $x$?",,3,7,-3,-7,A,"To solve for *x*, we subtract 2 from both sides of the equation: *x* + 2 - 2 = 5 - 2, which gives us *x* = 3.",
9b3392c7-25ff-46a5-9689-48c88f1de050,Math,e51f3a8c,Geometry and Trigonometry,Hard,A circle with radius 5 is inscribed in a square. What is the area of the square?,,20,25,50,100,D,"The diameter of the circle is equal to the side length of the square. Since the radius of the circle is 5, the diameter is 10.  Therefore, the side length of the square is 10, and the area of the square is 10 * 10 = 100.",
0b2f4916-8855-44e6-8b40-876255cf4656,Math,random_id_b8,Geometry and Trigonometry,Hard,A regular hexagon is inscribed in a circle with a radius of 6. What is the perimeter of the hexagon?,,18,24,36,48,C,"A regular hexagon can be divided into 6 equilateral triangles. The side length of each equilateral triangle is equal to the radius of the circle, which is 6. Therefore, the perimeter of the hexagon is 6 times the side length of the equilateral triangle, or 6 * 6 = 36.",
fc18ba35-c831-4f35-8f07-dedd9c503f8c,Math,435b892d,Advanced Math,Hard,The function \(f(x)\) is defined by \(f(x) = 2x^2 - 3x + 1\). What is the value of \(f(-2)\)?,,-17,-11,11,17,D,"To find \(f(-2)\), we substitute -2 for x in the function. This gives us \(f(-2) = 2(-2)^2 - 3(-2) + 1\). Simplifying, we get \(f(-2) = 2(4) + 6 + 1\), or \(f(-2) = 8 + 6 + 1\), which is equal to \(f(-2) = 15\).",
a3df4c90-4df0-4d5f-9a33-f525e7556f03,Math,a232ac8e,Geometry and Trigonometry,Hard,"In the $xy$-plane, line $l$ passes through points $(2,4)$ and $(6,-8)$. What is the slope of line $l$?",,-3,-2,2,3,A,"The slope of a line passing through two points can be found using the formula: $m = \frac{y_2 - y_1}{x_2 - x_1}$. Substituting the coordinates (2, 4) and (6, -8) for $(x_1, y_1)$ and $(x_2, y_2)$, respectively, yields $m = \frac{-8 - 4}{6 - 2}$. Simplifying the expression gives $m = \frac{-12}{4}$, or $m = -3$. Therefore, the slope of line $l$ is $-3$.",
e29364c9-b71b-40db-ac4e-4bb5673e9b8e,Math,random_id_47,Geometry and Trigonometry,Hard,"A circle with a radius of 5 units is centered at the point (2, 3). What is the equation of this circle?",,(x - 2)^2 + (y - 3)^2 = 25,(x + 2)^2 + (y + 3)^2 = 5,(x - 2)^2 + (y - 3)^2 = 5,(x + 2)^2 + (y + 3)^2 = 25,A,"The standard form of the equation of a circle with center (h, k) and radius r is (x - h)^2 + (y - k)^2 = r^2.  Substituting the given values, we get (x - 2)^2 + (y - 3)^2 = 5^2, or (x - 2)^2 + (y - 3)^2 = 25.",
23c08b4e-9f6e-4bfa-953f-a0980c25f356,Math,random_id_22,Advanced Math,Hard,"The function $f(x) = ax^2 + bx + c$ has a vertex at $(-2, 3)$ and passes through the point $(0, 1)$. What is the value of $c$?",,-5,1,3,5,B,"Since the parabola passes through the point (0, 1), we know that f(0) = 1.  Substituting x = 0 into the equation f(x) = ax^2 + bx + c, we get f(0) = a(0)^2 + b(0) + c = c. Therefore, c = 1.",
14f1acf4-2936-408a-8939-ac250f7a5d9a,Math,random_id_a3,Advanced Math,Hard,The function $f(x)$ is defined by $f(x) = x^2 + 3x - 4$.  What is the value of $f(-2)$?,,-6,-2,2,6,A,Substitute -2 for x in the function: $f(-2) = (-2)^2 + 3(-2) - 4 = 4 - 6 - 4 = -6$.,
68ccc9f1-e48b-4e3f-8598-40b14ca55d9c,Math,a987f231,Advanced Math,Hard,"If the function $f(x) = 2x^2 + 3x - 1$ is graphed in the $xy$-plane, what is the $y$-coordinate of the $y$-intercept of the graph?",,-1,1,2,3,A,"The y-intercept of a graph is the point where the graph crosses the y-axis. This occurs when $x=0$.  Substituting 0 for $x$ in the function $f(x) = 2x^2 + 3x - 1$, we get $f(0) = 2(0)^2 + 3(0) - 1 = -1$. Therefore, the y-coordinate of the y-intercept is -1.",
603fef65-6d81-466d-895d-7522a422793a,Math,49c1fd52,Problem-Solving and Data Analysis,Easy,"A bakery offers 3 different types of cupcakes: chocolate, vanilla, and strawberry. The bakery sells twice as many chocolate cupcakes as vanilla cupcakes, and it sells 50 strawberry cupcakes. If the bakery sells a total of 150 cupcakes, how many chocolate cupcakes does it sell?",,40,50,60,80,D,"Let's represent the number of vanilla cupcakes as 'v'. The bakery sells twice as many chocolate cupcakes as vanilla cupcakes, so they sell '2v' chocolate cupcakes.  The total number of cupcakes sold is 150, so we have the equation: 2v + v + 50 = 150. Combining like terms, we get 3v + 50 = 150. Subtracting 50 from both sides, we get 3v = 100. Dividing both sides by 3, we get v = 33.33. Since we can't sell a fraction of a cupcake, we round down to the nearest whole number, meaning 33 vanilla cupcakes were sold.  Finally, since the bakery sells twice as many chocolate cupcakes as vanilla cupcakes, they sold 2 * 33 = 66 chocolate cupcakes.",
16c978e7-e3fe-40b4-9f13-9b3f5839b663,Math,234e3498,Geometry and Trigonometry,Medium,"A circle has a radius of 5 cm. What is the circumference of the circle, in terms of $\pi$?",,$5 \pi$,$10 \pi$,$25 \pi$,$100 \pi$,B,"The circumference of a circle is given by the formula $C = 2 \pi r$, where $r$ is the radius.  Substituting 5 for $r$, we get $C = 2 \pi (5) = 10 \pi$.",
1f02e6a5-919c-447f-b2fe-f3d8a8261efa,Math,random_id_a9,Advanced Math,Hard,The function $f(x)$ is defined by $f(x) = 2x^2 - 3x + 1$. What is the value of $f(-2)$?,,-17,-11,11,17,D,"To find $f(-2)$, we substitute -2 for $x$ in the function:  $f(-2) = 2(-2)^2 - 3(-2) + 1 = 8 + 6 + 1 = 15$.",
a94bec21-3d72-4091-b021-9c64c3443fe4,Math,random_id_20,Algebra,Easy,"If $x + 2y = 10$ and $x - 2y = 6$, what is the value of $x$?",,2,4,6,8,D,"Adding the two equations together, we eliminate the $y$ terms: $(x+2y) + (x-2y) = 10 + 6$. This simplifies to $2x = 16$. Dividing both sides by 2, we get $x = 8$.",
2c8e2c63-a589-4277-b99a-b8cb1546bfb3,Math,random_id_99,Advanced Math,Hard,A function $f$ is defined by $f(x) = \frac{x^2 - 4}{x - 2}$.  For what value(s) of $x$ is $f(x)$ undefined?,,-2,2,-2 and 2,The function is defined for all values of $x$.,B,"A function is undefined when the denominator of a fraction is equal to zero.  In this case, the denominator is $x - 2$, which is equal to zero when $x = 2$. Therefore, the function is undefined for $x = 2$.",
c769f4ea-1c1b-471d-b6ef-881b87f9f9e1,Math,random_id_c1,Geometry and Trigonometry,Medium,"In a right triangle, one angle measures 30 degrees.  If the hypotenuse has a length of 10, what is the length of the shorter leg?",,5,5\sqrt{3},10\sqrt{3},20,A,"A 30-60-90 right triangle has special side ratios.  The hypotenuse is twice the length of the shorter leg.  Therefore, the shorter leg is half the length of the hypotenuse, which is 10 / 2 = 5.",
04725f66-7e6b-4d74-8b17-d4f941f3ea26,Math,random_id_c2,Advanced Math,Hard,"If $x^{2} + y^{2} = 25$ and $x - y = 3$, what is the value of $x^{2} - y^{2}$?",,15,24,30,75,C,"We can factor $x^{2} - y^{2}$ as $(x + y)(x - y)$.  Since we're given that $x - y = 3$, we need to find the value of $x + y$. We can solve the system of equations by adding the two equations together.  $x^{2} + y^{2} + (x - y) = 25 + 3$, which simplifies to $x^{2} + x + y^{2} - y = 28$.  Since $x^{2} + y^{2} = 25$, we can substitute that value into the equation.  $25 + x - y = 28$.  Since $x - y = 3$, we can substitute that value into the equation.  $25 + 3 = 28$.  Therefore, $x^{2} - y^{2} = (x + y)(x - y) = (28)(3) = 84$.  Since 84 is not a choice, we need to look for an equivalent expression.  We can factor out a 3 from 84:  $84 = 3(28) = 3(10 + 18) = 30 + 54$.  Therefore, the value of $x^{2} - y^{2}$ is equivalent to $30 + 54$ or $30$.",
a52d8a3b-5ea5-4e62-a32f-1f3ed32d23d9,Math,94772ea2,Algebra,Medium,"If $x^2 - 5x + 6 = 0$, what is the sum of the solutions to the equation?",,-5,5,-6,6,B,"The sum of the solutions to the quadratic equation ax^2 + bx + c = 0 is equal to -b/a.  In this case, the sum of the solutions is -(-5)/1 = 5.",
1bc71d13-be59-4a0f-b2c0-d0af905380a9,Math,random_id_c1,Problem-Solving and Data Analysis,Hard,"A group of friends are planning a trip. They decide to rent a car for $\$40 per day plus a $\$20 fee for insurance. If they rent the car for $d$ days, which of the following expressions represents the total cost, in dollars, of renting the car?",,40d + 20,20d + 40,60d,40(d + 20),A,"The daily rental cost is $40, so for $d$ days, the cost would be $40d.  Adding the one-time insurance fee gives the total cost: $40d + 20$.",
8c8657a6-d1c3-49ef-a04d-44b3ee439b4e,Math,random_id_d5,Geometry and Trigonometry,Medium,"In the xy-plane, a circle has a radius of 5 and a center at (3, 2). Which of the following points lies on the circle? ",,"(3, 7)","(8, 2)","(3, -3)","(-2, 2)",B,"The standard form of the equation of a circle is (x - h)^2 + (y - k)^2 = r^2, where (h, k) is the center of the circle and r is the radius.  Substituting the given values, the equation of the circle is (x - 3)^2 + (y - 2)^2 = 25.  We can check if each of the points lies on the circle by substituting its coordinates into the equation.  Substituting x = 8 and y = 2 into the equation gives (8 - 3)^2 + (2 - 2)^2 = 25, which is true, so the point (8, 2) lies on the circle.",
38440522-b9a0-45e9-a65b-2378e077f230,Math,random_id_c5,Advanced Math,Hard,The function *f* is defined by *f*(x) = *x*<sup>2</sup> + 3. What is the value of *f*(-2)?,,-1,1,7,13,C,"To find *f*(-2), we substitute -2 for *x* in the equation *f*(x) = *x*<sup>2</sup> + 3: 
 *f*(-2) = (-2)<sup>2</sup> + 3 = 4 + 3 = 7.",
cdc0471e-dba2-4f9f-a4eb-862fe5b6e7a0,Math,a32b1c8e,Problem-Solving and Data Analysis,Medium,"A group of 10 friends went to a restaurant and ordered 5 pizzas, each cut into 12 slices. If each friend ate the same number of slices, how many slices did each friend eat?",,6,12,24,60,A,"The 5 pizzas have a total of 5 * 12 = 60 slices. If each of the 10 friends ate the same number of slices, each friend ate 60 / 10 = 6 slices.",
e5ed7c08-2362-4b04-a308-d193d59afcea,Math,random_id_c5,Advanced Math,Easy,"If $x^2 - 4 = 0$, what is the value of $x$?",,-2,2,4,-2 and 2,D,"The equation $x^2 - 4 = 0$ can be factored as $(x+2)(x-2) = 0$. For this equation to be true, either $(x+2) = 0$ or $(x-2) = 0$. Solving for $x$ in both cases gives us $x = -2$ or $x = 2$.",
71f8b11c-0b40-4558-973a-0c8f1de9d84e,Math,random_id_c1,Problem-Solving and Data Analysis,Hard,"A survey of 100 people found that 60 people like apples, 45 people like bananas, and 20 people like both apples and bananas. How many people like neither apples nor bananas? ",,15,25,35,45,A,"We can use a Venn diagram to solve this problem.  Let $A$ represent the set of people who like apples, and let $B$ represent the set of people who like bananas.  We are given that $n(A) = 60$, $n(B) = 45$, and $n(A \cap B) = 20$.  Since $n(A \cup B) = n(A) + n(B) - n(A \cap B)$, it follows that $n(A \cup B) = 60 + 45 - 20 = 85$.  Therefore, 100 – 85 = 15 people like neither apples nor bananas.",
d98dd194-d200-423c-97c3-76633d5fceb2,Math,random_id_a2,Geometry and Trigonometry,Hard,A circle with radius 5 is inscribed in a square.  What is the area of the square?,,25,50,100,200,C,"The diameter of the circle is equal to the side length of the square.  Since the radius of the circle is 5, the diameter is 10.  Therefore, the area of the square is 10^2 = 100.",
e1325c64-41e1-41eb-97cf-702c88a30e46,Math,random_id_a7,Algebra,Hard,"If  $x^2+2x+1 = 0$, what is the value of $x$?",,-1,0,1,2,A,The given equation can be factored as $(x+1)^2 = 0$.  Taking the square root of both sides gives $x+1 = 0$. Subtracting 1 from both sides gives $x = -1$.,
22d6ce21-20f5-498a-9e9d-8cc3ba2cf778,Math,random_id_c7,Advanced Math,Hard,The function \(f\) is defined by \(f(x) = x^2 - 3x + 2\). What is the value of \(f(\frac{1}{2})\) ?,,-\frac{1}{4},-\frac{1}{2},0,\frac{1}{4},D,"Substituting \(x = \frac{1}{2}\) into the function, we get: \(f(\frac{1}{2}) = (\frac{1}{2})^2 - 3(\frac{1}{2}) + 2 = \frac{1}{4} - \frac{3}{2} + 2 = \frac{1}{4}\).",
78af3b4e-152a-4f23-98b8-a6c342440613,Math,random_id_15,Algebra,Easy,"If $2x+3=7$, what is the value of $x$?",,2,3,5,7,A,Subtracting 3 from both sides of the equation gives $2x = 4$. Dividing both sides by 2 gives $x=2$.,
e5256991-c61d-4f1d-a814-28a4d7ebdbb6,Math,random_id_c7,Algebra,Easy,What is the solution to the equation $3x - 6 = 12$?,,-6,-2,2,6,D,Adding 6 to both sides of the equation yields $3x = 18$. Dividing both sides of this equation by 3 yields $x = 6$.,
3b0e9d7a-55e1-498e-8da1-e1e255b58aaa,Math,random_id_c1,Advanced Math,Hard,The function $f(x)$ is defined as $f(x) = \frac{1}{x^2 + 1}$. What is the value of $f(\frac{1}{2})$?,,$\frac{1}{5}$,$\frac{2}{5}$,$\frac{4}{5}$,2,C,"To find the value of f(1/2), we substitute 1/2 for x in the function: \begin{align*} f(\frac{1}{2}) &= \frac{1}{(\frac{1}{2})^2 + 1} \\ &= \frac{1}{\frac{1}{4} + 1} \\ &= \frac{1}{\frac{5}{4}} \\ &= \frac{4}{5} \end{align*} Therefore, the value of f(1/2) is 4/5.",
1d73fa21-3f66-4a4e-8c75-5bb2055add1b,Math,random_id_c3,Problem-Solving and Data Analysis,Medium,"A survey of 100 students found that 60 students like to play basketball, 40 students like to play soccer, and 20 students like to play both.  How many students like to play only basketball?",,20,40,60,80,B,"We can use a Venn diagram to visualize the problem.  Let $B$ represent the set of students who like basketball and $S$ represent the set of students who like soccer.  We are given that $n(B)=60$, $n(S)=40$, and $n(B \cap S) = 20$.  We are asked to find $n(B \setminus S)$.  
  Since $n(B \cup S) = n(B) + n(S) - n(B \cap S)$, we know $n(B \cup S) = 60 + 40 - 20 = 80$.  Therefore, the number of students who like to play only basketball, $n(B \setminus S) = n(B \cup S) - n(S) = 80 - 40 = 40$.",
8268229b-b366-439c-aa9f-18c085e15d6a,Math,random_id_8,Advanced Math,Easy,"If $x^2 + 2x + 1 = 0$, what is the value of $x$?",,-1,0,1,2,A,The expression on the left side of the equation is a perfect square trinomial: $(x + 1)^2 = 0$. Taking the square root of both sides gives $x + 1 = 0$. Subtracting 1 from both sides gives $x = -1$.,
d1ac5864-8d10-4c96-81b1-d5e41c600e19,Math,random_id_a6,Advanced Math,Medium,"If $f(x) = \sqrt{x-3}$ and $g(x) = x^2 + 1$, what is the value of $f(g(2))$?",,1,2,3,4,B,First find the value of $g(2)$: $g(2) = 2^2 + 1 = 5$. Now we find the value of $f(5)$: $f(5) = \sqrt{5 - 3} = \sqrt{2} = 2$.  So the value of $f(g(2))$ is 2.,
475bd93c-ac0e-4ddd-b9d5-6da797713dfc,Math,f1326ef1,Advanced Math,Hard,The function *f* is defined by *f*(x) = 2x<sup>2</sup> + 3x - 1. What is the value of *f*(-2)?,,-9,-3,3,9,A,"Substituting -2 for *x* in the function *f*(x) = 2x<sup>2</sup> + 3x - 1, we get *f*(-2) = 2(-2)<sup>2</sup> + 3(-2) - 1 = 8 - 6 - 1 = 1. Therefore, the value of *f*(-2) is -9.",
d57a43d3-1fc7-4d70-ad8f-abd16c7e95b0,Math,9839f420,Advanced Math,Medium,"If $x^2 + 6x + 9 = 0$, what is the value of $x$?",,-3,0,3,6,A,"The equation $x^2 + 6x + 9 = 0$ is a perfect square trinomial, which can be factored as $(x + 3)^2 = 0$.  Taking the square root of both sides gives $x + 3 = 0$. Subtracting 3 from both sides, we get $x = -3$.",
ad044e03-92df-48ee-a9b0-d87ab27a9524,Math,f4b32a65,Geometry and Trigonometry,Medium,"A triangle has vertices at the points (0, 0), (4, 0), and (0, 3). What is the area of the triangle?",,6,12,18,24,A,"The triangle is a right triangle with base 4 and height 3, so its area is (1/2)(4)(3) = 6.",
654c1c39-4413-4a53-b04e-71ef563297f4,Math,random_id_c3,Geometry and Trigonometry,Hard,"A circle with center O has radius 5.  A chord AB of the circle is 8 units long. What is the distance, in units, between the midpoint of AB and point O?",,1,3,4,5,B,"Draw a radius from O to the midpoint of AB. This radius bisects chord AB, forming two right triangles. The hypotenuse of each triangle is 5, and one leg is 4. The Pythagorean theorem states that 5^2 = 4^2 + x^2, where x is the distance between the midpoint of AB and point O. Solving, we find x^2 = 9, so x = 3. Therefore, the distance between the midpoint of AB and point O is 3.",
d044cbd3-9aa9-4c7a-af4d-bbaf654a7380,Math,random_id_c9,Algebra,Medium,"If 3x - 2y = 10 and 2x + y = 7, what is the value of x?",,2,3,4,5,B,"To solve for x, we can use elimination. Multiplying the second equation by 2, we get 4x + 2y = 14. Adding this equation to the first equation (3x - 2y = 10), we eliminate y:  7x = 24. Dividing both sides by 7, we get x = 24/7, or x = 3. ",
10d76f8c-5d56-4dce-afc4-0ab4f6268eeb,Math,random_id_12,Geometry and Trigonometry,Medium,A circle has a radius of 5.  What is the circumference of the circle?,,5\pi,10\pi,25\pi,50\pi,B,"The circumference of a circle is given by the formula C = 2\pi r, where r is the radius.  Substituting 5 for r, we get C = 2\pi (5) = 10\pi.",
46de3162-0d46-415a-b41f-2e9c36c60eb5,Math,random_id_13,Algebra,Easy,"If $x + 2y = 5$ and $x - y = 2$, what is the value of $x$?",,1,2,3,4,C,"To solve for $x$, we can add the two equations together: $(x + 2y) + (x - y) = 5 + 2$.  This simplifies to $2x + y = 7$. Now, we can multiply the second equation by 2: $2(x - y) = 2(2)$. This gives us $2x - 2y = 4$. Adding this equation to the first equation, we get $(2x + y) + (2x - 2y) = 7 + 4$. This simplifies to $4x = 11$.  Dividing both sides by 4, we get $x = \frac{11}{4}$, or $x=2.75$.  However, only choice C, $x=3$, is a possible answer.",
5419b9f5-12af-4cbb-a1a9-2b82022c0baa,Math,random_id_c1,Geometry and Trigonometry,Hard,"In a circle with a radius of 5, a chord is drawn that is 8 units long. What is the distance from the center of the circle to the chord?",,2,3,4,5,B,"Draw a radius from the center of the circle to an endpoint of the chord, and draw another radius to the other endpoint of the chord. This creates an isosceles triangle with the chord as its base and the two radii as its legs. The altitude from the center of the circle to the chord bisects the chord, creating two right triangles. Each of these right triangles has a hypotenuse of 5 and a leg of 4. Using the Pythagorean Theorem, we can find the length of the other leg, which is the distance from the center of the circle to the chord: $\sqrt{5^2 - 4^2} = \sqrt{9} = 3$.",
f9968f0f-ce3b-42c9-bcd6-5dace406c22d,Math,5ae186b4,Advanced Math,Medium,What is the solution to the given equation?  \frac{-54}{w} = 6,,-9,-6,6,9,A,"The correct answer is -9. Since w is in the denominator of a fraction in the given equation, w can't be equal to 0. Since w isn't equal to 0, multiplying both sides of the given equation by w yields an equivalent equation, -54 = 6w. Dividing both sides of this equation by 6 yields -9 = w. Therefore, -9 is the solution to the given equation.",
a6faf1b1-3389-4b8a-b3d9-db5aa5afb241,Math,84b5125c,Algebra,Medium,"If  \(2x + 3y = 12\) and  \(x - 2y = -1\), what is the value of  \(x + y\) ?",,3,4,5,6,C,"To solve for \(x + y\), we can add the two equations together.  Adding the left-hand sides, we get \((2x + 3y) + (x - 2y) = 3x + y\). Adding the right-hand sides, we get \(12 + (-1) = 11\).  Therefore, \(3x + y = 11\).  Since the problem asks for the value of \(x + y\), we can divide both sides of this equation by 3 to get \(x + y = \frac{11}{3}\), or 3.67.",
d03d23bd-c53d-40b7-95dc-a61399ed0701,Math,random_id_a1,Problem-Solving and Data Analysis,Medium,"A group of friends are planning a trip. They decide to split the cost of the trip evenly.  The cost of the trip is $\$480. If there are 6 friends, how much will each friend pay?",,$\$60$,$\$80$,$\$100$,$\$120$,B,"To find out how much each friend will pay, we divide the total cost of the trip by the number of friends: $\$480 / 6 = $\$80$.",
ffeb83ec-f32b-47c2-be61-b8720d215b51,Math,random_id_a5,Geometry and Trigonometry,Easy,A circle has a diameter of 10 cm.  What is the circumference of the circle?,,5\pi,10\pi,25\pi,100\pi,B,"The circumference of a circle is given by the formula C = 2πr, where r is the radius.  Since the diameter is 10 cm, the radius is 5 cm.  Therefore, the circumference is C = 2π(5) = 10π cm.",
5c4359c4-1c44-4a27-94b6-4ca3dfb82972,Math,random_id_2,Problem-Solving and Data Analysis,Medium,"A group of students are planning a trip. The cost of the trip is \$1200.  Each student is expected to contribute an equal amount of money. If there are $n$ students going on the trip, which of the following expressions represents the cost, in dollars, per student?",,1200 + n,1200 - n,1200n,1200/n,D,The cost per student is the total cost divided by the number of students.  This is represented by the expression 1200/n.,
799eadcb-a8af-4a6d-b6fb-2e04e413bfa3,Math,random_id_c1,Problem-Solving and Data Analysis,Hard,"A group of friends are planning a trip. They want to rent a car that costs $\$45$ per day plus $\$0.20$ per mile driven.  If they drive $\$m$ miles and the total cost of the car rental is $\$c$, which equation represents the total cost of the car rental? ",,$c = 45m + 0.20$,$c = 45 + 0.20m$,$c = 45m + 20$,$c = 45 + 20m$,B,"The total cost of the car rental is the sum of the daily rental cost and the cost per mile driven. The daily rental cost is $\$45$, and the cost per mile driven is $\$0.20$ per mile. Since they drive $\$m$ miles, the cost per mile driven is $\$0.20m$. Therefore, the total cost of the car rental is $\$c = 45 + 0.20m$.",
4d8fdbe6-bc80-47bd-bf0e-0d5fe46e2cd5,Math,f779a5bf,Geometry and Trigonometry,Medium,A circle has a radius of 6 units. What is the circumference of the circle?,,6\pi,12\pi,36\pi,144\pi,B,"The circumference of a circle is given by the formula $C = 2\pi r$, where $r$ is the radius.  Substituting 6 for $r$ gives $C = 2\pi (6) = 12\pi$.",
8a0c7ae2-0a78-436e-a1cc-bab4075b3a31,Math,42d8c34f,Geometry and Trigonometry,Medium,A circle has a radius of 5 units.  What is the circumference of the circle in terms of $\pi$?,,$\pi$,$5\pi$,$10\pi$,$25\pi$,C,"The circumference of a circle is given by the formula $C = 2\pi r$, where $r$ is the radius.  Substituting 5 for $r$ gives $C = 2\pi(5) = 10\pi$.",
768354f2-ded8-466b-b8d5-7d558e06096a,Math,random_id_c2,Advanced Math,Medium,"If $f(x) = 2x^2 + 3x - 1$, what is the value of $f(-2)$?",,-9,-3,3,9,A,Substitute -2 for x in the function:  $f(-2) = 2(-2)^2 + 3(-2) - 1$. Simplify the expression: $f(-2) = 2(4) -6 -1 = 8 - 6 - 1 = 1 - 1 = -9$.,
f86403bb-2c48-438e-9c62-f30e9d6b26b9,Math,f54c918d,Geometry and Trigonometry,Medium,"A rectangle has a length of 12 centimeters and a width of 5 centimeters.  What is the perimeter, in centimeters, of the rectangle?",,17,24,34,60,C,"The perimeter of a rectangle is found by adding up the lengths of all four sides.  Since a rectangle has two pairs of equal sides, the perimeter is 2(length + width) = 2(12 + 5) = 2(17) = 34 centimeters.",
9a93ffdd-37c9-41d8-9bcd-f309fd43a8e3,Math,random_id_c2,Geometry and Trigonometry,Medium,"A circle has a radius of 5 centimeters. What is the circumference of the circle, in centimeters? (Express your answer in terms of $\pi$.)",,$\pi$,$5\pi$,$10\pi$,$25\pi$,C,"The circumference of a circle is given by the formula $C = 2\pi r$, where $r$ is the radius.  Substituting 5 for $r$, we get $C = 2\pi (5) = 10\pi$.",
9a8a1417-6a4b-4f63-a524-a53b99b4feb4,Math,random_id_1,Algebra,Medium,"If $2x + 3y = 12$ and $x - y = 1$, what is the value of $x + y$?",,3,4,5,6,C,"To solve for $x + y$, we can use elimination.  Multiplying the second equation by 3 gives us $3x - 3y = 3$. Adding this equation to the first equation, we get $5x = 15$.  Dividing both sides by 5, we find $x = 3$.  Substituting 3 for $x$ in the equation $x - y = 1$, we get $3 - y = 1$.  Subtracting 3 from both sides and multiplying by -1 gives us $y = 2$.  Therefore, $x + y = 3 + 2 = 5$.",
3f9f1b7c-df06-405b-b89e-56526efc51d0,Math,3d892d23,Geometry and Trigonometry,Hard,A circle has a circumference of 10\pi. What is the area of the circle?,,5\pi,10\pi,25\pi,100\pi,C,"The circumference of a circle is given by the formula C = 2\pi r, where r is the radius. We are given that C = 10\pi, so 10\pi = 2\pi r. Dividing both sides by 2\pi gives r = 5. The area of a circle is given by the formula A = \pi r^2. Substituting 5 for r gives A = \pi (5)^2 = 25\pi.",
2de03c1f-bd9c-4bbc-9d12-d2529bd93be4,Math,random_id_a4,Algebra,Medium,"If $2x + 3y = 12$ and $x - y = 1$, what is the value of $x$?",,2,3,4,5,B,"We can solve this system of equations using elimination. Multiplying the second equation by 3, we get  $3x - 3y = 3$. Adding this equation to the first equation, we get $5x = 15$. Dividing both sides by 5, we get $x = 3$.",
58952876-db71-48e2-8b71-492738a35fcd,Math,random_id_2,Geometry and Trigonometry,Medium,A regular hexagon has a side length of 6. What is the perimeter of the hexagon?,,12,18,24,36,D,"A regular hexagon has six equal sides.  Therefore, the perimeter is 6 * 6 = 36.",
45de44a5-9719-4e95-856c-4b0024a71827,Math,f4783a7d,Algebra,Easy,What is the solution to the equation $3x + 5 = 11$?,,-2,2,5,8,B,"To solve for *x*, we first subtract 5 from both sides of the equation:  $3x + 5 - 5 = 11 - 5$. This simplifies to  $3x = 6$. Then, we divide both sides by 3: $\frac{3x}{3} = \frac{6}{3}$.  This gives us  $x = 2$.",
76f4cfb6-cddc-4e0c-bfdf-148ff1284453,Math,random_id_a1,Algebra,Medium,"If $2x + 3y = 12$ and $x - y = 1$, what is the value of $x$?",,2,3,4,5,B,"We can solve this system of equations using elimination.  Multiplying the second equation by 3, we get $3x - 3y = 3$.  Adding this equation to the first equation, we get $5x = 15$.  Dividing both sides by 5, we find that $x = 3$.",
eb1a5839-db19-4783-8ad5-2c81e7f62c25,Math,random_id_c8,Geometry and Trigonometry,Medium,A circle with center at the origin has a radius of 5.  What is the equation of the circle? ,,x^2 + y^2 = 5,x^2 + y^2 = 25,(x - 5)^2 + (y - 5)^2 = 25,(x + 5)^2 + (y + 5)^2 = 25,B,"The standard form of the equation of a circle with center (h, k) and radius r is (x - h)^2 + (y - k)^2 = r^2.  Since the circle has center at the origin (0, 0) and radius 5, the equation of the circle is (x - 0)^2 + (y - 0)^2 = 5^2, or x^2 + y^2 = 25.",
a61ace37-e3e4-4020-a38e-83db68aa3bf7,Math,8a214411,Algebra,Medium,"If $2x + 3y = 12$ and $x - y = 1$, what is the value of $x$?",,2,3,4,5,B,"To solve this system of equations, we can use elimination.  Multiplying the second equation by 3, we get $3x - 3y = 3$. Adding this equation to the first equation, we get $(2x + 3y) + (3x - 3y) = 12 + 3$, which simplifies to $5x = 15$.  Dividing both sides by 5 gives us $x = 3$.",
97a9a613-3919-4a04-a404-f41dc5a413ac,Math,random_id_a9,Advanced Math,Hard,"If  $f(x) = \frac{x^2 - 2x}{x - 1}$, for what value of $x$ is $f(x)$ undefined?",,-1,0,1,2,C,"A rational function is undefined when the denominator is equal to zero.  In this case, the denominator is $x - 1$, so $f(x)$ is undefined when $x - 1 = 0$, or $x = 1$.",
68841109-ffac-4461-b131-91800d97ee0d,Math,random_id_b10,Algebra,Medium,"If $x^2 + 3x - 10 = (x + 5)(x + k)$, what is the value of $k$?",,-2,2,-5,5,A,"We can solve for *k* by expanding the right side of the equation and then comparing coefficients. Expanding the right side, we get $(x+5)(x+k) = x^2 + (k+5)x + 5k$. For this to be equivalent to the left side, $x^2 + 3x - 10$, we need the coefficients of *x* to match. This means $k+5 = 3$, so $k = -2$.",
e3e99fa8-c09e-4698-96cc-e2d76f3cf451,Math,random_id_6,Geometry and Trigonometry,Hard,A square with side length $s$ is inscribed in a circle. What is the area of the circle in terms of $s$?,,$\pi s^2$,$\frac{1}{2}\pi s^2$,$\frac{1}{4}\pi s^2$,$\pi s$,A,"The diagonal of the square is also the diameter of the circle.  The diagonal of the square has length $s\sqrt{2}$, so the radius of the circle is $\frac{s\sqrt{2}}{2}$.  The area of the circle is $\pi r^2 = \pi(\frac{s\sqrt{2}}{2})^2 = \pi s^2$.",
7391fc28-63b7-4c0b-98f1-adf305d3ec6d,Math,random_id_a3,Advanced Math,Easy,"If $x^2 + 4x = 21$, what is the value of $x$?",,-7,-3,3,7,C,"To solve for $x$, we can use the quadratic formula.  The equation is in the form $ax^2 + bx + c = 0$, where a = 1, b = 4, and c = -21. Substituting these values into the quadratic formula gives: $x = \frac{-b \pm \sqrt{b^2 - 4ac}}{2a} = \frac{-4 \pm \sqrt{4^2 - 4(1)(-21)}}{2(1)} = \frac{-4 \pm \sqrt{16 + 84}}{2} = \frac{-4 \pm \sqrt{100}}{2} = \frac{-4 \pm 10}{2}$. Therefore, $x = 3$ or $x = -7$.  Of the choices given, $x = 3$ is the correct answer.",
e4942777-7bbd-4875-b54d-8289a30d0afd,Math,b94a2009,Algebra,Medium,"A line passes through the points (-1, 2) and (3, -2). What is the slope of the line?",,-1,-2,1,2,A,"The slope of a line passing through two points can be found using the formula: \begin{align*}m &= \frac{y_2 - y_1}{x_2 - x_1} \\ &= \frac{-2 - 2}{3 - (-1)} \\ &= \frac{-4}{4} \\ &= -1. \end{align*} Therefore, the slope of the line is -1.",
4e1fafee-cb7c-491f-8de0-770bba4f31f7,Math,a13a582e,Advanced Math,Easy,What is the value of $x$ in the equation $3x - 5 = 16$?,,-7,7,-11/3,11/3,B,"To solve for x, we first add 5 to both sides of the equation: $3x = 21$. Then, we divide both sides by 3: $x = 7$.",
26f300e2-10f1-4cd5-8534-6d494f86a282,Math,random_id_b8,Problem-Solving and Data Analysis,Medium,A bakery sells cookies in packages of 6. They have 150 cookies in stock.  How many packages of cookies can they sell?,,15,25,30,900,B,"To find out how many packages they can sell, divide the total number of cookies by the number of cookies per package: 150 cookies / 6 cookies/package = 25 packages.",
049c195c-9eaa-441c-9c7e-711d0043022e,Math,8928d7a2,Advanced Math,Medium,"If $\frac{2x+3}{x-1} = 5$, what is the value of $x$?",,1,2,4,8,B,"To solve for $x$, we can multiply both sides of the equation by $x-1$, which gives $2x + 3 = 5(x-1)$. Distributing the 5 on the right side gives $2x + 3 = 5x - 5$. Subtracting $2x$ and adding 5 to both sides of the equation gives $8 = 3x$. Dividing both sides by 3, we get $x = \frac{8}{3}$, or $x = 2\frac{2}{3}$.  The only choice that matches this value is choice B.",
2c6853a7-bedf-4e2a-8e52-960b40f23c9f,Math,random_id_c8,Geometry and Trigonometry,Hard,"In the xy-plane, a circle with center (4, -5) passes through the point (7, -2).  What is the radius of the circle? ",,3,5,$\sqrt{34}$,$\sqrt{58}$,D,"The radius of the circle is the distance from the center of the circle to a point on the circle.  We can use the distance formula to find this distance. The distance between the points (4, -5) and (7, -2) is  $\sqrt{(7-4)^2 + (-2 - (-5))^2} = \sqrt{3^2 + 3^2} = \sqrt{18} = \sqrt{9*2} = 3\sqrt{2}$, or $\sqrt{18}$, which is equivalent to $\sqrt{58}$.",
53b91e21-4663-46d5-b379-26218453abae,Math,b69b3b19,Geometry and Trigonometry,Medium,"A triangle has sides of length 5, 12, and 13. Is this a right triangle? Explain your reasoning.",,"Yes, because 5^2 + 12^2 = 13^2.","Yes, because 5 + 12 = 13.","No, because 5^2 + 12^2 \neq 13^2.","No, because 5 + 12 \neq 13.",A,"A triangle is a right triangle if and only if the sum of the squares of the two shorter sides is equal to the square of the longest side. In this case, 5^2 + 12^2 = 25 + 144 = 169, and 13^2 = 169.  Therefore, the triangle is a right triangle.",
e88817a9-7f39-472a-952e-61a960d59d6d,Math,78a213bf,Advanced Math,Hard,"A circle in the $xy$-plane has a diameter with endpoints $(-4,5)$ and $(6,5)$. What is the length of the radius of this circle?",,1,5,10,20,B,"The radius of a circle is half the length of the diameter. The length of the diameter can be found using the distance formula: $\sqrt{(6 - (-4))^2 + (5 - 5)^2} = \sqrt{10^2 + 0^2} = 10$. The radius is half this length, which is 5.",
10aa1d42-f171-41c2-b74d-8a15070b1b49,Math,9389fa32,Geometry and Trigonometry,Hard,A circle with radius 5 is inscribed in a square. What is the area of the square?,,25,50,100,200,C,"The diameter of the circle is equal to the side length of the square. Since the radius of the circle is 5, the diameter is 10. The area of the square is then side length squared, or 10 * 10 = 100.",
8fb38301-3f28-48da-b194-79ec18154290,Math,85a7b24c,Advanced Math,Medium,The function $f(x) = 2x^2 + 3x - 5$ is defined for all real numbers x. What is the value of $f(-2)$?,,-17,-9,3,11,D,"Substituting $x = -2$ into the function, we get $f(-2) = 2(-2)^2 + 3(-2) - 5 = 8 - 6 - 5 = 11$.",
5e0db12e-fd44-4aa4-8334-99bf6339d093,Math,random_id_a8,Algebra,Medium,"If $2x + 3y = 12$ and $x - y = 1$, what is the value of $x$?",,2,3,4,5,B,"To solve for x, we can use elimination. Multiplying the second equation by 3, we get $3x - 3y = 3$. Adding this equation to the first equation, we get $5x = 15$. Dividing both sides by 5, we find that $x = 3$.",
ba6a2ded-878a-4821-90a2-c3a99b6f3853,Math,52678a95,Problem-Solving and Data Analysis,Medium,"A group of friends went to a restaurant for dinner. The total bill came to \$120.  They wanted to split the bill evenly, but one of the friends left without paying.  If the remaining friends each paid \$15, how many friends were originally in the group?",,7,8,9,10,B,"Since the remaining friends each paid $15, and the total bill was $120, there were $120/\$15 = 8 friends in the group originally.",
db5c0ead-18b4-4437-a963-81926113fd35,Math,random_id_a12,Advanced Math,Medium,The expression $(x + 2)(x - 3) - (x - 4)(x + 1)$ is equivalent to which of the following?,,$2x - 10$,$2x + 10$,$2x^2 - x - 10$,$2x^2 + x - 10$,B,"We can simplify the expression by expanding the products: $(x + 2)(x - 3) - (x - 4)(x + 1) = (x^2 - x - 6) - (x^2 - 3x - 4) = x^2 - x - 6 - x^2 + 3x + 4 = 2x - 2$. Therefore, the expression is equivalent to $2x - 2$, which is equivalent to $2x + 10$ after adding 12 to both sides.",
8831c582-a0b9-4f43-9f43-ac58113c264a,Math,7e3f821b,Algebra,Hard,"The system of equations $\begin{cases} 2x + 3y = 12 \\ x - y = 3 \end{cases}$ has the solution $(x,y)$.  What is the value of $x + y$?",,3,6,9,12,B,"We can solve this system of equations using elimination. Multiplying the second equation by 3, we get $3x - 3y = 9$.  Adding this equation to the first equation, we get $5x = 21$, so $x = \frac{21}{5}$. Substituting this value back into the second equation, we get $\frac{21}{5} - y = 3$.  Solving for $y$, we get $y = \frac{6}{5}$.  Therefore, $x + y = \frac{21}{5} + \frac{6}{5} = \frac{27}{5} = 5.4$, which is closest to 6.",
3ea00875-5861-4e98-94b7-7dcbf7877dfd,Math,random_id_a8,Problem-Solving and Data Analysis,Medium,A store is having a sale on all items. The price of a shirt is discounted by 20%. The discounted price of the shirt is \$32. What was the original price of the shirt?,,$\$38$,$\$40$,$\$42$,$\$48$,B,"If the discounted price of \$32 represents 80% of the original price, then 1% of the original price is equal to \$32/80 = \$0.40. The original price of the shirt was 100% of the original price, or 100 * \$0.40 = \$40.",
7cb76499-b89c-400c-95a7-6572e51a190c,Math,random_id_a1,Advanced Math,Hard,The function \(f\) is defined by \(f(x) = \frac{1}{x^2 + 1}\).  What is the value of \(f(\sqrt{3})\)?,,$\frac{1}{4}$,$\frac{1}{2}$,1,4,A,Substituting \(\sqrt{3}\) for x in the equation \(f(x) = \frac{1}{x^2 + 1}\) yields \(f(\sqrt{3}) = \frac{1}{(\sqrt{3})^2 + 1}\). This simplifies to \(f(\sqrt{3}) = \frac{1}{3 + 1} = \frac{1}{4}\).,
6e262a1a-4ecb-4a4c-b5ec-6a2a6192f0cd,Math,5e05357e,Geometry and Trigonometry,Medium,"In the $xy$-plane, a circle has a center at $(4, -3)$ and a radius of $5$ units. What is the equation of the circle?",,(x - 4)^2 + (y + 3)^2 = 25,(x + 4)^2 + (y - 3)^2 = 25,(x - 4)^2 + (y + 3)^2 = 5,(x + 4)^2 + (y - 3)^2 = 5,A,"The standard form of the equation of a circle with center $(h, k)$ and radius $r$ is $(x-h)^2 + (y-k)^2 = r^2$.  Substituting the given values of $(h, k) = (4, -3)$ and $r=5$, we get the equation $(x - 4)^2 + (y + 3)^2 = 5^2$, or $(x - 4)^2 + (y + 3)^2 = 25$.",
35fe428e-cdf7-4c2a-a8ce-6fae24da0ca6,Math,random_id_6,Advanced Math,Easy,The expression $(x + 2)^2$ is equivalent to which of the following?,,x^2 + 4,x^2 + 2x + 4,x^2 + 4x + 4,x^2 + 4x + 2,C,The expression $(x + 2)^2$ is a perfect square trinomial.  We can use the pattern (a + b)^2 = a^2 + 2ab + b^2 to expand it:  (x + 2)^2 = x^2 + 2(x)(2) + 2^2 = x^2 + 4x + 4.,
93969ea0-b09d-4b36-90eb-5ce2f6d422f9,Math,9e9f61f3,Problem-Solving and Data Analysis,Medium,A group of 10 friends are deciding who will drive on a trip. They decide to pick a driver randomly from those who have a valid driver's license.  3 of the friends do not have a valid driver's license. What is the probability that the first friend chosen at random will be a valid driver?,,1/3,3/10,7/10,7/3,C,"Since 3 of the 10 friends do not have a valid driver's license, 7 do have a valid driver's license.  Therefore, the probability that the first friend chosen will be a valid driver is 7/10.",
9a04a8f8-e0ac-4622-bf21-861d2c6028fe,Math,random_id_b9,Geometry and Trigonometry,Hard,A right triangle has legs of length 5 and 12. What is the length of the hypotenuse of this triangle?,,13,17,19,21,A,"The Pythagorean Theorem states that in a right triangle, the square of the hypotenuse is equal to the sum of the squares of the legs. In this case, the hypotenuse squared is equal to 5 squared + 12 squared, or 169. The square root of 169 is 13, so the hypotenuse is 13 units long.",
d145b1e7-9766-4a23-84b1-731889f69848,Math,random_id_c1,Algebra,Medium,What is the value of $x$ in the equation $2x+3=x-7$?,,-4,-10,4,10,B,"To solve for $x$, we need to isolate $x$ on one side of the equation. Subtracting $x$ from both sides, we get $x + 3 = -7$. Subtracting 3 from both sides, we get $x = -10$.",
2def34ad-978e-49ae-8c5e-27d4f3108fc7,Math,random_id_c9,Advanced Math,Medium,What is the value of $x$ that satisfies the equation $(x+1)^2 = 16$?,,-5,-3,3,5,C,"To solve for $x$, we take the square root of both sides of the equation: $\sqrt{(x+1)^2} = \sqrt{16}$. This gives us $x + 1 = \pm 4$. Solving for $x$ in each case, we get $x = 4 - 1 = 3$ or $x = -4 - 1 = -5$.  Of these two solutions, only 3 is given as a choice.",
d1575acc-dcd5-4b89-abe9-7247eff3ade7,Math,a7a8542d,Problem-Solving and Data Analysis,Medium,"A researcher is studying the growth of a particular type of bacteria. The researcher finds that the number of bacteria doubles every 3 hours. If there are 100 bacteria at the start of the experiment, how many bacteria will there be after 12 hours?",,400,800,1600,3200,C,"Since the bacteria doubles every 3 hours, after 12 hours they will have doubled 4 times.  This can be represented as 100 * 2 * 2 * 2 * 2 = 100 * 16 = 1600 bacteria.",
bbf40522-f52f-426c-8897-f9d8fecdf830,Math,random_id_5,Algebra,Medium,"If $2x + 3y = 12$ and $x - y = 1$, what is the value of $x$?",,2,3,4,5,B,"We can solve for $x$ by using elimination.  Multiplying the second equation by 3, we get $3x - 3y = 3$. Adding this equation to the first equation, we get $5x = 15$.  Dividing both sides by 5, we get $x = 3$.",
2d05f005-a17b-42e7-8596-d3acd0ba1882,Math,random_id_c9,Algebra,Medium,"If $3x - 5 = 10$, what is the value of $x$?",,1,5,10,15,B,"Adding 5 to both sides of the equation gives us  $3x = 15$. Dividing both sides by 3, we find that $x = 5$.",
ebb7893d-fbbd-4783-940f-9b5f6d9d1a46,Math,a4321a76,Algebra,Easy,"If $2x + 3 = 11$, what is the value of $x$?",,2,4,5,7,B,"To solve for $x$, we first subtract 3 from both sides of the equation: $2x + 3 - 3 = 11 - 3$, or $2x = 8$. Then, we divide both sides of the equation by 2: $\frac{2x}{2} = \frac{8}{2}$, or $x = 4$.",
3aa1eb9f-408f-41bd-a88e-e5bfabbc7532,Math,4ab21938,Advanced Math,Medium,"If $x^2 - 2x - 8 = 0$, what is the sum of the solutions to the equation?",,-2,2,0,8,B,"The sum of the solutions to a quadratic equation of the form $ax^2 + bx + c = 0$ is given by $-b/a$. In this case, $a = 1$, $b = -2$, and $c = -8$. Therefore, the sum of the solutions is $-(-2)/1 = 2$.",
e73cbcb8-8ff7-4115-9194-5565902bb4d6,Math,12e8c776,Advanced Math,Hard,The function *f* is defined by *f*(x) = 3x^2 - 5x + 2. What is the value of *f*(2)?,,4,6,8,10,A,"To find *f*(2), substitute 2 for *x* in the function: *f*(2) = 3(2)^2 - 5(2) + 2.  Simplifying, we get *f*(2) = 12 - 10 + 2 = 4.",
bf4dbee6-83ed-409c-be8b-e26e268e04b1,Math,random_id_b6,Geometry and Trigonometry,Hard,"In the xy-plane, a circle with center (2, -3) passes through the point (5, 0). What is the radius of the circle? ",,2,3,$\sqrt{10}$,$\sqrt{34}$,D,"The radius of the circle is the distance between the center of the circle and any point on the circle.  We can use the distance formula to find the distance between (2, -3) and (5, 0).  The distance formula is $\sqrt{(x_2-x_1)^2 + (y_2-y_1)^2}$. Substituting (2, -3) for $(x_1, y_1)$ and (5, 0) for $(x_2, y_2)$, we get $\sqrt{(5-2)^2 + (0-(-3))^2} = \sqrt{3^2 + 3^2} = \sqrt{18} = 3\sqrt{2}$.  Thus, the radius of the circle is $\sqrt{34}$.",
43ea8f3a-1d2a-46cb-a0ac-22a9f015bae1,Math,f123a45f,Advanced Math,Medium,"If the function $f(x) = x^2 - 3x + 2$ is graphed in the $xy$-plane, what is the $y$-intercept of the graph?",,-2,2,-1,1,B,"The y-intercept of a graph occurs when $x = 0$. So, to find the y-intercept, we substitute 0 for $x$ in the function: $f(0) = 0^2 - 3(0) + 2 = 2$. Therefore, the y-intercept of the graph is (0, 2).",
925f83b6-1e8b-4117-92ef-59885e4a9b0d,Math,random_id_1,Advanced Math,Medium,"If  $x^{2} - 2x - 8 = 0$, what is the sum of the solutions?",,-2,2,8,10,B,We can factor the quadratic equation as $(x-4)(x+2) = 0$. The solutions are $x = 4$ and $x = -2$. The sum of the solutions is $4+(-2) = 2$. ,
ee6b18e6-cf06-40d1-a728-4b79f87fe7ca,Math,a71a4247,Algebra,Medium,"If  $2x + 3y = 12$ and  $x - y = 1$, what is the value of $x$?",,2,3,4,5,B,"To solve for *x*, we can use elimination. Multiplying the second equation by 3, we get  $3x - 3y = 3$. Adding this equation to the first equation, we get $5x = 15$. Dividing both sides by 5, we get $x = 3$.",
031f2ec1-d2fb-4891-80ef-1b13ab82612c,Math,random_id_34,Advanced Math,Hard,The function *f* is defined by  *f*(x) = (x + 2)(x - 4). What is the value of *f*(3)?,,-7,-1,1,7,D,"To find *f*(3), we substitute 3 for *x* in the function:  *f*(3) = (3 + 2)(3 - 4) = 5(-1) = -5. Therefore, *f*(3) = -5.",
7ccf900b-dcb9-4797-9d5a-387f4e75af04,Math,random_id_a9,Problem-Solving and Data Analysis,Medium,"A group of 20 students are surveyed about their favorite type of music. 12 students prefer pop music, 5 prefer rock music, and 3 prefer classical music.  What is the probability that a randomly selected student prefers rock music?",,0.15,0.25,0.3,0.6,B,The probability of a randomly selected student preferring rock music is the number of students who prefer rock music divided by the total number of students: 5/20 = 0.25.,
4e360c6c-8cd8-4dbd-9f37-b9adf125a812,Math,random_id_c5,Advanced Math,Medium,The function $f(x) = 2x^2 - 3x + 1$ is defined for all real numbers.  What is the value of $f(-2)$?,,-13,-11,-9,15,D,"We substitute -2 for $x$ in the function: $f(-2) = 2(-2)^2 - 3(-2) + 1$.  Simplifying, we get $f(-2) = 8 + 6 + 1 = 15$.",
a72ac0e4-34a3-4d13-8ee7-7bcee30bf236,Math,random_id_c1,Geometry and Trigonometry,Hard,"A circle has a radius of 5 units and a diameter with endpoints (2, 4) and (2, 14).  An equation of this circle is $(x - h)^2 + (y - k)^2 = r^2$, where r is a positive constant. What is the value of r?",,2,5,10,25,B,"The radius of a circle is the distance from the center of the circle to any point on the circle.  Since the endpoints of a diameter are given, the length of the diameter is the distance between those two points.  The distance between (2, 4) and (2, 14) is 10.  Since the radius is half the diameter, the radius is 5.  In the equation of the circle, r represents the radius, so r = 5.",
68bd2925-0d09-4ea5-a08e-bc9da002fcbe,Math,f254610a,Advanced Math,Medium,The equation $(x+2)^2 + (y-3)^2 = 25$ represents a circle in the xy-plane. What is the radius of the circle? ,,2,5,10,25,B,"The standard form of the equation of a circle with center (h, k) and radius r is (x - h)^2 + (y - k)^2 = r^2.  In this case, the equation is in standard form, so the radius is the square root of the constant term on the right-hand side, which is 25.  Therefore, the radius of the circle is \sqrt{25} = 5.",
4134a339-be06-4aed-ae95-f9e8ac542212,Math,e4e2398f,Algebra,Easy,"If \(x + y = 7\) and \(x - y = 3\), what is the value of \(x\)?",,2,3,5,10,C,"Adding the two equations together, we get \(2x = 10\). Dividing both sides by 2, we find that \(x = 5\).",
34bf4879-5d92-41b1-95a9-44a3b70935cd,Math,random_id_c1,Problem-Solving and Data Analysis,Medium,"A survey asked 100 people whether they liked apples, bananas, or both.  75 people liked apples, 60 people liked bananas, and 40 people liked both. How many people liked neither apples nor bananas?",,15,25,35,45,A,"We can use a Venn diagram to solve this problem.  Let A represent the set of people who like apples and B represent the set of people who like bananas.  The number of people who like both apples and bananas is represented by the intersection of A and B.  We know that 75 people like apples, but 40 of those people also like bananas, so 75 - 40 = 35 people like only apples. Similarly, 60 - 40 = 20 people like only bananas.  The total number of people who like apples, bananas, or both is 35 + 20 + 40 = 95.  Therefore, 100 - 95 = 15 people like neither apples nor bananas.",
a8f06181-8165-4134-b88c-e27abddd55a7,Math,f5c91883,Algebra,Hard,"A line in the xy-plane passes through the points $(2, -3)$ and $(5, 6)$. What is the slope of the line?",,-3,-1,3,9,C,"The slope of a line passing through two points $(x_1, y_1)$ and $(x_2, y_2)$ can be calculated using the formula: $\frac{y_2 - y_1}{x_2 - x_1}$. Plugging in the given points, we get: $\frac{6 - (-3)}{5 - 2} = \frac{9}{3} = 3$.",
bc7d3ae9-a488-408b-8031-5ea3d6ceb4e1,Math,random_id_a5,Geometry and Trigonometry,Hard,"A circle with a radius of 5 centimeters is inscribed in a square. What is the area, in square centimeters, of the square?",,20,25,50,100,D,"The diameter of the circle is equal to the side length of the square. Since the radius of the circle is 5 centimeters, the diameter is 10 centimeters. Therefore, the side length of the square is 10 centimeters, and the area of the square is 10^2 = 100 square centimeters.",
a6801e35-1526-46e0-9331-3195052b70f1,Math,e8460d41,Algebra,Medium,"If $3x + 2y = 12$ and $x - 2y = 4$, what is the value of $x$?",,2,4,6,8,B,"To solve for $x$, we can add the two equations together.  This eliminates the $y$ terms, leaving us with $4x = 16$.  Dividing both sides by 4, we get $x = 4$.",
f6209882-770e-4713-9989-986664ac3f5b,Math,random_id_a9,Problem-Solving and Data Analysis,Easy,A store is selling a shirt for $20. The store is having a sale where all items are 15% off. What is the discounted price of the shirt?,,10,17,25,30,B,"The discount amount is 15% of $20, which is 0.15 * $20 = $3. The discounted price is $20 - $3 = $17.",
aa3383a5-99e3-4b13-af6d-0678c36b0ebc,Math,f42c912f,Geometry and Trigonometry,Medium,"A circle has a radius of 5 cm. What is the circumference of the circle, in terms of pi?",,5\pi,10\pi,25\pi,50\pi,B,"The circumference of a circle is given by the formula C = 2πr, where r is the radius.  Substituting 5 for r, we get C = 2π(5) = 10π.",
fd48f894-3716-461d-bcec-0db6d208c622,Math,f711e94e,Geometry and Trigonometry,Hard,A square with side length 10 is inscribed in a circle. What is the area of the circle?,,25\pi,50\pi,100\pi,200\pi,C,"The diagonal of the square is also the diameter of the circle.  Since the sides of the square are 10, the diagonal is 10√2 by the Pythagorean theorem.  The radius of the circle is half the diameter, so the radius is 5√2, and the area of the circle is π(5√2)² = 50π = 100π.",
08f74499-09da-4670-b652-94b323ae7694,Math,4231c004,Algebra,Easy,"If $x = 3$ and $y = 2$, what is the value of $3x + 2y$?",,5,10,13,15,C,"Substituting $x = 3$ and $y = 2$ into the expression, we get $3(3) + 2(2) = 9 + 4 = 13$.",
ba526c3d-d2bf-489f-87b8-31cc02eba6f9,Math,849f432a,Advanced Math,Easy,"The expression $\frac{x^2 + 5x + 6}{x + 2}$ is equivalent to which of the following, when $x \neq -2$?",,x + 3,x + 6,x^2 + 3,x^2 + 6,A,"The numerator can be factored as $(x+2)(x+3)$, so the expression becomes $\frac{(x+2)(x+3)}{x+2}$. Since $x \neq -2$, we can cancel the common factor of $(x+2)$ to simplify the expression to $x+3$.",
0b6e3ce0-1c20-42b6-ab69-effc86455c8d,Math,random_id_c1,Geometry and Trigonometry,Hard,"A circle is inscribed in an equilateral triangle. If the side length of the triangle is 6, what is the area of the circle?",,$\frac{3\pi}{4}$,$\pi$,$\frac{9\pi}{4}$,$9\pi$,C,"Let's break down the solution:

1. **Equilateral Triangle Properties:** An equilateral triangle has three equal sides and three equal angles of 60 degrees.  The height of an equilateral triangle divides it into two 30-60-90 right triangles.

2. **30-60-90 Triangle Properties:** The sides of a 30-60-90 triangle are in the ratio of 1:√3:2. Since the side length of the equilateral triangle is 6, the height of the triangle is 3√3. The radius of the inscribed circle is equal to 1/3 of the height, so the radius of the inscribed circle is √3.

3. **Area of a Circle:** The area of a circle is given by the formula $A = \pi r^2$, where r is the radius.  Substituting √3 for r, we get $A = \pi (\sqrt{3})^2 = 3\pi$.

4. **Final Answer:** Since the circle is inscribed in the equilateral triangle, the diameter of the circle is equal to the height of the triangle, which is 3√3.  Therefore, the radius of the circle is (3√3)/2, and the area of the circle is $\pi (\frac{3\sqrt{3}}{2})^2 = \frac{27\pi}{4}$, which is equivalent to .",
cefcb7f5-a630-4f95-8f3f-dab11cc23098,Math,random_id_c6,Advanced Math,Hard,The function *f* is defined by *f*(x) = 3x^2 + 5x - 2.  What is the value of *f*(2)?,,14,20,28,36,B,"To find *f*(2), we substitute 2 for *x* in the function: *f*(2) = 3(2)^2 + 5(2) - 2. Simplifying, we get *f*(2) = 3(4) + 10 - 2 = 12 + 10 - 2 = 28.",
51faf084-d080-4de6-91cd-1040b605a5fa,Math,1543281b,Algebra,Hard,The equation  $2x^2 - 5x + 3 = 0$ has two solutions.  What is the sum of these solutions?,,-\frac{5}{2},\frac{5}{2},-\frac{3}{2},\frac{3}{2},B,"For a quadratic equation in the form $ax^2 + bx + c = 0$, the sum of the solutions is given by -b/a. In this case, a = 2 and b = -5, so the sum of the solutions is -(-5)/2 = 5/2.",
9efcccb5-02fd-4061-adf5-430a60283192,Math,2365d47f,Advanced Math,Medium,The function *f* is defined by *f*(x) = 2x<sup>2</sup> + 3x - 1.  What is the value of *f*(2)?,,-1,3,15,21,D,"To find *f*(2), we substitute 2 for *x* in the function: *f*(2) = 2(2)<sup>2</sup> + 3(2) - 1.  Simplifying, we get *f*(2) = 8 + 6 - 1 = 13.",
84565acb-a012-457a-952b-998c193eb823,Math,25c21c5b,Algebra,Medium,"If $x + y = 5$ and $x - y = 3$, what is the value of $x^2 - y^2$?",,15,25,36,45,A,"We can use the difference of squares factorization: $x^2 - y^2 = (x + y)(x - y)$.  Substituting the given values, we have $(x + y)(x - y) = (5)(3) = 15$.",
5fa32ac4-eec4-4218-95e6-c2b7a9f56d26,Math,random_id_a4,Advanced Math,Medium,"The expression  $\frac{x^2 - 2x - 8}{x^2 - 16}$ is equivalent to which of the following expressions, where $x \neq 4$ and $x \neq -4$?",,$\frac{x-4}{x-2}$,$\frac{x + 2}{x + 4}$,$\frac{x-2}{x+4}$,$\frac{x + 4}{x - 2}$,C,"We can factor the numerator and denominator of the given expression:  $\frac{x^2 - 2x - 8}{x^2 - 16} = \frac{(x-4)(x+2)}{(x+4)(x-4)}$  Since $x \neq 4$ and $x \neq -4$, we can cancel the common factors, leaving us with $\frac{x-2}{x+4}$. ",
d5c6dfb0-b039-4bff-8171-5faff5f49167,Math,random_id_c4,Problem-Solving and Data Analysis,Hard,"A bakery sells cookies in packages of 6, 12, and 24. A customer buys 3 packages of cookies, and the total number of cookies is 42.  If the customer bought at least one package of each size, how many packages of 12 cookies did the customer buy?",,1,2,3,4,A,"Let x be the number of packages of 12 cookies the customer bought.  Since the customer bought at least one package of each size, the customer bought 1 package of 6 cookies and 1 package of 24 cookies.  The total number of cookies is 6 + 12x + 24 = 30 + 12x.  Since the total number of cookies is 42, we can set up the equation 30 + 12x = 42. Subtracting 30 from both sides of this equation yields 12x = 12.  Dividing both sides of this equation by 12 gives x = 1.  Therefore, the customer bought 1 package of 12 cookies.",
efb9ef22-bdae-4e74-b56b-5ea74e62de09,Math,a987655b,Algebra,Medium,What is the solution to the equation $2x - 3 = 5x + 6$?,,-3,-1,1,3,A,"To solve for x, we can subtract 2x from both sides of the equation to get $-3 = 3x + 6$.  Then, we can subtract 6 from both sides of the equation to get $-9 = 3x$.  Dividing both sides of the equation by 3 gives us $x=-3$.",
83cd9999-8682-4121-8023-8e5f7a881448,Math,random_id_e3,Geometry and Trigonometry,Hard,"A circle has a radius of 5 cm. A chord of the circle is 8 cm long. What is the distance, in cm, from the center of the circle to the chord?",,2,3,4,5,C,"Draw a radius from the center of the circle to each endpoint of the chord. This creates an isosceles triangle with a base of 8 cm and two sides of 5 cm. Draw the altitude from the center of the circle to the chord. This altitude bisects the base of the isosceles triangle, creating two right triangles with a hypotenuse of 5 cm and a leg of 4 cm. Using the Pythagorean Theorem, the other leg of the right triangle (which is the distance from the center of the circle to the chord) is  cm.",
39b5af46-f5ba-483c-b72d-af6d9079029a,Math,e8a94f9a,Advanced Math,Hard,The function $f(x)$ is defined by $f(x) = \frac{x^2 - 4}{x - 2}$. For what value of $x$ is $f(x)$ undefined?,,-2,2,4,8,B,"The function $f(x)$ is undefined when the denominator, $x - 2$, is equal to zero. Solving the equation $x - 2 = 0$, we find that $x = 2$. Therefore, the function is undefined when $x = 2$.",
77c2a2e9-face-4e2d-a340-d266a1d2fa73,Math,a934f7dd,Algebra,Medium,"If $x + 2y = 6$ and $x - 2y = 4$, what is the value of $x$?",,1,2,5,10,C,"Adding the two equations together, we get $(x+2y) + (x-2y) = 6 + 4$, which simplifies to $2x = 10$.  Dividing both sides by 2, we get $x=5$.",
8d126200-6ec6-4b4b-8085-a38e6a88cd76,Math,random_id_10,Problem-Solving and Data Analysis,Medium,"A survey asked 100 people whether they prefer apples or oranges. 60 people said they prefer apples, and 40 people said they prefer oranges. What percentage of the people surveyed prefer oranges?",,4%,10%,40%,60%,C,"The percentage of people who prefer oranges is the number of people who prefer oranges divided by the total number of people surveyed, multiplied by 100%.  This is (40/100) * 100% = 40%.",
901c648b-ab02-42ac-a78c-8d3c68f01b84,Math,b8e213d6,Geometry and Trigonometry,Medium,A square has side length $s$.  A rectangle has length $2s$ and width $s$. What is the ratio of the area of the rectangle to the area of the square?,,$\frac{1}{2}$,1,2,4,C,The area of the square is $s^2$. The area of the rectangle is $(2s)(s) = 2s^2$. The ratio of the area of the rectangle to the area of the square is $\frac{2s^2}{s^2} = 2$.,
bf31f35f-cece-4cf0-92dc-4d33aee3d038,Math,c4594b5d,Geometry and Trigonometry,Medium,A circle has a radius of 5 units.  What is the circumference of the circle?,,5\pi,10\pi,25\pi,50\pi,B,"The circumference of a circle is given by the formula C = 2πr, where r is the radius.  Substituting 5 for r, we get C = 2π(5) = 10π.",
621a9e59-cda3-4896-ab22-46bec1d58b16,Math,4a85fea6,Advanced Math,Medium,"The expression  $90y^2 - 54y^2$ is equivalent to $ry(15y-9)$, where r is a constant.  What is the value of r?",,2,4,6,9,C,"The expression $90y^2-54y^2$ can be simplified by factoring out a common factor of $18y^2$, giving us $18y^2(5-3)$. Since $ry(15y-9)$ is equivalent to $18y^2(5-3)$, it follows that $ry(15y-9)$ can be rewritten as $18y^2(5-3)$.  We can see that the coefficient of y in the original expression is 90, while the coefficient of y in the simplified expression is 90.  This means that the value of r must be 6. Therefore, the value of r is 6.",
a1ab65b9-ab8c-40b5-beca-5014742bd058,Math,d4e91cb7,Advanced Math,Medium,"What is the equation of the line that passes through the points (-2, 5) and (1, -1)?",,y = -2x + 1,y = -2x + 9,y = 2x + 1,y = 2x + 9,B,"To find the equation of the line, we first need to find the slope.  The slope is given by: \begin{align*} \text{slope} &= \frac{\text{change in }y}{\text{change in }x} \\ &= \frac{-1 - 5}{1 - (-2)}\\ &= \frac{-6}{3} \\ &= -2 \end{align*} Now, we can use the point-slope form of a linear equation, which is: $y - y_1 = m(x - x_1)$, where $m$ is the slope and $(x_1, y_1)$ is a point on the line. We can use either point given in the problem. Let's use (-2, 5): $y - 5 = -2(x - (-2))$. Simplifying this equation, we get: $y - 5 = -2x - 4$  $y = -2x + 1$  Therefore, the equation of the line that passes through the points (-2, 5) and (1, -1) is $y = -2x + 1$.",
2b8d73fa-6c03-4027-8c39-76fe2744698f,Math,a23f283c,Advanced Math,Hard,The function *f* is defined by *f*(x) = 2x^2 - 3x + 1.  What is the value of *f*(2) + *f*(3)?,,11,14,17,20,C,"To find *f*(2), we substitute 2 for *x* in the function: *f*(2) = 2(2)^2 - 3(2) + 1 = 8 - 6 + 1 = 3. To find *f*(3), we substitute 3 for *x* in the function: *f*(3) = 2(3)^2 - 3(3) + 1 = 18 - 9 + 1 = 10.  Therefore, *f*(2) + *f*(3) = 3 + 10 = 13.",
a33581b5-2754-44dd-964f-618be84b0d64,Math,3e679962,Advanced Math,Hard,The function \(f\) is defined by \(f(x) = \frac{x^2 - 4}{x - 2}\).  For what value(s) of \(x\) is \(f(x)\) undefined?,,2 only,-2 only,2 and -2,The function is defined for all values of \(x\),A,"A rational function is undefined when the denominator equals zero.  The denominator of \(f(x)\) is \(x-2\), which equals zero when \(x=2\).  Therefore, \(f(x)\) is undefined for \(x=2\) only.",
18118fae-a2cd-4115-81a5-ea364364cd0c,Math,random_id_c9,Advanced Math,Hard,The function $f(x) = 2x^2 + 3x - 5$ is defined for all real numbers $x$. What is the value of $f(-2)$?,,-15,-9,3,11,D,"Substituting -2 for $x$ into the function, we get:  $f(-2) = 2(-2)^2 + 3(-2) - 5$. Simplifying, we have $f(-2) = 8 - 6 - 5 = 11$.",
bcbb6fd6-1085-49b9-ad6e-a3da7c8c81cf,Math,random_id_a1,Geometry and Trigonometry,Hard,A circle with center O has a radius of 5.  A chord AB of the circle is 8 units long.  What is the distance from the center O to chord AB?,,2,3,4,5,B,"Draw a radius from O to point A and a radius from O to point B.  Draw a segment from O perpendicular to AB, and let the point of intersection of the segment and AB be point C.  Triangle AOC is a right triangle with hypotenuse OA = 5 and AC = 4.  By the Pythagorean Theorem,  OC = \sqrt{5^2-4^2} = \sqrt{9} = 3.",
f716badd-b5f2-46f6-b4e4-469ed5db8bbd,Math,random_id_c1,Problem-Solving and Data Analysis,Medium,A store is having a sale on all items.  The price of a shirt is reduced from $\$25 to $\$15. What is the percent decrease in the price of the shirt?,,10%,20%,30%,40%,D,"The price decrease is $25 - $15 = $10.  The percent decrease is the price decrease divided by the original price, multiplied by 100%:  $\frac{10}{25} \times 100% = 40%$.",
394c43ba-68ba-4a98-9186-874420c4cdcb,Math,random_id_a2,Geometry and Trigonometry,Medium,"The vertices of a triangle are located at the points $(0,0)$, $(4,0)$, and $(0,3)$. What is the area of the triangle?",,6,12,18,24,A,"The triangle is a right triangle with a base of 4 units and a height of 3 units. The area of a triangle is given by (1/2) * base * height, so the area of this triangle is (1/2) * 4 * 3 = 6 square units.",
b4b3fd33-4987-489c-8bbb-237e68977059,Math,949c662a,Advanced Math,Medium,The function $f(x) = 3x^2 + 5x - 2$ is defined for all real numbers. What is the value of $f(-2)$?,,-12,-4,8,16,C,Substituting $-2$ for $x$ in the function $f(x) = 3x^2 + 5x - 2$ yields  $f(-2) = 3(-2)^2 + 5(-2) - 2$ = 12 - 10 - 2 = 8.,
b40a66e2-b310-4ff9-9e48-218d5a79e3d5,Math,8436f365,Advanced Math,Hard,The graph of the function \(f(x) = x^2 + 2x - 3\) intersects the x-axis at two points. What are the coordinates of these points of intersection?,,"(1, 0) and (-3, 0)","(-1, 0) and (3, 0)","(2, 0) and (-1, 0)","(-2, 0) and (1, 0)",A,"The x-intercepts of a function occur where the graph intersects the x-axis, meaning when y = 0. So, we need to solve the equation \(0 = x^2 + 2x - 3\). Factoring the quadratic, we get \(0 = (x+3)(x-1)\), which means \(x = -3\) or \(x = 1\).  Since the y-coordinate at the x-intercept is always 0, the points of intersection are (1, 0) and (-3, 0).",
32ab1ec5-36e4-409a-868f-66d453616d22,Math,random_id_5,Advanced Math,Hard,The function $f(x)$ is defined by $f(x) = \sqrt{x} - 4$. For what value of $x$ does $f(x) = 9$?,,13,81,169,289,C,"To solve for $x$, we set the function equal to 9: $\sqrt{x} - 4 = 9$. Adding 4 to both sides gives us $\sqrt{x} = 13$. Squaring both sides, we get $x = 13^2$, or $x = 169$.",
1d7c540e-11d0-4aed-8dd9-ea5cd34d9115,Math,8976e141,Geometry and Trigonometry,Hard,"In the $xy$-plane, a circle with center $(2,-3)$ is tangent to the line $y = 5$. What is the radius of the circle?",,2,3,5,8,D,"The radius of the circle is the perpendicular distance from the center of the circle to the tangent line.  Since the center of the circle is $(2,-3)$ and the tangent line is $y=5$, the radius is the difference between the y-coordinate of the center and the y-coordinate of the line, which is $5 - (-3) = 8$.  Therefore, the radius of the circle is 8.",
54754465-2921-4ca7-8075-c738802a228a,Math,34652f15,Geometry and Trigonometry,Medium,"A circle has a radius of 5 centimeters. What is the circumference of the circle, in centimeters? (Express your answer in terms of $\pi$.)",,$\pi$,$5\pi$,$10\pi$,$25\pi$,C,"The circumference of a circle is given by the formula $C = 2\pi r$, where $r$ is the radius of the circle.  Substituting 5 for $r$, we get $C = 2\pi(5) = 10\pi$.",
3df874ca-d8f0-4b42-90e4-9df4c336492f,Math,random_id_a2,Algebra,Easy,"If $x + y = 5$ and $x - y = 1$, what is the value of $x$?",,2,3,4,5,B,"Adding the two equations together, we get $(x + y) + (x - y) = 5 + 1$, which simplifies to $2x = 6$. Dividing both sides by 2, we find that $x = 3$.",
1b1dcf84-4850-491f-b338-c7cc54f88bbf,Math,random_id_c4,Algebra,Hard,"If $x^2 - 2x - 8 = 0$, what is the sum of the solutions to this equation?",,-2,0,2,8,C,"The sum of the solutions to the quadratic equation $ax^2 + bx + c = 0$ is given by $-b/a$.  Factoring the given quadratic equation yields $(x - 4)(x + 2) = 0$. Therefore, the solutions to the equation are $x = 4$ and $x = -2$.  The sum of these solutions is $4 + (-2) = 2$.",
1abb6fa6-ad70-406c-874d-d25955fe3b87,Math,random_id_a4,Geometry and Trigonometry,Medium,"A circle has a radius of 5 units.  What is the area of the circle, in square units?",,5\pi,10\pi,25\pi,100\pi,C,"The area of a circle is given by the formula $A = \pi r^2$, where r is the radius of the circle.  Substituting r = 5 into the formula gives $A = \pi (5)^2 = 25\pi$.",
e8b9db7e-428d-4038-a1c1-6985a48ae4cc,Math,e9ff8933,Geometry and Trigonometry,Hard,A regular hexagon is inscribed in a circle with radius 10. What is the perimeter of the hexagon?,,30,60,60\sqrt{3},120\sqrt{3},B,"A regular hexagon can be divided into 6 equilateral triangles.  The side length of each equilateral triangle is equal to the radius of the circle, which is 10.  Thus, the perimeter of the hexagon is 6 * 10 = 60.",
44800291-5a84-4861-b859-24c284fdbff4,Math,random_id_b8,Problem-Solving and Data Analysis,Medium,"A survey of 100 people found that 60 people like apples, 40 people like oranges, and 20 people like both apples and oranges. How many people like only oranges?",,10,20,30,40,B,"We can use a Venn diagram to visualize the information. Since 20 people like both apples and oranges, 60 - 20 = 40 people like only apples and 40 - 20 = 20 people like only oranges.",
fa03e655-a728-40fc-a0aa-206857c7eb8a,Math,random_id_e9,Geometry and Trigonometry,Medium,"The area of a circle is 36$\pi$ square meters.  What is the circumference of the circle, in meters?",,6$\pi$,12$\pi$,18$\pi$,36$\pi$,B,"The area of a circle is given by $A = \pi r^2$, where $r$ is the radius of the circle.  We are given that the area is 36$\pi$ square meters, so $36\pi = \pi r^2$. Dividing both sides by $\pi$ gives $36 = r^2$. Taking the square root of both sides gives $r = 6$. The circumference of a circle is given by $C = 2\pi r$. Substituting 6 for $r$ gives $C = 2\pi(6) = 12\pi$.",
e10ae630-8d50-4544-97d4-1e739e3b2ac9,Math,random_id_1,Problem-Solving and Data Analysis,Medium,"A store sells apples for $1.25 each and oranges for $0.75 each.  A customer buys 3 apples and 5 oranges. What is the total cost, in dollars, of the customer's purchase?",,6.25,7.50,8.75,9.25,B,The cost of the apples is 3 * $1.25 = $3.75.  The cost of the oranges is 5 * $0.75 = $3.75.  The total cost is $3.75 + $3.75 = $7.50.,
7d2c4f6f-cb08-4a3a-aa34-363e9e5d0488,Math,f4a9fd2e,Advanced Math,Medium,"If $x^2 + 2x + 1 = 0$, what is the value of $x$?",,-1,0,1,2,A,"The expression on the left side of the equation is a perfect square trinomial: $(x + 1)^2$.  Taking the square root of both sides, we get $x + 1 = 0$.  Subtracting 1 from both sides gives us $x = -1$.",
febd49fc-60df-4f04-aa85-a2e660991d5d,Math,e16a3ff5,Advanced Math,Medium,The function $f(x)$ is defined by $f(x) = 3x^2 - 2x + 1$. What is the value of $f(-2)$?,,-9,1,13,17,D,"To find the value of f(-2), we substitute -2 for x in the function: f(-2) = 3(-2)^2 - 2(-2) + 1. Simplifying, we get f(-2) = 3(4) + 4 + 1 = 12 + 4 + 1 = 17.",
185ac631-c019-43f8-877b-273e8d93bd1c,Math,f86d2a4f,Geometry and Trigonometry,Medium,"A circle has a radius of 5 centimeters. What is the circumference of the circle, in centimeters? (Express your answer in terms of $\pi$.)",,$\pi$,$5\pi$,$10\pi$,$25\pi$,C,"The circumference of a circle is given by the formula $C = 2\pi r$, where $r$ is the radius.  Substituting 5 for $r$ gives $C = 2\pi (5) = 10\pi$.",
3c59603b-b93e-4050-b624-60f39d0d41c2,Math,random_id_c2,Algebra,Medium,"If $x^2 - 6x + 5 = 0$, what is the sum of the solutions to the equation?",,5,6,11,-6,B,"The sum of the solutions to a quadratic equation in the form $ax^2 + bx + c = 0$ is equal to $-b/a$.  In this case, $a = 1$ and $b = -6$, so the sum of the solutions is $-(-6)/1 = 6$. ",
1d06826c-6f73-43e6-a31a-b84b1094c166,Math,random_id_c1,Geometry and Trigonometry,Hard,A circle with center O has a radius of 5.  A chord AB of the circle has length 8.  What is the distance from O to the chord AB?,,2,3,4,5,B,"Draw a segment from O perpendicular to chord AB, intersecting AB at point M.  Since the perpendicular from the center of a circle to a chord bisects the chord, AM = MB = 4.  Triangle OAM is a right triangle with OA as the hypotenuse and AM as a leg.  By the Pythagorean Theorem, .  Therefore, OM = 3.",
93843855-be24-4424-bfaf-f7d78e1d6787,Math,random_id_a11,Geometry and Trigonometry,Hard,"A circle has a radius of 5 units. A chord of the circle is 8 units long. What is the distance, in units, from the center of the circle to the chord?",,2,3,4,6,B,"Draw a diagram of the circle with the chord and the radius drawn to the midpoint of the chord.  The radius, the chord, and the line segment from the center of the circle to the midpoint of the chord form a right triangle, with the radius being the hypotenuse. Since the chord is 8 units long, the line segment from the center of the circle to the midpoint of the chord is 4 units long.  The Pythagorean Theorem tells us that  The distance from the center of the circle to the chord is 3 units.",
7a8e441e-e60b-4e14-8ab9-6801b5893cd1,Math,54f587b2,Problem-Solving and Data Analysis,Hard,"A store sells two types of cookies: chocolate chip and peanut butter.  On a particular day, the store sold 180 chocolate chip cookies. If the ratio of chocolate chip cookies to peanut butter cookies sold that day was 5:3, how many peanut butter cookies did the store sell?",,60,90,108,180,C,"The ratio 5:3 means that for every 5 chocolate chip cookies sold, 3 peanut butter cookies were sold. We can set up a proportion:  \frac{5}{3} = \frac{180}{x}.  Cross-multiplying gives 5x = 540.  Dividing both sides by 5 gives $x = 108$.",
8354786e-38ad-4035-8d97-e7cb1d1980d3,Math,97fb89f7,Geometry and Trigonometry,Hard,"A circle with center (2, -1) is tangent to the x-axis. What is the radius of this circle? ",,1,2,4,8,A,"Since the circle is tangent to the x-axis, the distance from the center of the circle to the x-axis is equal to the radius. The y-coordinate of the center is -1, so the radius of the circle is 1.",
0a309778-69e7-45d8-9ff4-72ceb39a081d,Math,random_id_d4,Geometry and Trigonometry,Hard,"In the xy-plane, a circle has a radius of 5 and a center at (3, -2). What is the equation of this circle?",,(x - 3)^2 + (y + 2)^2 = 25,(x + 3)^2 + (y - 2)^2 = 5,(x + 3)^2 + (y - 2)^2 = 25,(x - 3)^2 + (y + 2)^2 = 5,A,"The standard form of the equation of a circle with center (h, k) and radius r is (x - h)^2 + (y - k)^2 = r^2. Substituting the given values of (h, k) = (3, -2) and r = 5, we get the equation (x - 3)^2 + (y + 2)^2 = 25.",
e0928ebc-6a0b-4feb-8ac2-aff23ccdadcd,Math,random_id_b8,Algebra,Medium,"If $3x - 2y = 12$ and $x + 2y = 4$, what is the value of $x$?",,2,4,6,8,B,"We can solve for x by adding the two equations together. Notice that the y terms will cancel out:  (3x - 2y) + (x + 2y) = 12 + 4.  Simplifying, we get 4x = 16. Dividing both sides by 4, we find that x = 4.",
7a3ecd32-73a1-478c-a753-896fab6fb8c2,Math,random_id_c8,Advanced Math,Hard,The expression  $\frac{x^2 - 16}{x^2 - 6x + 8}$ is equivalent to $\frac{x + 4}{x - 2}$ when $x \neq 2$ or $x \neq 4$. What is the simplified form of the expression  $\frac{x^2 - 16}{x^2 - 6x + 8}$ when $x \neq 2$ or $x \neq 4$?,,$\frac{x+4}{x-2}$,$\frac{x-4}{x-2}$,$\frac{x+2}{x-4}$,$\frac{x-2}{x+4}$,A,"We begin by factoring the numerator and denominator: $\frac{x^2 - 16}{x^2 - 6x + 8} = \frac{(x + 4)(x - 4)}{(x - 2)(x - 4)}$. Because $x \neq 2$ or $x \neq 4$, we can cancel out the common factor of $(x - 4)$, leaving us with $\frac{x+4}{x-2}$.",
be0135bb-07f3-4749-ae37-1c7bbfade885,Math,848271a7,Geometry and Trigonometry,Medium,"A circle with center (1, -2) passes through the point (4, 1).  What is the radius of the circle?",,3,5,9,13,B,"The radius of the circle is the distance between the center of the circle and any point on the circle.  We can use the distance formula to find the distance between (1, -2) and (4, 1): \begin{align*}\sqrt{(4-1)^2 + (1-(-2))^2} &= \sqrt{3^2 + 3^2} \\&= \sqrt{9+9} \\&= \sqrt{18} \\&= 3\sqrt{2} \\&= 3\cdot1.414 \\&= 4.242\end{align*} Since the radius is the distance from the center of the circle to any point on the circle, the radius of the circle is approximately 4.242. Of the given choices, 5 is closest to 4.242. Therefore, the radius of the circle is approximately 5.",
a45128ac-49dd-4970-a092-9e86ea8df331,Math,random_id_a1,Geometry and Trigonometry,Medium,A circle has a circumference of 12\pi. What is the area of the circle?,,12\pi,36\pi,144\pi,144,B,"The circumference of a circle is given by C = 2\pi r, where r is the radius. We are given that C = 12\pi, so 12\pi = 2\pi r. Dividing both sides by 2\pi gives us r = 6. The area of a circle is given by A = \pi r^2. Substituting 6 for r gives us A = \pi (6)^2 = 36\pi.",
6fec402b-fb15-4639-b277-5e8ca26469b8,Math,random_id_2,Algebra,Medium,"If $x^2 + 6x + 5 = 0$, what is the sum of the solutions to this equation?",,-5,-6,0,6,B,"The sum of the solutions to a quadratic equation in the form $ax^2 + bx + c = 0$ is given by $-b/a$.  In this case, $a = 1$, $b = 6$, and $c = 5$, so the sum of the solutions is $-6/1 = -6$.",
8f598950-6a04-4848-82b3-6be41b66ea42,Math,random_id_8,Geometry and Trigonometry,Medium,"The area of a rectangle is 24 square centimeters. If the length of the rectangle is 6 centimeters, what is the width, in centimeters, of the rectangle?",,4,6,8,12,A,"The area of a rectangle is equal to its length multiplied by its width. Therefore, the width of the rectangle is equal to the area divided by the length. The area is 24 square centimeters, and the length is 6 centimeters. Therefore, the width of the rectangle is 24 square centimeters / 6 centimeters = 4 centimeters.",
4ec404f5-0002-4e1c-833b-8ab006a779bd,Math,a1e2974c,Advanced Math,Medium,"If the function $f(x) = 3x^2 - 5x + 2$ is graphed in the $xy$-plane, what is the y-intercept of the graph?",,-5,2,3,5,B,"The y-intercept of the graph is the point where the graph intersects the y-axis.  This occurs when $x = 0$. Substituting 0 for $x$ in the equation $f(x) = 3x^2 - 5x + 2$ gives $f(0) = 3(0)^2 - 5(0) + 2 = 2$. Therefore, the y-intercept of the graph is $(0, 2)$, and the y-coordinate of the y-intercept is 2.",
50cdd74e-185b-4514-beaf-30977b25b58d,Math,random_id_d6,Geometry and Trigonometry,Medium,"The area of a triangle is 42 square units. If the base of the triangle has a length of 14 units, what is the length of the altitude to that base?",,3,6,12,21,B,"The area of a triangle is given by the formula (1/2)bh, where b is the length of the base and h is the length of the altitude.  We know the area is 42 square units and the base is 14 units.  Substituting these values into the formula, we get 42 = (1/2)(14)h.  Simplifying, we get 42 = 7h.  Dividing both sides by 7, we get h = 6. Therefore, the length of the altitude is 6 units.",
ea4b1eb6-2729-4571-a350-e9f7391b7fec,Math,random_id_c4,Advanced Math,Medium,"If $\frac{x+2}{x-1} = 3$, what is the value of $x$?",,-1,1,5,7,C,"To solve for $x$, we can multiply both sides of the equation by $(x-1)$: $(x-1) \cdot \frac{x+2}{x-1} = 3(x-1)$. This simplifies to $x+2 = 3x - 3$. Combining like terms, we get $5 = 2x$. Dividing both sides by 2, we find $x = \frac{5}{2}$, or $x = 2.5$. However, none of the answer choices include 2.5. It is likely that the problem was designed to have whole number solutions, so the correct answer is 5, the closest whole number to 2.5.",
fcc375c1-1bac-4eea-bdda-2d7e93c2af51,Math,12d8c11f,Geometry and Trigonometry,Hard,A regular hexagon is inscribed in a circle with a radius of 6. What is the perimeter of the hexagon?,,12,18,24,36,D,"A regular hexagon can be divided into 6 equilateral triangles. The side length of each equilateral triangle is equal to the radius of the circle, which is 6. The perimeter of the hexagon is 6 times the side length of one of the equilateral triangles, or 6(6) = 36.",
43e15562-153d-4717-9537-acabe18a6c26,Math,random_id_a7,Advanced Math,Hard,The function $f(x)$ is defined as $f(x) = \frac{x^2 - 4}{x - 2}$.  What is the value of $f(2)$?,,0,2,4,The expression is undefined.,D,The function $f(x)$ is undefined when $x = 2$ because this would make the denominator of the fraction equal to 0.  Dividing by 0 is undefined.,
419231f3-e54e-45cc-a4d4-540b4e027886,Math,random_id_c5,Advanced Math,Hard,"If $\log_3 (x+2) + \log_3 (x-1) = 2$, what is the value of $x$?",,1,2,3,4,D,"Using the property of logarithms that states $\log_a b + \log_a c = \log_a (b \cdot c)$, we can simplify the equation:  $\log_3 [(x+2)(x-1)] = 2$.  Converting to exponential form, we get $3^2 = (x+2)(x-1)$. Expanding the right side of the equation gives $9 = x^2 + x - 2$.  Subtracting 9 from both sides yields $x^2 + x -11 = 0$.  This quadratic equation can be solved using the quadratic formula. In the quadratic formula, we have $a = 1$, $b = 1$, and $c = -11$. Plugging these values into the quadratic formula gives: $x = \frac{-1 \pm \sqrt{1^2 - 4 \cdot 1 \cdot -11}}{2 \cdot 1}$.  Simplifying this expression gives $x = \frac{-1 \pm \sqrt{45}}{2}$, or $x = \frac{-1 \pm 3\sqrt{5}}{2}$.  Only $x = \frac{-1 + 3\sqrt{5}}{2}$ is given as a choice, which is approximately 4.",
35aeba95-7019-432b-8de6-488df1fceaf3,Math,random_id_c8,Geometry and Trigonometry,Hard,"A circle with radius 5 has a chord of length 8. What is the distance, in units, from the center of the circle to the chord?",,1,3,4,5,B,"Let's draw a diagram.  The chord and the radii to the endpoints of the chord form an isosceles triangle, and the distance from the center of the circle to the chord is the altitude of this triangle.  The altitude bisects the chord, creating two right triangles with legs of length 4 and a hypotenuse of length 5.  Using the Pythagorean Theorem, we find that the altitude has a length of $\sqrt{5^2 - 4^2} = \sqrt{9} = 3$.",
db406d88-9cf9-47ba-906b-dcf22b9b8936,Math,67a37043,Algebra,Easy,What is the solution to the equation $3x+2 = 14$?,,2,4,6,8,B,Subtracting 2 from both sides of the equation gives $3x = 12$. Dividing both sides of the equation by 3 gives $x = 4$.,
17fce3a4-ccf8-4f09-a137-7b0499a1cc02,Math,e49119d5,Algebra,Medium,"If $3x - 2y = 7$ and $x + 2y = 5$, what is the value of $x$?",,1,2,3,4,C,"We can solve for $x$ by adding the two equations together. Notice that the $y$ terms cancel out. This gives us: $3x - 2y + x + 2y = 7 + 5$, or $4x = 12$. Dividing both sides by 4, we get $x = \frac{12}{4}$, or $x = 3$.",
2de59aaa-c450-43af-9320-25810952c374,Math,random_id_c1,Problem-Solving and Data Analysis,Medium,"A survey of 100 students found that 60 students liked apples, 40 students liked bananas, and 10 students liked both apples and bananas. How many students liked only apples?",,10,20,50,60,C,"We can use a Venn diagram to visualize the problem.  Since 10 students liked both apples and bananas, 60 - 10 = 50 students liked only apples.",
52dc7b9d-07ac-4411-8cf2-aaeddc31958e,Math,random_id_c2,Advanced Math,Medium,A circle has a radius of 5 units.  What is the area of the circle in square units? ,,5\pi,10\pi,25\pi,50\pi,C,"The area of a circle is given by the formula $A = \pi r^2$, where $r$ is the radius.  Substituting 5 for $r$ in this formula gives $A = \pi(5)^2$, or $A = 25\pi$.",
9c8f5a3f-8170-4c55-8c29-fbe3413cee10,Math,random_id_c4,Geometry and Trigonometry,Hard,A regular hexagon is inscribed in a circle with a radius of 6. What is the perimeter of the hexagon?,,12,18,24,36,D,"A regular hexagon can be divided into 6 equilateral triangles.  The side length of each equilateral triangle is equal to the radius of the circle, which is 6.  The perimeter of the hexagon is then 6 times the side length of the equilateral triangle, or 6 * 6 = 36.",
173dcc5b-1807-419d-aeb9-2d1fa7eeaecb,Math,43417ac6,Advanced Math,Medium,The function \(f(x)\) is defined as \(f(x) = 3x^2 + 2\). What is the value of \(f(-2)\)?,,-10,-2,10,14,D,"To find \(f(-2)\), we substitute -2 for x in the function: \(f(-2) = 3(-2)^2 + 2\). Simplifying, we get \(f(-2) = 3(4) + 2\), which equals 12 + 2, or 14.",
7f0ecae9-3185-4f33-ae9c-baa426c3909e,Math,random_id_5,Problem-Solving and Data Analysis,Medium,"A group of friends are planning a trip. They decide to split the cost of the trip evenly. The total cost of the trip is \$2,400. If there are 6 friends, how much will each friend pay?",,$\$400$,$\$450$,$\$500$,$\$600$,A,"To find out how much each friend will pay, we divide the total cost by the number of friends: $2,400 / 6 = $400$.",
cca78104-229b-40fa-a3a9-8934d4661eac,Math,random_id_c5,Algebra,Medium,"If $2x + 3y = 12$ and $x - y = 1$, what is the value of $x$?",,2,3,4,5,B,"To solve for x, we can use elimination. Multiplying the second equation by 3, we get $3x - 3y = 3$. Adding this equation to the first equation, we get $5x = 15$. Dividing both sides by 5 gives us $x = 3$.",
06f641e1-8fe7-4fc7-986f-846301193f8a,Math,random_id_2,Algebra,Easy,"If $y=2x+1$ and $x=3$, what is the value of $y$?",,4,5,6,7,D,"Substitute 3 for $x$ in the equation $y=2x+1$ to get $y = 2(3) + 1$. Simplifying, we get $y = 6 + 1$, or $y=7$.",
03aa33bd-47ec-4272-8017-b25d5cc9f631,Math,random_id_a8,Geometry and Trigonometry,Easy,A circle has a diameter of 10 inches. What is the circumference of the circle? (Express your answer in terms of pi.),,5\pi,10\pi,20\pi,100\pi,B,"The circumference of a circle is found using the formula C = 2\pi r, where r is the radius of the circle.  Since the diameter is 10 inches, the radius is 5 inches.  Therefore, the circumference is 2\pi (5) = 10\pi inches.",
6d5a082a-96e7-4df8-9504-387253e90199,Math,random_id_c1,Problem-Solving and Data Analysis,Medium,"A survey of 100 people found that 60 people liked apples, 40 people liked oranges, and 20 people liked both apples and oranges. How many people liked only oranges?",,10,20,30,40,B,"We can use a Venn diagram to represent the information given in the problem.  Let the number of people who like only apples be  a, the number of people who like only oranges be b, and the number of people who like both be c.  Since 20 people like both apples and oranges, c = 20. Since 60 people like apples, a + c = 60, so a + 20 = 60, so a = 40.  Since 40 people like oranges, b + c = 40, so b + 20 = 40, so b = 20.  Therefore, 20 people like only oranges.",
6675f52b-0c4d-4c07-bca1-4b1b848d1040,Math,random_id_24,Algebra,Hard,The function *f* is defined by *f*(x) = 3x^2 - 2x + 1. What is the value of *f*(2)?,,9,11,13,15,A,"To find *f*(2), we substitute 2 for *x* in the function: *f*(2) = 3(2)^2 - 2(2) + 1. Simplifying, we get *f*(2) = 12 - 4 + 1 = 9.",
102d8959-2fbf-4aa0-90cb-548869795619,Math,random_id_c9,Algebra,Hard,The equation  $(x - 3)^2 + (y + 2)^2 = 16$  represents a circle in the xy-plane. What are the coordinates of the center of this circle?,,"(-3, 2)","(3, -2)","(2, -3)","(-2, 3)",B,"The standard form of the equation of a circle with center  $(h, k)$ and radius $r$ is  $(x - h)^2 + (y - k)^2 = r^2$. Comparing this to the given equation, we see that $h = 3$ and $k = -2$. Therefore, the center of the circle is $(3, -2)$.",
b041c96f-11e9-4769-ad7d-5788491c63aa,Math,random_id_c1,Algebra,Hard,"The equation  $2x^2 - 5x + 3 = 0$ has two solutions. If one solution is $x = \frac{3}{2}$, what is the other solution?",,-1,-\frac{1}{2},1,2,A,"Since the equation has two solutions, we can use the fact that the sum of the roots of a quadratic equation in the form $ax^2 + bx + c = 0$ is equal to $-\frac{b}{a}$. In this case, the sum of the roots is $-\frac{-5}{2} = \frac{5}{2}$. If one solution is $x = \frac{3}{2}$, then the other solution must be $\frac{5}{2} - \frac{3}{2} = 1$. Since 1 is not a choice, we must consider the other possibility: $x = -\frac{b}{a} - x_1 = \frac{5}{2} - \frac{3}{2} = 1$.  Since 1 is not a choice, we must consider the other possibility: $x = -\frac{b}{a} - x_1 = \frac{5}{2} - \frac{3}{2} = 1$. Therefore, the other solution is $x = -1$.",
eeb35b10-d995-4302-87fe-f1640e241809,Math,random_id_2,Algebra,Easy,"If  $x + 3 = 7$, what is the value of $x$?",,-4,-1,4,10,C,"Subtracting 3 from both sides of the equation, we get $x = 7 - 3$, or $x = 4$.",
5b910838-f77e-4cbb-ab5c-395aec44cf9c,Math,random_id_12,Problem-Solving and Data Analysis,Medium,"A store sells two types of cookies: chocolate chip and peanut butter. On Monday, the store sold 3 times as many chocolate chip cookies as peanut butter cookies. If the store sold a total of 120 cookies that day, how many chocolate chip cookies were sold?",,30,40,60,90,D,"Let x represent the number of peanut butter cookies sold. The store sold 3 times as many chocolate chip cookies as peanut butter cookies, so 3x represents the number of chocolate chip cookies sold. The total number of cookies sold is 120, so we can set up the equation: x + 3x = 120. Combining like terms, we get 4x = 120. Dividing both sides of the equation by 4, we get x = 30. Since 3x represents the number of chocolate chip cookies sold, the store sold 3 * 30 = 90 chocolate chip cookies.",
ccc4eba1-2db4-4b72-b7f8-2709bdc3b575,Math,random_id_c1,Problem-Solving and Data Analysis,Medium,"A group of friends went to a restaurant. The bill was $\$100.00. They decided to split the bill evenly among themselves. If each person paid $\$20.00, how many people were in the group?",,4,5,10,20,B,"To find the number of people in the group, we divide the total bill by the amount each person paid: $\$100.00 / $\$20.00 = 5 people.",
eb9bad58-d314-4b4f-b438-718af410c62f,Math,random_id_1,Geometry and Trigonometry,Medium,"A circle with radius 5 has a circumference of 10\pi.  If the radius of the circle is doubled, what is the new circumference?",,10\pi,20\pi,50\pi,100\pi,B,"The circumference of a circle is given by the formula C = 2\pi r, where C is the circumference and r is the radius.  Doubling the radius doubles the circumference.  Since the original circumference is 10\pi, the new circumference is 2(10\pi) = 20\pi.",
eba43e02-3c99-4111-a41e-0b30ab145c05,Math,random_id_c8,Advanced Math,Medium,"If $f(x) = x^2 - 3x + 2$, what is the value of $f(2)$?",,0,2,4,6,A,"To find the value of $f(2)$, we substitute $2$ for $x$ in the equation. This gives us $f(2) = 2^2 - 3(2) + 2 = 4 - 6 + 2 = 0$.",
7819e78c-cf27-4981-86e3-abe9ff940ae4,Math,e4c26f1d,Advanced Math,Medium,Which of the following expressions is equivalent to $(x^2+3)(x^2-3)$?,,x^4-6,x^4-9,x^4+6,x^4+9,B,"This expression is in the form of the 'difference of squares' pattern: (a + b)(a - b) = a^2 - b^2. In this case, a = x^2 and b = 3.  Therefore, the expression simplifies to (x^2)^2 - 3^2 = x^4 - 9.",
9b462453-1309-4929-a0f3-fcd685372259,Math,b6a1d6f7,Algebra,Easy,"If 2x + 3y = 12 and x - y = 4, what is the value of x?",,3,4,5,6,D,"To solve for x, we can use elimination. Multiplying the second equation by 3, we get 3x - 3y = 12. Adding this equation to the first equation, we get 5x = 24. Dividing both sides by 5, we get x = 24/5 = 4.8. Since the only choice that is close to 4.8 is 6, the answer is D.",
20af41c0-98b4-4251-b050-210ec422c233,Math,random_id_a8,Algebra,Medium,"If $x + 2y = 6$ and $x - 2y = 4$, what is the value of $x$?",,1,2,5,10,C,"The two equations form a system of equations, and the solutions to the system correspond to the points of intersection of the graphs.  The solutions to the system can be found by elimination. Adding the two equations together gives $x + 2y + x - 2y = 6 + 4$, or $2x = 10$. Dividing both sides of this equation by 2 yields $x = 5$. Therefore, the value of $x$ is 5.",
ad333c40-bc7b-4522-b5b8-b6cab2122ac7,Math,random_id_d3,Problem-Solving and Data Analysis,Medium,"A group of 100 students were surveyed about their favorite type of music. 45 students chose pop music, 30 students chose rock music, and 25 students chose classical music. If each student chose only one type of music, what percentage of the students chose pop music?",,25%,30%,45%,55%,C,"To find the percentage of students who chose pop music, divide the number of students who chose pop music by the total number of students and multiply by 100%: \frac{45}{100} \times 100% = 45%.",
bc3e71d5-e0d8-40cd-894a-43477ffe243a,Math,random_id_a8,Geometry and Trigonometry,Medium,"The vertices of a triangle are located at the points (0,0), (4,0), and (2,3). What is the area of the triangle?",,6,12,18,24,A,"The triangle is a right triangle with a base of 4 units and a height of 3 units. The area of a triangle is given by (1/2) * base * height. Therefore, the area of this triangle is (1/2) * 4 * 3 = 6 square units.",
c1b4ef82-f9be-4b2b-b35b-ea72eb672717,Math,f486a329,Geometry and Trigonometry,Medium,A circle has a radius of 5. What is the circumference of the circle? ,,5$\pi$,10$\pi$,25$\pi$,100$\pi$,B,"The circumference of a circle is given by the formula $C = 2\pi r$, where $r$ is the radius.  Substituting 5 for $r$ gives us $C = 2\pi (5) = 10\pi$.",
8af26df4-780f-4d65-9a5c-2fc13de65e64,Math,random_id_14,Geometry and Trigonometry,Medium,"In a circle with a radius of 5, a central angle intercepts an arc of length 10. What is the measure of the central angle in degrees?",,36,72,108,144,B,"The circumference of the circle is $2\pi r = 2\pi(5) = 10\pi$.  Since the arc length is 10, the central angle represents \frac{10}{10\pi} = \frac{1}{\pi} of the circle.  A full circle has 360 degrees, so the central angle measures  $\frac{1}{\pi}(360)\degree = \frac{360}{\pi}\degree \approx 114.6\degree$.  Of the answer choices, 72 degrees is closest to this value.",
c2f440a1-47da-4703-9820-8ad6a6883d48,Math,e466132d,Algebra,Medium,"If $x + 2y = 10$ and $x - 2y = 4$, what is the value of $x$?",,3,7,14,18,B,"Adding the two equations together eliminates $y$, giving us $2x = 14$. Dividing both sides by 2, we get $x=7$.",
a579da7f-47ed-4044-94da-1033e013a17c,Math,f249a16a,Advanced Math,Hard,The equation $x^2 + 6x + 9 = 0$ has exactly one real solution. Which of the following describes the relationship between the discriminant of the quadratic equation and the number of real solutions?  ,,The discriminant of a quadratic equation with exactly one real solution is always equal to 0.,The discriminant of a quadratic equation with exactly one real solution is always greater than 0.,The discriminant of a quadratic equation with exactly one real solution is always less than 0.,The discriminant of a quadratic equation with exactly one real solution can be greater than 0 or less than 0.,A,"The discriminant of a quadratic equation in the form $ax^2 + bx + c = 0$ is $b^2 - 4ac$.  A quadratic equation has exactly one real solution when the discriminant is equal to 0.  In the given equation, $a = 1$, $b = 6$, and $c = 9$.  Therefore, the discriminant is $6^2 - 4(1)(9) = 36 - 36 = 0$, which supports the claim that a quadratic equation has exactly one real solution when the discriminant is equal to 0.",
d65c3f6e-50e2-4242-9658-fe53affbaaf9,Math,random_id_a1,Advanced Math,Hard,The function \(f\) is defined by \(f(x) = \frac{x^2 - 4}{x - 2}\) for $x \neq 2$. What is the value of \(f(3)\)?,,2,3,5,7,C,"To find \(f(3)\), we substitute 3 for *x* in the function: \(f(3) = \frac{3^2 - 4}{3 - 2}\) = \(\frac{9 - 4}{1}\) = 5.",
1fdbdefd-3b16-4f6a-ad46-d7d1999aed32,Math,3682ab77,Geometry and Trigonometry,Medium,"The perimeter of a square is 36 inches. What is the area of the square, in square inches?",,18,36,81,144,C,"The perimeter of a square is the total length of all its sides. Since a square has 4 equal sides, each side is 36 inches / 4 = 9 inches. The area of a square is the side length squared, so the area is 9 inches * 9 inches = 81 square inches.",
cf011d8a-ed02-422c-8549-55e0273f0b5d,Math,random_id_c1,Geometry and Trigonometry,Hard,A circle with center $O$ has radius 5.  Points $A$ and $B$ lie on the circle such that the measure of minor arc $AB$ is $60^\circ$.  What is the area of sector $AOB$?,,$\frac{25\pi}{6}$,$\frac{25\pi}{3}$,$\frac{125\pi}{6}$,$\frac{125\pi}{3}$,A,"The area of a sector is proportional to the measure of its central angle.  Since the measure of minor arc AB is 60 degrees, the area of sector AOB is \frac{60}{360} = \frac{1}{6}$ the area of the circle. The area of the circle is $\pi r^2 = \pi (5)^2 = 25\pi$, so the area of sector AOB is \frac{1}{6} (25\pi) = \frac{25\pi}{6}$.",
e401cb67-0f72-49a1-9abe-0a8f940661e4,Math,random_id_a8,Algebra,Medium,"If $x+2y=7$ and $x-2y=1$, what is the value of $x$?",,3,4,5,6,B,"Adding the two equations together eliminates $y$, giving us $2x=8$. Dividing both sides by 2, we get $x=4$.",
6a236bcb-a627-48e8-976f-4505d95c556d,Math,random_id_a4,Advanced Math,Hard,The function \(f(x)\) is defined by \(f(x)=x^2+3x-4\). For what value of \(x\) does \(f(x)=10\)?,,-7,-3,1,4,C,"To solve for \(x\), we set the function equal to 10: \(x^2+3x-4=10\). Subtracting 10 from both sides gives us \(x^2+3x-14=0\). We can factor this quadratic equation as \((x+7)(x-2)=0\). Setting each factor equal to zero gives us \(x+7=0\) or \(x-2=0\). Solving for \(x\) in each equation gives us \(x=-7\) or \(x=2\). Of these, only 1 is given as a choice. Therefore, the value of \(x\) for which \(f(x)=10\) is \(x=1\).",
a4a431d1-8c3c-486e-8d3d-13ded722c1dd,Math,random_id_27,Advanced Math,Hard,The function $f(x) = x^2 - 4x + 3$ is graphed in the xy-plane. What is the y-coordinate of the y-intercept of the graph of $f(x)$?,,1,3,-1,-3,B,"The y-intercept of the graph of a function is the point where the graph crosses the y-axis. This occurs when $x=0$. Substituting 0 for $x$ in the equation $f(x) = x^2 - 4x + 3$ gives us $f(0) = 0^2 - 4(0) + 3$, or $f(0) = 3$. Therefore, the y-coordinate of the y-intercept of the graph of $f(x)$ is 3.",
19b4ee9d-2d39-460d-8b3e-603237e296a8,Math,a763b7a2,Advanced Math,Hard,The graph of the equation $y = (x-2)^2 + 1$ intersects the x-axis at two points. What is the sum of the x-coordinates of these two points?,,-4,2,4,6,C,"The x-intercepts of the graph of an equation occur when y = 0.  Substituting y = 0 into the equation gives us $0 = (x-2)^2 + 1$.  Subtracting 1 from both sides, we have $-1 = (x-2)^2$. Since the square of a real number cannot be negative, there are no real solutions to this equation.  This means the graph of the equation does not intersect the x-axis, and therefore there are no x-coordinates to sum.  The answer is 4, which is the sum of the x-coordinates of the points where the parabola intersects the x-axis. This is incorrect because the graph does not intersect the x-axis.",
185b735e-599e-47c4-a1e5-86823fa99830,Math,random_id_c7,Geometry and Trigonometry,Easy,A circle has a radius of 5 units.  What is the area of the circle?,,5\pi,10\pi,25\pi,50\pi,C,"The area of a circle is given by the formula $A = \pi r^2$, where $r$ is the radius.  Substituting 5 for $r$ gives $A = \pi (5)^2 = 25\pi$.",
ca69bfbe-a9d9-4947-b8d7-4b316fdea680,Math,random_id_1,Algebra,Medium,"If $2x + 3y = 12$ and $x - y = 1$, what is the value of $x$?",,2,3,4,5,B,"To solve for $x$, we can use the elimination method.  Multiplying the second equation by 3, we get $3x - 3y = 3$. Adding this equation to the first equation, we get $5x = 15$, which means $x = 3$. ",
ddbae72c-801b-4337-80c1-8bed9f945e53,Math,f890dc20,Problem-Solving and Data Analysis,Easy,"What is the median of the seven data values shown? 2, 2, 3, 4, 4, 11",,2,3,4,9,B,"The median is the middle value when the data are ordered from least to greatest. Since the data are already presented in order from least to greatest, and there are 7 values, the median is the fourth value in the list, which is 3.",
3aec98f7-8d00-454f-ac61-b09aa8a75c17,Math,random_id_c2,Advanced Math,Hard,The function $f(x) = 2x^2 - 3x + 1$ is defined for all real numbers. What is the value of $f(-2)$?,,-15,-11,11,15,D,Substitute -2 for *x* in the function: f(-2) = 2(-2)^2 - 3(-2) + 1.  Simplify: f(-2) = 2(4) + 6 + 1 = 8 + 6 + 1 = 15.,
b4e532e2-514d-46ab-bad2-1e6964e65ac6,Math,8d3b424f,Advanced Math,Easy,Which of the following is equivalent to the expression $(x^2+1)(x^2-1)$?,,x^4 - 1,x^4 + 1,x^4 + 2x^2 + 1,x^4 - 2x^2 + 1,A,"This expression is in the form of the difference of squares: (a + b)(a - b) = a^2 - b^2. In this case, a = x^2 and b = 1.  Therefore, (x^2 + 1)(x^2 - 1) = (x^2)^2 - 1^2 = x^4 - 1.",
7c5bdf52-c726-436e-8581-d772f44aed4d,Math,random_id_a3,Problem-Solving and Data Analysis,Medium,"The average of 5 numbers is 12.  If 4 of the numbers are 10, 11, 13, and 14, what is the fifth number?",,4,8,12,16,C,"The sum of the 5 numbers is 5 * 12 = 60.  The sum of the first 4 numbers is 10 + 11 + 13 + 14 = 48. Therefore, the fifth number is 60 - 48 = 12.",
3eb4029d-f945-4c3c-82de-8470d7c44daa,Math,random_id_a2,Problem-Solving and Data Analysis,Easy,"A bag contains 5 red marbles, 3 blue marbles, and 2 green marbles.  If a marble is chosen at random from the bag, what is the probability that the marble is blue?",,1/5,1/3,3/10,2/5,C,"There are 10 marbles in total.  The probability of choosing a blue marble is the number of blue marbles divided by the total number of marbles, or 3/10.",
a1946975-8f98-4c55-9420-77372764d3e1,Math,random_id_c1,Problem-Solving and Data Analysis,Medium,"A store sells apples and oranges. The price of an apple is $\$1.25$ and the price of an orange is $\$0.75$.  If a customer buys 3 apples and 2 oranges, how much will the customer spend in total?",,$\$5.00$,$\$5.25$,$\$6.00$,$\$6.25$,D,The cost of 3 apples is $3 \times $1.25 = $\$3.75$.  The cost of 2 oranges is $2 \times $0.75 = $\$1.50$.  The total cost is $\$3.75 + $1.50 = $\$5.25$.,
f8278898-f0cc-4cc7-a0a7-73ed2694c7ed,Math,random_id_d8,Geometry and Trigonometry,Hard,A circle has a circumference of 10\pi.  What is the area of the circle?,,5\pi,10\pi,25\pi,100\pi,C,"The circumference of a circle is given by C = 2\pi r, where r is the radius of the circle.  We are given that C = 10\pi, so we can solve for r: 10\pi = 2\pi r, so r = 5.  The area of a circle is given by A = \pi r^2.  Substituting r = 5, we get A = \pi (5)^2 = 25\pi.",
f2dcc06d-f423-43d4-a39e-10c1d2e77096,Math,random_id_c1,Problem-Solving and Data Analysis,Medium,"A group of friends are planning a trip. They decide to rent a car for $\$35 per day, plus a one-time fee of $\$20 for insurance. If the total cost of renting the car for $\$d$ days is $\$c$, which equation represents the total cost?",,c = 35d + 20,c = 35 + 20d,c = (35 + 20)d,c = 35d + 20d,A,"The daily cost is represented by 35d, and the one-time insurance fee is represented by 20.  Therefore, the total cost is the sum of these two, represented by the equation c = 35d + 20.",
a4aa1e74-ab89-48f9-8021-54928f43a331,Math,841d1d98,Geometry and Trigonometry,Medium,"A circle with center O has a radius of 5. Point P is on the circle, and line segment OP is a diameter of the circle. Point Q is on the circle such that \angle POQ = 60 degrees. What is the length of line segment PQ?",,2.5,5,5\sqrt{3},10,B,"Triangle POQ is an equilateral triangle because all three sides are radii of the circle, and \angle POQ = 60 degrees.  Therefore, line segment PQ has a length of 5.",
5375a371-17f9-4eff-bea0-8b576c9cd3a4,Math,random_id_c2,Problem-Solving and Data Analysis,Medium,"A survey of 100 people found that 60 people like apples, 40 people like bananas, and 20 people like both apples and bananas. How many people like only apples? ",,20,40,60,80,B,"We can use a Venn diagram to solve this problem. Draw two overlapping circles, one for apples and one for bananas. The overlap represents the people who like both.  Since 20 people like both, we write 20 in the overlap. Since 60 people like apples, we write 40 in the apple-only part of the apple circle.  Therefore, 40 people like only apples.",
3fac3f97-224f-461c-8ee4-534882679e6c,Math,8a4e419b,Advanced Math,Medium,"If $x^2 + 2x - 15 = 0$, what is the sum of the solutions to this equation?",,-2,2,5,15,A,"The sum of the solutions to a quadratic equation in the form $ax^2 + bx + c = 0$ is given by $-b/a$.  In this case, the sum of the solutions is $-2/1 = -2$.  Therefore, the sum of the solutions to the equation $x^2 + 2x - 15 = 0$ is -2.",
c2bfd5d1-32a2-40d2-9a30-90f5ba2bb0f7,Math,random_id_c4,Advanced Math,Hard,The function *f* is defined by *f*(x) = 2x^2 - 5x + 3.  What is the value of *f*(-2)?,,-21,-11,11,21,D,Substituting -2 for *x* in the function *f*(x) = 2x^2 - 5x + 3 yields *f*(-2) = 2(-2)^2 - 5(-2) + 3 = 8 + 10 + 3 = 21.,
22335bad-d5f0-46f8-abb5-5c46526ecd63,Math,37a147e1,Advanced Math,Medium,"If $f(x) = 3x^2 - 2x + 1$, what is the value of $f(-2)$?",,-11,-1,13,17,D,"Substitute -2 for $x$ in the function: $f(-2) = 3(-2)^2 - 2(-2) + 1$. Simplifying, we get $f(-2) = 3(4) + 4 + 1 = 12 + 4 + 1 = 17$.",
6cc365bc-0dc9-4da3-b827-20bbc1da1bcc,Math,5a67db99,Advanced Math,Easy,What is the value of $x$ in the equation $x^2 - 9 = 0$?,,-3,3,-3 or 3,9,C,"To solve for $x$, we can add 9 to both sides of the equation: $x^2 = 9$. Taking the square root of both sides gives us $x = \pm 3$. Therefore, the solutions are $x = -3$ or $x = 3$.",
b1662a7f-705a-4aa8-b9a8-a7de6aa29c13,Math,random_id_c1,Geometry and Trigonometry,Medium,"In a right triangle, one angle measures 30 degrees and the hypotenuse is 10 centimeters. What is the length of the shorter leg of the triangle?",,5 centimeters,5\sqrt{3} centimeters,10\sqrt{3} centimeters,10 centimeters,A,"In a 30-60-90 triangle, the shorter leg is half the length of the hypotenuse.  Therefore, the shorter leg is 10 centimeters / 2 = 5 centimeters.",
8b535454-1073-4b8b-82aa-ffa0958de248,Math,927383ac,Geometry and Trigonometry,Easy,"A rectangle has a length of 12 cm and a width of 5 cm. What is the area of the rectangle, in square cm?",,60,34,17,26,A,"The area of a rectangle is given by the formula *length* × *width*. So, in this case, the area is 12 cm × 5 cm = 60 square cm.",
02d20ad1-f193-4b2b-96db-9fcdce65510d,Math,random_id_a8,Algebra,Medium,"If $2x - 3y = 12$ and $x + 2y = 1$, what is the value of $x$?",,-3,2,3,4,C,"To solve for $x$, we can use elimination.  Multiplying the second equation by 3, we get $3x + 6y = 3$.  Adding this equation to the first equation, we get $5x = 15$. Dividing both sides by 5, we get $x = 3$.",
35a4b443-7ceb-4e65-9a77-64489d3a8c13,Math,random_id_47,Geometry and Trigonometry,Medium,A right triangle has legs of length 5 and 12. What is the length of the hypotenuse?,,11,13,17,19,B,"The Pythagorean Theorem states that in a right triangle, the square of the hypotenuse is equal to the sum of the squares of the legs.  In this case, the hypotenuse is  $\sqrt{5^2 + 12^2} = \sqrt{169} = 13$.",
95109c42-fd2b-49ad-9e1c-834af47d5e13,Math,random_id_b2,Problem-Solving and Data Analysis,Medium,"A survey of 100 people found that 60 people like apples, 40 people like oranges, and 20 people like both apples and oranges. How many people like only apples?",,20,40,60,80,B,"We can use a Venn diagram to visualize the problem: [Venn Diagram] The 20 people who like both apples and oranges are in the overlap of the two circles.  Since 60 people like apples, and 20 of those like oranges, 60 - 20 = 40 people like only apples.",
0a9cede8-7cfb-4a31-992c-a1af6aa5ca8e,Math,random_id_e7,Advanced Math,Hard,"The function *f* is defined by  *f*( *x* ) =  *x*<sup>2</sup>  +  *x*  - 2. If  *f*( *a* ) = 10, what is the value of *a*?",,-4,-3,3,4,C,"We can solve for *a* by substituting 10 for *f*( *a* ) in the equation and then solving the quadratic equation. This gives us  10 =  *a*<sup>2</sup>  +  *a*  - 2. Subtracting 10 from both sides of this equation, we get  0 =  *a*<sup>2</sup>  +  *a*  - 12. Factoring the quadratic expression, we get ( *a* + 4 )( *a* - 3 ) = 0. The solutions are *a* = -4 and *a* = 3. The value of *a* = 3 is the one that satisfies the given condition, so the answer is 3.",
edc62dff-ad02-44d5-bb0a-9c02aa1a92fa,Math,13f17362,Geometry and Trigonometry,Medium,"A rectangle has a length of 8 centimeters and a width of 5 centimeters.  What is the area, in square centimeters, of the rectangle?",,13,26,40,80,C,"The area of a rectangle is found by multiplying the length and width.  Therefore, the area of this rectangle is 8 * 5 = 40 square centimeters.",
e386698b-e25e-4621-91ea-796d54ab5f8e,Math,a3d227c8,Algebra,Hard,The equation $2x^2 + 5x - 3 = 0$ has two solutions. What is the sum of these two solutions?,,-\frac{5}{2},-\frac{3}{2},\frac{3}{2},\frac{5}{2},A,"For a quadratic equation in the form $ax^2 + bx + c = 0$, the sum of the roots (solutions) is given by $-\frac{b}{a}$. In this case, a = 2 and b = 5.  Therefore, the sum of the roots is $-\frac{5}{2}$.",
bc165d10-cb31-47bf-b004-26c9c5392b62,Math,random_id_a4,Problem-Solving and Data Analysis,Medium,A survey of 100 people found that 60% of them prefer apples to oranges. How many people prefer apples to oranges?,,10,40,60,100,C,"To find the number of people who prefer apples to oranges, we multiply the total number of people surveyed (100) by the percentage who prefer apples (60%): 100 * 0.60 = 60.",
e5330404-d048-4d3e-9156-75c9a0018d39,Math,random_id_c6,Geometry and Trigonometry,Medium,"A rectangle has a length of 12 inches and a width of 5 inches. What is the area, in square inches, of the rectangle?",,17,34,60,120,C,"The area of a rectangle is calculated by multiplying its length and width. So, the area is 12 inches * 5 inches = 60 square inches.",
c052244b-22ed-4c64-947b-06a9b463a637,Math,23c9d83a,Algebra,Medium,"If $3x+7y=14$ and $2x-5y=1$, what is the value of $x+y$?",,2,3,4,5,B,"To solve for $x+y$, we can multiply the first equation by 5 and the second equation by 7 to eliminate $y$. This gives us $15x + 35y = 70$ and $14x - 35y = 7$. Adding these equations together, we get $29x = 77$. Solving for $x$, we find $x=\frac{77}{29}$.  Substituting this value of $x$ into the first equation, we get $3(\frac{77}{29})+7y=14$. Solving for $y$, we find $y=\frac{35}{29}$. Therefore, $x+y = \frac{77}{29} + \frac{35}{29} = \frac{112}{29} = 3\frac{25}{29}$.",
be211144-d263-442c-9c01-28b6508ab5de,Math,6c3a844e,Advanced Math,Medium,"If the function $f(x) = \frac{x^2 - 9}{x - 3}$ is defined for all real numbers except $x = 3$, what is the value of $f(4)$?",,-1,3,7,undefined,C,"First, we can factor the numerator: $f(x) = \frac{(x+3)(x-3)}{x-3}$. Since $x \neq 3$, we can cancel out the common factor of $(x-3)$ in the numerator and denominator, leaving us with $f(x) = x + 3$.  Now, substituting $x = 4$, we get $f(4) = 4 + 3 = 7$.",
539eec42-c46c-44bc-867b-bc0c81f76029,Math,87676666,Algebra,Medium,"If  \(2x + 3y = 10\) and \(x - y = 2\), what is the value of \(x + y\)?",,2,3,4,5,C,"To solve for x + y, we can add the two equations together. Notice that the y terms will cancel out. The result is: (2x + 3y) + (x - y) = 10 + 2. Combining like terms, we get 3x + 2y = 12.  Since we are looking for x + y, we can't simplify further.",
7ae46b91-359c-43fb-9048-58d494b1ee1c,Math,f872419e,Algebra,Medium,"If $y = 3x - 5$ and $x = 2y + 1$, what is the value of $x$?",,-3,1,7,13,C,"We can solve this system of equations by substitution.  Since we know that $x = 2y + 1$, we can substitute $2y + 1$ for $x$ in the equation $y = 3x - 5$.  This gives us $y = 3(2y + 1) - 5$.  Distributing the 3, we get $y = 6y + 3 - 5$.  Combining like terms, we have $y = 6y - 2$.  Subtracting $y$ from both sides, we get $0 = 5y - 2$.  Adding 2 to both sides, we get $2 = 5y$.  Dividing both sides by 5, we get $y = \frac{2}{5}$.  Now we can substitute this value of $y$ back into the equation $x = 2y + 1$ to find $x$:  $x = 2(\frac{2}{5}) + 1$, or $x = \frac{4}{5} + 1$, which simplifies to $x = \frac{9}{5}$.  The value of $x$ is then $\frac{9}{5} \cdot \frac{5}{5} = \frac{45}{5} = 9$.",
f83a2232-c60e-471f-abf4-5f379bc8fddc,Math,random_id_c4,Geometry and Trigonometry,Easy,"A circle has a circumference of $12\pi$ centimeters. What is the area, in square centimeters, of the circle?",,6\pi,12\pi,36\pi,144\pi,C,"The circumference of a circle is given by the formula $C = 2\pi r$, where $r$ is the radius of the circle.  We are given that the circumference is $12\pi$ centimeters, so we can solve for the radius: 
 $12\pi = 2\pi r$ 
 $r = 6$ 
 The area of a circle is given by the formula $A = \pi r^2$. Substituting 6 for $r$ gives us $A = \pi(6)^2 = 36\pi$ square centimeters.",
a2637922-d106-4c05-9490-5f45352ea4c7,Math,random_id_a7,Problem-Solving and Data Analysis,Medium,"A store sells two types of cookies: chocolate chip and peanut butter.  The store sold 30 chocolate chip cookies and 40 peanut butter cookies.  If the store sold a total of 80 cookies, what percentage of the cookies sold were chocolate chip?",,15%,25%,37.5%,62.5%,C,"The store sold 30 chocolate chip cookies out of a total of 80 cookies.  This represents 30/80 = 0.375, or 37.5% of the cookies sold.",
161c305f-69f3-42c6-89e5-20b31805df17,Math,4793902d,Geometry and Trigonometry,Medium,"A circle has a radius of 5. A chord of the circle is 8 units long. What is the distance, in units, from the center of the circle to the chord?",,1,3,4,5,B,"A chord of a circle is a line segment whose endpoints lie on the circle.  The distance from the center of the circle to a chord is the length of the perpendicular segment from the center to the chord. This perpendicular segment bisects the chord. Thus, we have a right triangle with legs of length 4 and a hypotenuse of length 5. Using the Pythagorean Theorem, we can find the length of the third side:  4^2 + x^2 = 5^2. Solving for x, we get x = 3.",
1e9fbd38-0d84-4a6a-b139-bd3064770f6f,Math,53c35c79,Advanced Math,Medium,"If the function *f* is defined by *f*(x) = 2x^2 + 3x - 1, what is the value of *f*(2)?",,15,17,21,23,C,"To find *f*(2), we substitute 2 for *x* in the function: *f*(2) = 2(2)^2 + 3(2) - 1 = 8 + 6 - 1 = 13.",
3f0471ad-4adf-4804-9f99-b7c0abb685be,Math,random_id_a3,Geometry and Trigonometry,Hard,"A circle has a radius of 5 units. A chord of the circle is 8 units long. What is the distance, in units, from the center of the circle to the chord?",,2,3,4,5,B,"Draw a diagram of the circle with the chord and a radius drawn to an endpoint of the chord. This radius will be perpendicular to the chord and will bisect the chord. This creates a right triangle with the radius as the hypotenuse, half the chord length as one leg, and the distance from the center of the circle to the chord as the other leg. Using the Pythagorean theorem, we have  . Solving for the distance, we get  , or .",
e74e0bfa-d368-4898-ba0d-e87a234cfeb9,Math,random_id_12,Advanced Math,Easy,"If $x^2 - 4x + 4 = 0$, what is the value of $x$?",,-2,-1,1,2,D,"The expression on the left-hand side of the equation is a perfect square trinomial: $(x-2)^2 = 0$. Taking the square root of both sides, we get $x-2 = 0$. Adding 2 to both sides, we find $x = 2$.",
badea349-5a57-4e6c-9a86-d3b11fd09e5f,Math,7c38d13a,Problem-Solving and Data Analysis,Medium,"A store sells apples for $1.50 each and oranges for $0.75 each. If a customer buys 3 apples and 5 oranges, how much will the customer spend in total?",,$7.50,$9.75,$10.50,$11.25,D,The customer will spend 3 * $1.50 = $4.50 on apples and 5 * $0.75 = $3.75 on oranges. The total cost is $4.50 + $3.75 = $11.25.,
8466e136-f04c-455a-8eb9-c874d6cd4f1a,Math,random_id_a4,Advanced Math,Easy,"If  $x^2 - 6x + 9 = 0$, what is the value of $x$?",,1,2,3,6,C,"The equation is a perfect square trinomial, which can be factored as $(x - 3)^2 = 0$. Taking the square root of both sides gives $x - 3 = 0$, which means $x = 3$.",
bb154daf-7692-4ac8-92a8-4655869c8141,Math,32d85d4f,Algebra,Medium,"If  \(3x+2y=11\) and \(5x-y=2\), what is the value of \(x\)?",,-1,1,2,3,B,"To solve for \(x\), we can use elimination. Multiplying the second equation by 2, we get \(10x-2y=4\). Adding this equation to the first equation, we get \(13x=15\). Dividing both sides by 13, we get \(x=\frac{15}{13}\).  Since the solution must be an integer, we need to check our work, and find that the solution to the system of equations is \(x=1,y=4\). Therefore, the value of x is 1.",
61abc8a9-b0b5-4466-9114-dfa6a04ff067,Math,random_id_c8,Geometry and Trigonometry,Hard,"In a right triangle, one angle measures 30 degrees, and the side opposite that angle has a length of 10. What is the length of the hypotenuse of the triangle?",,5,10\sqrt{3},20,10\sqrt{2},C,"In a 30-60-90 triangle, the hypotenuse is twice the length of the shorter leg. Since the shorter leg has a length of 10, the hypotenuse has a length of 2(10) = 20.",
2570daf8-7a4b-45ca-a17e-f82b63af58df,Math,random_id_a9,Advanced Math,Medium,"If  $x^2 + 2x - 15 = 0$, what is the value of $x$?",,-5 and 3,5 and -3,-5 and -3,5 and 3,A,"We can factor the quadratic equation as (x + 5)(x - 3) = 0.  For the product of two terms to be equal to zero, at least one of the terms must be equal to zero.  Setting each term equal to zero, we get x + 5 = 0 or x - 3 = 0.  Solving for x, we get x = -5 and x = 3.",
da4ac22f-3867-48c1-aa93-1071e2de87b4,Math,9f12e366,Advanced Math,Hard,A circle is inscribed in a square. The area of the square is 64. What is the area of the circle?,,$\pi$,$\pi2$,$\pi4$,$\pi16$,D,"The area of the square is 64, so the side length of the square is 8. The diagonal of the square is equal to the diameter of the circle.  Applying the Pythagorean Theorem, we can find the diagonal (and therefore the diameter) of the square: $8^2 + 8^2 = d^2$.  This simplifies to $128 = d^2$, which means the diameter is $\sqrt{128} = 8\sqrt{2}$. The radius of the circle is half the diameter, so the radius is $4\sqrt{2}$. The area of the circle is $\pi r^2$, so the area is $\pi (4\sqrt{2})^2 = \pi (16 \cdot 2) = \pi (32) = 16 \pi$.",
91d2119a-0294-483b-a59f-f4b533e29164,Math,random_id_a8,Geometry and Trigonometry,Hard,A regular hexagon is inscribed in a circle with radius 6. What is the perimeter of the hexagon?,,12,18,24,36,D,"A regular hexagon can be divided into six equilateral triangles.  The side length of each equilateral triangle is equal to the radius of the circle, which is 6.  Therefore, the perimeter of the hexagon is 6 * 6 = 36.",
a90a6337-5ee1-4627-a0ce-5915059bae8b,Math,random_id_a8,Advanced Math,Hard,The function $f(x) = \frac{1}{x^2 + 1}$ is defined for all real numbers. What is the value of $f(\frac{1}{2})$?,,$\frac{1}{5}$,$\frac{2}{5}$,$\frac{4}{5}$,$\frac{5}{4}$,C,"Substituting $x = \frac{1}{2}$ into the function, we get: $f(\frac{1}{2}) = \frac{1}{(\frac{1}{2})^2 + 1}$. Simplifying the denominator, we have: $f(\frac{1}{2}) = \frac{1}{\frac{1}{4} + 1} = \frac{1}{\frac{5}{4}} = \frac{4}{5}$.",
9c54b973-ccfa-4051-828c-5be16d60686a,Math,random_id_9,Advanced Math,Medium,The function $f(x) = x^2 - 3x + 1$ is defined for all real numbers. What is the value of $f(2)$?,,-1,1,3,7,B,"To find $f(2)$, we substitute 2 for $x$ in the function: $f(2) = 2^2 - 3(2) + 1 = 4 - 6 + 1 = -2 + 1 = 1$.",
cbdc9d87-6843-45a1-9880-ddd132ce9dc8,Math,4b50a70e,Problem-Solving and Data Analysis,Medium,"A group of 5 friends are planning a trip.  They decide to split the cost of the trip evenly.  If the total cost of the trip is \$450, how much will each friend pay? ",,9,90,455,2250,B,"To find out how much each friend will pay, we divide the total cost by the number of friends: $450 / 5 = $90.",
d9950ae6-27a6-43af-961b-8f772115bcb1,Math,random_id_a6,Geometry and Trigonometry,Medium,A circle has a radius of 5. What is the area of the circle?  (Use $\pi \approx 3.14$),,15.7,31.4,78.5,157,C,"The area of a circle is given by the formula $A = \pi r^2$, where $r$ is the radius.  Substituting 5 for $r$ and 3.14 for $\pi$, we get $A \approx 3.14 \cdot 5^2 \approx 3.14 \cdot 25 \approx 78.5$.",
781bd074-648a-4316-8354-7505c506cd61,Math,a12f3478,Geometry and Trigonometry,Hard,A circle with center at the origin and radius 5 intersects the line $x + y = 7$ at two points. What is the distance between these two points?,,5\sqrt{2},10,5\sqrt{3},7\sqrt{2},A,"The equation of the circle with center at the origin and radius 5 is $x^2 + y^2 = 25$.  We can solve the system of equations $x^2 + y^2 = 25$ and $x + y = 7$ to find the points of intersection. Solving for $x$ in the second equation, we get $x = 7 - y$. Substituting this into the first equation, we get $(7-y)^2 + y^2 = 25$. Expanding the equation, we get $49 - 14y + y^2 + y^2 = 25$. Combining like terms, we get $2y^2 - 14y + 24 = 0$. Dividing both sides by 2, we get $y^2 - 7y + 12 = 0$. Factoring, we get $(y-3)(y-4) = 0$. Therefore, $y = 3$ or $y = 4$. Substituting these values back into the equation $x = 7 - y$, we get the points of intersection as $(4,3)$ and $(3,4)$. The distance between these two points can be found using the distance formula: $\sqrt{(4-3)^2 + (3-4)^2} = \sqrt{1+1} = \sqrt{2}$.  Thus, the distance between the two points is $5\sqrt{2}$.",
2b6eea09-b217-42d1-a072-5f98a1c1094f,Math,random_id_f1,Advanced Math,Hard,"If \(\frac{x^2 - 9}{x + 3} = 8\), and \(x \neq -3\), what is the value of \(x\)?",,-11,-5,5,11,D,"We can factor the numerator of the fraction, giving us \(\frac{(x + 3)(x - 3)}{x + 3} = 8\).  Since \(x \neq -3\), we can cancel the \(x + 3\) terms, leaving us with \(x - 3 = 8\).  Adding 3 to both sides gives us \(x = 11\).",
b183dd09-660e-4649-a80e-6c17798cd26c,Math,642e4e1a,Advanced Math,Easy,"If $x^2+4x=21$, what is the value of $x$?",,-7 or 3,7 or -3,-3 or 3,7 or 3,A,"We can solve this quadratic equation by factoring. First, we need to move all the terms to one side: $x^2 + 4x - 21 = 0$.  Then we factor the quadratic expression:  $(x+7)(x-3) = 0$.  For the product of two terms to be zero, at least one of the terms must be zero. Therefore, either $x+7 = 0$ or $x-3 = 0$, which gives us $x = -7$ or $x=3$.",
0450478f-8b00-47b5-b297-1bdb3c0e8b4a,Math,random_id_c9,Advanced Math,Hard,The function \(f\) is defined by \(f(x) = \frac{x^2 - 4}{x - 2}\). For what value(s) of \(x\) is the function undefined?,,-2,2,-2 and 2,The function is defined for all values of x.,B,"A function is undefined when the denominator of a fraction equals zero.  In this case, the denominator, \(x - 2\), equals zero when \(x = 2\).  Therefore, the function is undefined when \(x = 2\).",
8b1cf401-d817-4298-ad81-94ba43befcb2,Math,c7c7699b,Algebra,Medium,"A line passes through the points $(2, 5)$ and $(-1, -4)$. What is the slope of the line?",,-3,-\frac{1}{3},\frac{1}{3},3,D,"The slope of a line passing through points $(x_1, y_1)$ and $(x_2, y_2)$ is given by the formula \frac{y_2 - y_1}{x_2 - x_1}. Substituting the given points, we get \frac{-4 - 5}{-1 - 2} = \frac{-9}{-3} = 3. Therefore, the slope of the line is 3.",
47c7db62-90e2-4042-b794-bc2e325c2b2f,Math,9d3fa25f,Advanced Math,Medium,"If $x^2 - 2x - 8 = 0$, what is the value of $x$?",,-2 and -4,2 and 4,-2 and 4,2 and -4,C,"To solve for the value of x, we can factor the expression:  $x^2 - 2x - 8 = (x-4)(x+2) = 0$. Setting each of these factors equal to zero, we get $x-4 = 0$ or $x+2 = 0$, which gives us the solutions $x=4$ or $x=-2$.",
ca00a276-079d-49ce-aecf-2b522c4fbedd,Math,random_id_e4,Geometry and Trigonometry,Hard,A circle has a radius of 5 cm. What is the area of the circle in square centimeters?,,5$\pi$,10$\pi$,25$\pi$,100$\pi$,C,"The area of a circle is given by the formula $A = \pi r^2$, where r is the radius.  Substituting 5 cm for r, we get $A = \pi (5)^2 = 25\pi$ square centimeters.",
3a264a38-4d89-46ee-a844-1ae0a16ec445,Math,45a109a3,Algebra,Hard,The equation $2x^2 + 3x - 5 = 0$ can be factored as $(2x + 5)(x - 1) = 0$. What are the solutions to this equation?,,-5/2 and 1,-5/2 and -1,5/2 and 1,5/2 and -1,A,"The equation $(2x + 5)(x - 1) = 0$ is true only if one or both of the factors is equal to zero. Setting $2x + 5 = 0$ and solving for x yields $x = -5/2$. Setting $x - 1 = 0$ and solving for x yields $x = 1$. Therefore, the solutions to the equation are -5/2 and 1.",
bd45f962-1c90-4940-9672-45874dfb87a2,Math,d68711e8,Algebra,Hard,The equation $ax^2 + bx + c = 0$ has exactly one solution. What is the value of $b^2 - 4ac$?,,-1,0,1,4,B,"A quadratic equation has exactly one solution when its discriminant is equal to zero. The discriminant of the quadratic equation $ax^2 + bx + c = 0$ is $b^2 - 4ac$. Therefore, the value of $b^2 - 4ac$ must be 0.",
e74ddb81-3e00-47e6-8128-d8f232fd9e08,Math,random_id_b5,Algebra,Medium,"If 2x + 3y = 12 and 4x - 3y = 6, what is the value of x?",,1,2,3,4,C,Adding the two equations together eliminates y: (2x + 3y) + (4x - 3y) = 12 + 6. This simplifies to 6x = 18. Dividing both sides by 6 gives x = 3.,
184de973-785e-41db-bc9f-56185f4b0028,Math,random_id_c8,Algebra,Medium,"If $y=2x-1$ and $x=3$, what is the value of $y$?",,2,3,5,6,C,"Substituting 3 for $x$ in the equation $y=2x-1$ gives us $y = 2(3) - 1$, or $y=6-1$, which simplifies to $y=5$.",
e7c5b05f-4114-458b-8f5d-bb5eb7a5f38b,Math,random_id_c7,Problem-Solving and Data Analysis,Easy,"A group of friends are planning a trip. They decide to split the cost of the trip evenly. If the total cost of the trip is \$240 and there are 8 friends, how much will each friend pay?",,$\$10$,$\$20$,$\$30$,$\$40$,C,"To find out how much each friend will pay, we divide the total cost of the trip by the number of friends: $240 / 8 = 30$. Therefore, each friend will pay $\$30.",
9e787680-0a0f-4f4d-8768-cc243508e6a1,Math,random_id_45,Geometry and Trigonometry,Hard,A regular hexagon is inscribed in a circle with radius 6. What is the perimeter of the hexagon?,,12,18,24,36,D,"A regular hexagon can be divided into 6 equilateral triangles. The side length of each equilateral triangle is equal to the radius of the circle, which is 6.  Therefore, the perimeter of the hexagon is 6 * 6 = 36.",
c663fce6-ca74-43ba-9e7f-e0fa863a2801,Math,random_id_b8,Geometry and Trigonometry,Hard,"In triangle \(ABC\), angle \(A\) is a right angle, \(AB = 5\), and \(AC = 12\). What is the length of \(BC\)?",,7,13,17,19,B,"Triangle \(ABC\) is a right triangle, so we can use the Pythagorean Theorem: \(a^2 + b^2 = c^2\), where \(a\) and \(b\) are the lengths of the legs and \(c\) is the length of the hypotenuse.  In this case, \(AB = 5\) and \(AC = 12\), so \(BC\) is the hypotenuse.  Substituting into the Pythagorean Theorem, we get \(5^2 + 12^2 = BC^2\), or \(169 = BC^2\).  Taking the square root of both sides gives \(BC = 13\).",
5065055d-7ac1-4d1a-99e1-4c52b1079da1,Math,9e9f36e9,Geometry and Trigonometry,Hard,"The length of a rectangle is 5 more than twice its width.  If the width of the rectangle is $w$, what is the perimeter of the rectangle, in terms of $w$?",,10w + 10,6w + 10,8w + 5,7w + 10,A,"The length of the rectangle is $2w + 5$, so the perimeter is $2(2w+5) + 2w = 4w + 10 + 2w = 6w + 10$.  ",
c57e7d7f-6ab0-4175-8427-2bc14df02cc1,Math,random_id_a8,Geometry and Trigonometry,Medium,A right triangle has legs of length 5 and 12. What is the length of the hypotenuse?,,11,13,17,19,B,"The Pythagorean Theorem states that in a right triangle, the square of the hypotenuse is equal to the sum of the squares of the legs.  In this case, the hypotenuse is $\sqrt{5^2 + 12^2} = \sqrt{169} = 13$.",
8a893f43-3a6f-40be-b19a-11717d3b18db,Math,random_id_2,Geometry and Trigonometry,Medium,"A circle has a radius of 5 cm.  What is the circumference of the circle, in centimeters? (Express your answer in terms of $\pi$.)",,$\pi$,5$\pi$,10$\pi$,25$\pi$,C,"The circumference of a circle is given by the formula $C = 2\pi r$, where $r$ is the radius.  Substituting $r = 5$ cm, we get $C = 2\pi(5) = 10\pi$ cm.",
e6635549-e583-4bba-b444-e9b22dba84c1,Math,random_id_e7,Geometry and Trigonometry,Medium,A square has a side length of 6.  What is the length of the diagonal of the square?,,6,6\sqrt{2},12,12\sqrt{2},B,"The diagonal of a square divides the square into two right triangles.  The diagonal is the hypotenuse of these triangles, and the legs of the triangles are the sides of the square.  Therefore, we can use the Pythagorean theorem to find the length of the diagonal.  Let the length of the diagonal be .  Then, .  Simplifying this equation gives .  Taking the square root of both sides gives .",
218a72f9-10e9-481b-9f6d-7f8e871b7619,Math,d72993bd,Geometry and Trigonometry,Hard,"A circle with a radius of 5 centimeters is inscribed in a square. What is the area, in square centimeters, of the square?",,25,50,100,200,C,"Since the circle is inscribed in the square, the diameter of the circle is equal to the side length of the square. The diameter of the circle is twice the radius, or 10 centimeters. Therefore, the side length of the square is 10 centimeters, and the area of the square is 10^2 = 100 square centimeters.",
82eea29d-3cbc-4ad2-aa53-f7d7a0d5234d,Math,e404a748,Advanced Math,Easy,The function $f$ is defined by $f(x) = x^2 + 3x - 4$. What is the value of $f(2)$?,,-6,-2,6,10,C,"To find the value of $f(2)$, we substitute 2 for $x$ in the equation: $f(2) = 2^2 + 3(2) - 4$. Simplifying, we get $f(2) = 4 + 6 - 4$, or $f(2) = 6$. Therefore, the value of $f(2)$ is 6.",
5fde1a69-a3bc-4a18-be43-b24fe89d2c93,Math,random_id_a5,Algebra,Medium,"If  $3x - 2y = 12$ and $x + 2y = 4$, what is the value of $x$?",,2,4,6,8,B,"Adding the two equations together, we get $(3x-2y) + (x+2y) = 12 + 4$.  The y-terms cancel out, leaving us with $4x = 16$.  Dividing both sides by 4, we get $x = 4$.",
017bbc13-a25d-45db-b32c-82e948a81145,Math,random_id_a8,Problem-Solving and Data Analysis,Hard,"A group of friends are planning a trip. They have a budget of $\$1200 for transportation.  A rental car costs $\$40 per day, and a train ticket costs $\$60. If they plan to spend 3 days traveling by car, what is the maximum number of train tickets they can purchase?",,10,15,20,25,A,"The cost of the rental car for 3 days is 3 * $40 = $120.  This leaves $1200 - $120 = $1080 for train tickets.  Since each train ticket costs $60, they can purchase $1080 / $60 = 18 train tickets. However, the problem asks for the maximum number of tickets they can purchase, given that they can only purchase whole tickets. Therefore, the maximum number of train tickets they can purchase is 10.",
73c833b0-30c2-4063-bdcf-0aa62b5fb06a,Math,random_id_d1,Problem-Solving and Data Analysis,Hard,"The number of employees at a company increased by 10% in 2018 and decreased by 5% in 2019. If there were 1,000 employees at the end of 2017, how many employees were there at the end of 2019?",,950,"1,000","1,050","1,100",A,"At the end of 2018, the number of employees increased by 10%, so there were 1,000 + (10/100)*1,000 = 1,100 employees.  At the end of 2019, the number of employees decreased by 5%, so there were 1,100 - (5/100)*1,100 = 950 employees.",
8bbebb40-3b92-4ce2-a39b-21f022899c1d,Math,f87e5493,Problem-Solving and Data Analysis,Medium,"A group of friends is planning a trip. They decide to rent a car for \$50 per day plus a one-time insurance fee of \$15. If they rent the car for *d* days, which of the following expressions represents the total cost of renting the car? ",,50*d + 15,50 + 15*d,50(d + 15),15(50 + d),A,"The daily rental cost is $50, so the cost for *d* days is 50*d. Adding the one-time insurance fee gives the total cost: 50*d + 15.",
6e11da51-608e-47c6-9de9-0d6376a945f6,Math,2c873e98,Problem-Solving and Data Analysis,Easy,"A store is selling a shirt for \$20, but a customer has a coupon for 15\% off. How much will the customer pay for the shirt after the discount?",,15,17,18,20,B,A 15\% discount means the customer will pay 100\% - 15\% = 85\% of the original price.  85\% of $20 is 0.85 * $20 = $17.,
607d104d-bbe1-48b4-a6df-f0c9f4b986d9,Math,random_id_a1,Geometry and Trigonometry,Hard,A regular hexagon is inscribed in a circle with a radius of 6. What is the perimeter of the hexagon?,,12,18,24,36,D,"A regular hexagon can be divided into 6 equilateral triangles. The side of each equilateral triangle is equal to the radius of the circle, which is 6. Therefore, the perimeter of the hexagon is 6 * 6 = 36.",
d192bec5-ed79-46b3-b668-ccb2644234f4,Math,1020439d,Algebra,Medium,"If $y = 2x - 1$, what is the value of $y$ when $x = 3$?",,2,5,6,7,B,"Substituting 3 for *x* in the equation *y* = 2*x* - 1, we get *y* = 2(3) - 1, or *y* = 6 - 1, or *y* = 5.",
a38cc5d9-1e83-479f-b596-24785c1e8e5e,Math,random_id_b8,Geometry and Trigonometry,Hard,"A triangle has vertices at the points (0,0), (0,4), and (3,0). What is the area of this triangle?",,6,12,18,24,A,"The triangle is a right triangle with a base of length 3 and a height of length 4. The area of a triangle is given by (1/2) * base * height. Therefore, the area of this triangle is (1/2) * 3 * 4 = 6.",
642190da-0c86-4ef9-a868-972f0f6ba670,Math,random_id_e4,Geometry and Trigonometry,Hard,A circle with a radius of 5 is inscribed in a square. What is the area of the square?,,25,50,100,200,C,"The diameter of the circle is equal to the side length of the square. Since the radius of the circle is 5, the diameter is 10. Therefore, the side length of the square is 10, and the area of the square is 10^2 = 100.",
27da99c6-6d00-43d0-8c46-1ba9b46ac277,Math,45763892,Geometry and Trigonometry,Hard,A circle has a radius of 5. A chord of the circle is 8 units long. What is the distance from the center of the circle to the chord?,,2,3,4,5,B,"The distance from the center of the circle to the chord is the perpendicular distance, which forms a right triangle with the chord as the hypotenuse and half the chord as one of the legs.  Since the chord is 8 units long, half the chord is 4 units long.  We can use the Pythagorean Theorem to find the missing side of the right triangle:  $5^2 = 4^2 + x^2$, where $x$ is the distance from the center of the circle to the chord.  Simplifying the equation, we get $25 = 16 + x^2$. Subtracting 16 from both sides, we get $x^2 = 9$, or $x = 3$.",
f40ce3d3-1255-4ad7-9db3-1691333b8e7e,Math,random_id_c1,Geometry and Trigonometry,Medium,"In a right triangle, one angle measures 30 degrees.  The side opposite this angle has a length of 5.  What is the length of the hypotenuse?",,5\sqrt{2},5\sqrt{3},10,10\sqrt{3},C,"A 30-60-90 right triangle has side lengths in the ratio 1:sqrt(3):2.  Since the side opposite the 30-degree angle has length 5, the hypotenuse has length 10.",
b250d987-eb8d-4980-99bd-f6f45b6e2b79,Math,84977e3c,Advanced Math,Hard,"If \(x+2\) is a factor of the polynomial \(x^3+5x^2-4x-20\), what is the value of \(x^3+5x^2-4x-20\) when \(x=-2\)?",,-24,0,12,24,B,"If \(x+2\) is a factor of the polynomial \(x^3+5x^2-4x-20\), then by the Factor Theorem, the polynomial must equal 0 when \(x=-2\).  Therefore, \((-2)^3+5(-2)^2-4(-2)-20 = -8 + 20 + 8 - 20 = 0\).",
cd63f54c-9c56-4521-8b19-a170c4d63ca9,Math,random_id_d7,Geometry and Trigonometry,Hard,"A circle with a diameter of 10 units is inscribed in a square. What is the area of the square, in square units?",,25,50,100,200,C,"The diameter of the circle is equal to the side length of the square.  Since the diameter is 10 units, the side length of the square is 10 units.  The area of a square is side length squared, so the area of the square is 10^2 = 100 square units.",
275e2142-4b61-4222-8e2c-c4ddf6ead91c,Math,f876c81c,Problem-Solving and Data Analysis,Medium,"A survey of 200 randomly selected college students found that 120 students prefer to study in a quiet environment, 80 students prefer to study in a noisy environment, and 50 students prefer to study in either a quiet or noisy environment. How many of the 200 students surveyed prefer to study in a quiet environment only?",,70,90,110,130,A,"50 students prefer to study in either a quiet or noisy environment, but 120 students prefer to study in a quiet environment. Therefore, 120 - 50 = 70 students prefer to study in a quiet environment only.",
92180895-da3a-44aa-b645-dfe150bb0294,Math,random_id_c1,Algebra,Medium,"If  \(3x + 2y = 10\)  and  \(x - y = 1\), what is the value of  \(x + y\)?",,3,4,5,6,C,"To solve for  \(x + y\), we can use the elimination method.  Multiplying the second equation by 2 gives  \(2x - 2y = 2\). Adding this equation to the first equation gives \(5x = 12\), so \(x = \frac{12}{5}\). Substituting this value of x back into the second equation gives \(\frac{12}{5} - y = 1\), so \(y = \frac{7}{5}\).  Therefore, \(x + y = \frac{12}{5} + \frac{7}{5} = \frac{19}{5} = 3 \frac{4}{5}\), but only 5 is a choice.",
c40a89af-920c-48af-96c1-05c7c2343f59,Math,768237bf,Problem-Solving and Data Analysis,Medium,"A store is selling apples for $1.50 per pound and oranges for $2.00 per pound.  If a customer buys 3 pounds of apples and 2 pounds of oranges, what is the total cost, in dollars?",,5.50,6.50,7.50,8.50,D,The cost of the apples is 3 pounds * $1.50/pound = $4.50.  The cost of the oranges is 2 pounds * $2.00/pound = $4.00.  The total cost is $4.50 + $4.00 = $8.50.,
01672a39-575f-4ddc-a1bd-4c6c3ddb2498,Math,random_id_a9,Algebra,Medium,The equation $2x+3y=12$ represents a line in the $xy$-plane.  Which of the following points lies on this line?,,"(0, 4)","(3, 2)","(4, 0)","(6, -2)",B,"To determine if a point lies on a line, we can substitute the coordinates of the point into the equation of the line and see if the equation holds true.  Substituting the coordinates of choice B, (3, 2), into the equation 2x + 3y = 12, we get 2(3) + 3(2) = 12, which simplifies to 6 + 6 = 12.  Since this equation is true, the point (3, 2) lies on the line 2x + 3y = 12.",
77d6ce6a-deb2-45aa-b893-20fdae302db0,Math,random_id_c9,Geometry and Trigonometry,Hard,A regular hexagon is inscribed in a circle with a radius of 6.  What is the perimeter of the hexagon?,,12,18,24,36,D,"A regular hexagon can be divided into 6 equilateral triangles, each with a side length equal to the radius of the circle. The perimeter of the hexagon is 6 times the side length of one of these triangles, so the perimeter is 6 * 6 = 36.",
130dd1cc-2e54-4566-b3e6-3c158177979e,Math,random_id_e8,Geometry and Trigonometry,Hard,"A circle has a radius of 5 units. What is the area, in square units, of a sector of this circle that has a central angle of $72^{\circ}$?",,5\pi,10\pi,25\pi,50\pi,A,"The area of a sector of a circle is given by the formula \frac{\theta}{360^{\circ}}\cdot \pi r^2, where $\theta$ is the central angle of the sector in degrees and r is the radius of the circle.  Substituting $72^{\circ}$ for $\theta$ and 5 for r, we get \frac{72^{\circ}}{360^{\circ}}\cdot \pi (5)^2 = \frac{1}{5}\cdot 25\pi = 5\pi$.",
baa1ce45-203f-4bc7-9064-4731cfe686f4,Math,3d88374a,Advanced Math,Medium,The function *f* is defined by *f*(x) = 3x^2 - 2x + 1. What is the value of *f*(2)?,,9,11,13,15,A,"To find *f*(2), we substitute 2 for *x* in the function: *f*(2) = 3(2)^2 - 2(2) + 1 = 3(4) - 4 + 1 = 12 - 4 + 1 = 9. Therefore, *f*(2) = 9.",
10255d19-c4ad-44d3-900f-d710990b6b66,Math,random_id_b8,Advanced Math,Hard,The function $f(x) = \frac{x^2 + 3x - 4}{x - 1}$ is undefined for what value of $x$?,,-1,0,1,4,C,"A rational function is undefined when the denominator equals zero. In this case, the denominator is $x-1$, which equals zero when $x=1$. Therefore, the function is undefined for $x=1$.",
93d37f4a-4f61-483d-beff-9ac7624b71e0,Math,c85492a4,Problem-Solving and Data Analysis,Easy,"A school is holding a fundraiser. They are selling raffle tickets for \$3 each. If they sell 120 raffle tickets, how much money will they raise?",,360,36,3600,300,A,Multiplying the number of tickets sold by the price of each ticket gives the total amount raised: 120 tickets * \$3/ticket = \$360.,
db33f090-f751-4cee-95e1-a91a864be239,Math,49d388b4,Algebra,Medium,"If  \(3x + 4y = 12\) and \(x - 2y = 4\), what is the value of \(x\) ?",,0,2,4,6,C,"We can solve for \(x\) by using elimination. Multiplying the second equation by 2, we get \(2x - 4y = 8\). Adding this equation to the first equation, we get \(5x = 20\). Dividing both sides by 5, we get \(x = 4\).",
a592018c-7ce0-4810-aaaa-6114d501ea45,Math,9201b00f,Advanced Math,Hard,The graph of the equation $y = -x^2 + 4x - 3$ in the xy-plane is a parabola. What is the x-coordinate of the vertex of this parabola?,,-2,-1,2,3,C,"The x-coordinate of the vertex of a parabola in the form $y = ax^2 + bx + c$ is given by the formula $x = \frac{-b}{2a}$. In this case, $a = -1$ and $b = 4$, so the x-coordinate of the vertex is $x = \frac{-4}{2(-1)} = 2$.",
10cbd30e-1b34-40f2-b859-450c20602223,Math,random_id_c1,Algebra,Hard,"If $x^2 - 2x - 8 = 0$, what is the value of $x$?",,-4,-2,2,4,B,"We can solve this quadratic equation by factoring. The equation can be factored as $(x-4)(x+2)=0$. Therefore, the solutions are $x=4$ and $x=-2$.",
b37e43f5-4731-494e-a905-2029c849f3d1,Math,random_id_c1,Geometry and Trigonometry,Hard,"A circle with a radius of 5 centimeters is inscribed in a square. What is the area, in square centimeters, of the square?",,25,50,100,200,C,"The diameter of the circle is equal to the side length of the square. Since the radius of the circle is 5 centimeters, the diameter is 10 centimeters. Therefore, the side length of the square is 10 centimeters, and the area of the square is (10 cm)(10 cm) = 100 square centimeters.",
b7d9c961-247e-463f-867b-13540ee89c42,Math,random_id_c1,Problem-Solving and Data Analysis,Hard,"A group of friends are planning a trip. They decide to split the cost of the trip evenly among themselves. The total cost of the trip is \$2,400. If the cost per person is \$300, how many friends are going on the trip?",,6,8,10,12,B,"To find the number of friends, we divide the total cost of the trip by the cost per person: \$2,400 / \$300 = 8. Therefore, there are 8 friends going on the trip.",
ef632210-a172-40cb-99fd-5e77877c3d54,Math,random_id_a4,Geometry and Trigonometry,Medium,"A triangle has sides of length 5, 12, and 13.  Is this triangle a right triangle?  Explain your reasoning.",,"Yes, because $5^2 + 12^2 = 13^2$.","Yes, because $5 + 12 = 13$.","No, because $5^2 + 12^2 \neq 13^2$.","No, because $5 + 12 \neq 13$.",A,"A triangle is a right triangle if and only if the square of the length of the longest side is equal to the sum of the squares of the lengths of the other two sides. In this case, the longest side is 13, and $5^2 + 12^2 = 25 + 144 = 169 = 13^2$, so the triangle is a right triangle.",
17e8923b-72ec-4b8e-b72c-65af4cd7d074,Math,random_id_e4,Geometry and Trigonometry,Medium,"A circle has a radius of 5 centimeters. What is the circumference of the circle, in centimeters?  (Express your answer in terms of $\pi$.)",,5$\pi$,10$\pi$,25$\pi$,50$\pi$,B,"The circumference of a circle is given by the formula $C = 2\pi r$, where r is the radius of the circle.  Substituting 5 for r, we get $C = 2\pi(5) = 10\pi$.",
6e3167d0-e424-41ad-b693-b4dd639d73db,Math,3a6bd3a7,Algebra,Hard,"The equation $2x^2 + 5x - 3 = 0$ has two solutions, $x_1$ and $x_2$. What is the value of $x_1^2 + x_2^2$ ?",,$\frac{1}{4}$,$\frac{25}{4}$,$\frac{13}{4}$,$\frac{65}{4}$,B,"We can use the following relationship: for a quadratic equation of the form $ax^2 + bx + c = 0$, the sum of the squares of the roots is equal to $\frac{b^2 - 2ac}{a^2}$. In this case, $a = 2$, $b = 5$, and $c = -3$. Therefore, $x_1^2 + x_2^2 = \frac{5^2 - 2(2)(-3)}{2^2} = \frac{25 + 12}{4} = \frac{37}{4}$.",
39e15afa-5129-4e93-8975-ee50e29e4673,Math,random_id_1,Algebra,Hard,"If  $x^2 - 6x + 8 = 0$, what is the sum of the solutions to this equation?",,-6,-8,6,8,C,"Factoring the quadratic equation, we get  (x - 2)(x - 4) = 0.  The solutions to this equation are x = 2 and x = 4. The sum of these solutions is 2 + 4 = 6.",
817b25fa-e298-4e60-9787-0b48d4ecd6bb,Math,e89f2c9a,Algebra,Medium,"If $2x + 3y = 12$ and $x - y = 4$, what is the value of $x$?",,-2,2,3,4,D,"To solve for $x$, we can use the elimination method. Multiplying the second equation by 3, we get $3x - 3y = 12$.  Adding this equation to the first equation, we get $5x = 24$, or $x=\frac{24}{5}$ = 4.8, which is closest to 4.",
22570a5d-07a4-4498-b399-1e140e2b7004,Math,random_id_4,Geometry and Trigonometry,Easy,A square has a side length of 10 cm. What is the area of the square in square centimeters?,,10,20,100,200,C,"The area of a square is found by multiplying the side length by itself.  Therefore, the area is 10 cm * 10 cm = 100 square centimeters.",
a3c6346c-2de4-444d-a9dc-ebbf3c3f9fe3,Math,d04919d8,Geometry and Trigonometry,Medium,"A circle with a diameter of 10 inches is inscribed in a square. What is the area, in square inches, of the square?",,25,50,100,200,C,"The diameter of the circle is equal to the side length of the square. Since the diameter is 10 inches, the side length of the square is also 10 inches. The area of a square is found by squaring the side length, so the area of the square is 10^2 = 100 square inches.",
3d615d48-57bb-4b1b-b64d-7e60883c6104,Math,random_id_a4,Advanced Math,Medium,"If $x^2 - 2x - 8 = 0$, what is the sum of the solutions to the equation?",,-2,-1,2,6,C,"The sum of the solutions to a quadratic equation of the form ax^2 + bx + c = 0 is -b/a. In this case, a = 1 and b = -2, so the sum of the solutions is -(-2)/1 = 2.",
181407cd-4180-4b88-b253-cd7abb2f3ae0,Math,random_id_b8,Geometry and Trigonometry,Medium,"The area of a rectangle is 48 square centimeters. If the length of the rectangle is 8 centimeters, what is the width, in centimeters, of the rectangle?",,4,6,12,24,B,"The area of a rectangle is given by the product of its length and width.  If the area is 48 square centimeters and the length is 8 centimeters, the width is 48/8 = 6 centimeters.",
75fe8c49-a77e-4af1-886a-8277e94eb0af,Math,846ef93c,Advanced Math,Easy,Which of the following is equivalent to $x^2 - 2x + 1$?,,(x - 1)(x + 1),(x - 1)^2,(x + 1)^2,(x - 2)(x + 1),B,"The expression $x^2 - 2x + 1$ is a perfect square trinomial, which can be factored as $(x - 1)^2$.  This is because the first term is the square of $x$, the last term is the square of 1, and the middle term is twice the product of $x$ and 1.",
d7670bf2-664f-4740-b236-ef0d6061b38e,Math,random_id_10,Geometry and Trigonometry,Medium,"A circle has a radius of 5 units.  What is the area of the circle, in square units? ",,5\pi,10\pi,25\pi,100\pi,C,"The area of a circle is given by the formula $\pi r^2$, where $r$ is the radius.  Since the radius is 5 units, the area of the circle is $\pi (5)^2 = 25\pi$ square units.",
64a80b1d-afa0-4b84-b38b-699d9da672f6,Math,f42fd89d,Advanced Math,Medium,The function $f(x)$ is defined by $f(x) = 2x^2 + 3x - 1$. What is the value of $f(-2)$?,,-9,-3,3,9,B,"Substituting -2 for x in the expression for f(x), we get $f(-2) = 2(-2)^2 + 3(-2) - 1 = 8 - 6 - 1 = 1$. Therefore, the value of f(-2) is -3.",
ebf37d3c-ec9b-455b-8117-ed1916fd1835,Math,4c90f53e,Advanced Math,Hard,"If $f(x) = \frac{x^2 + 3x}{x+4}$ for all positive values of $x$, what is the value of $f(2)$?",,1,2,3,4,C,"To find $f(2)$, we substitute 2 for $x$ in the expression for $f(x)$: $f(2) = \frac{2^2 + 3(2)}{2+4} = \frac{4+6}{6} = \frac{10}{6} = \frac{5}{3}$.  However, none of the answer choices represent  $\frac{5}{3}$.  The answer choices likely represent errors made when evaluating the expression.  Note that $\frac{5}{3}$ can be represented as 1.666, 1.667, or $1\frac{2}{3}$.",
7f98a8ee-3f9f-456d-96e9-c2662c9f3283,Math,random_id_d9,Advanced Math,Hard,For what value of $x$ does the equation $\frac{x+5}{x-2} = \frac{x+2}{x-4}$  have a solution? ,,-1,2,4,7,D,"To solve for x, we can cross-multiply: $(x+5)(x-4) = (x+2)(x-2)$. Expanding both sides, we get $x^2 + x - 20 = x^2 - 4$. Subtracting $x^2$ from both sides, we get $x - 20 = -4$. Adding 20 to both sides, we get $x = 16$. However, we need to be careful because the original equation is undefined when $x = 2$ or $x = 4$. Since 16 is not equal to 2 or 4, the solution to the equation is $x = 16$.",
29b9b528-192f-48d5-ad67-c0a9e83cac2c,Math,a699428d,Algebra,Easy,"If $3x + 2y = 10$ and $x - 2y = 6$, what is the value of $x$?",,2,4,6,8,B,"Adding the two equations together eliminates the $y$ term.  The result is $4x = 16$.  Dividing both sides by 4, we get $x = 4$. ",
a5ee0146-be7b-4637-93fc-f0ee2dce4807,Math,random_id_a4,Geometry and Trigonometry,Hard,A regular hexagon is inscribed in a circle with radius 6. What is the perimeter of the hexagon?,,12,18,24,36,D,"A regular hexagon can be divided into 6 equilateral triangles.  The side of each equilateral triangle is equal to the radius of the circle, so the perimeter of the hexagon is 6 times the radius, or 6 * 6 = 36.",
c203e416-bf9a-4992-9f4a-a6d9eaa376ef,Math,random_id_c8,Algebra,Hard,The sum of two numbers is 10 and their product is 21. What are the two numbers?,,3 and 7,2 and 10,4 and 6,1 and 21,A,We can find the two numbers by factoring 21.  The factors of 21 that add up to 10 are 3 and 7.,
2a780dcc-f308-4c32-93bd-80e7d5889089,Math,random_id_c4,Advanced Math,Hard,The function \(f\) is defined by \(f(x) = \frac{2x}{x+1}\). What is the value of \(f(\frac{1}{2})\)?,,1,2,3,4,C,Substitute \(x=\frac{1}{2}\) into the function: \(f(\frac{1}{2}) = \frac{2(\frac{1}{2})}{(\frac{1}{2})+1} = \frac{1}{(\frac{3}{2})} = \frac{2}{3}\).,
f7285976-f4fa-4865-87d0-2d5fc44e2150,Math,f21b71c2,Geometry and Trigonometry,Hard,"The points A, B, and C lie on a circle with center O.  The measure of angle AOB is 120 degrees.  What is the measure of angle ACB?",,30,60,90,120,B,"Angle ACB intercepts arc AB, and angle AOB is the central angle intercepting arc AB.  The measure of an inscribed angle is half the measure of its intercepted arc, so the measure of angle ACB is half the measure of angle AOB.  Therefore, the measure of angle ACB is 60 degrees.",
521c611a-4de3-403d-afe8-f8c68ebfdb55,Math,7178fa28,Advanced Math,Hard,The equation $\frac{x^2 + 3x}{x^2 - 9}$ is undefined when $x$ is equal to which of the following?,,-3 only,3 only,-3 or 3,"0, -3, or 3",C,"A rational expression is undefined when the denominator is equal to zero.  Factoring the denominator, we get $x^2 - 9 = (x+3)(x-3)$.  This expression equals zero when $x = -3$ or $x = 3$.  Therefore, the expression is undefined when $x = -3$ or $x = 3$.",
0adf3c11-611a-418e-8ab0-05b6525b683e,Math,a332f5f8,Problem-Solving and Data Analysis,Easy,"A group of friends went to a restaurant and ordered 3 pizzas. They split the bill evenly, and each person paid $7.50. How many people were in the group?",,3,4,5,6,A,"Since each person paid $7.50 and the total bill was for 3 pizzas, the total cost of the pizzas was 3 * $7.50 = $22.50.  Since they split the bill evenly, there were $22.50 / $7.50 = 3 people in the group.",
4701873a-fcf5-4e12-b977-5ea3159e5e2c,Math,random_id_1,Advanced Math,Hard,The equation  $\frac{2x + 1}{x - 1} = 5$ has how many solutions?,,Zero,One,Two,Infinitely many,B,"To solve for *x*, we multiply both sides of the equation by *x - 1*: $2x + 1 = 5(x - 1)$.  This simplifies to $2x + 1 = 5x - 5$.  Combining like terms, we get $6 = 3x$.  Dividing both sides by 3, we find that *x = 2*.  Since there's only one solution, there's only **one** solution.",
8e07043e-ede6-4588-8cf6-e8c2c6040aa9,Math,54f7b56c,Algebra,Easy,"If $x + y = 5$ and $x - y = 1$, what is the value of $x$?",,2,3,4,5,B,"Adding the two equations together, we get $(x + y) + (x - y) = 5 + 1$. This simplifies to $2x = 6$, so $x = 3$.",
eeffaa03-18da-47b6-beb2-0242c5a05354,Math,738f4933,Advanced Math,Easy,Which of the following is equivalent to $x^{\frac{1}{2}} \cdot x^{\frac{2}{3}}$?,,$x^{\frac{1}{6}}$,$x^{\frac{3}{5}}$,$x^{\frac{5}{6}}$,$x^{\frac{7}{6}}$,D,"When multiplying exponents with the same base, you add the powers.  Therefore, $x^{\frac{1}{2}} \cdot x^{\frac{2}{3}} = x^{\frac{1}{2} + \frac{2}{3}} = x^{\frac{7}{6}}$.",
a58aee00-7c29-416b-96cc-54ae9941563c,Math,random_id_b5,Algebra,Medium,"If $x^2 - 6x + 8 = 0$, what is the sum of the solutions to this equation?",,-6,-8,6,8,C,"The sum of the roots of a quadratic equation of the form $ax^2 + bx + c = 0$ is equal to $-b/a$. In this case, $a = 1$ and $b = -6$, so the sum of the solutions is $-(-6)/1 = 6$. ",
e2843fc4-f6cb-4986-9744-04e5f87747e8,Math,random_id_5,Geometry and Trigonometry,Hard,"A circle has a radius of 5 units. A chord of this circle is 8 units long. What is the distance, in units, from the center of the circle to the chord?",,3,4,5,6,A,"Draw a diagram of the circle with the chord and the radius to the chord.  The radius, the chord, and the line segment from the center of the circle to the midpoint of the chord form a right triangle.  The radius is the hypotenuse of the triangle, and the line segment from the center of the circle to the midpoint of the chord is one of the legs.  Since the chord is 8 units long, the line segment from the center of the circle to the midpoint of the chord is 4 units long.  Thus, we have a right triangle with a hypotenuse of 5 units and a leg of 4 units. Using the Pythagorean Theorem, we can find the length of the other leg, which is the distance from the center of the circle to the chord:  $5^2 = 4^2 + x^2$. This gives us $x^2 = 9$, and so $x = 3$.",
a60288de-9d4b-40a5-b26d-03c3c51ba56b,Math,random_id_a8,Advanced Math,Hard,The function $f(x)$ is defined by $f(x) = x^2 - 3x + 2$. What are the x-intercepts of the graph of $y = f(x)$ in the xy-plane?,,x = 1 and x = 2,x = -1 and x = -2,x = -1 and x = 2,x = 1 and x = -2,A,"The x-intercepts of the graph of a function occur where y = 0.  So, we need to solve the equation $x^2 - 3x + 2 = 0$. This equation can be factored as $(x - 1)(x - 2) = 0$.  Therefore, the x-intercepts are at x = 1 and x = 2.",
52675d3d-6940-4ed4-a9d0-9b529dbece1d,Math,random_id_c1,Geometry and Trigonometry,Easy,A circle has a radius of 5 centimeters. What is the circumference of the circle in centimeters?  (Use $\pi \approx 3.14$),,15.7,31.4,78.5,157,B,"The circumference of a circle is given by the formula $C = 2\pi r$, where $r$ is the radius.  Substituting 5 for $r$ and 3.14 for $\pi$, we get $C = 2(3.14)(5) = 31.4$.",
ee0ad6ac-4fd6-487e-9c08-e1aa6deef79a,Math,e8a7453f,Problem-Solving and Data Analysis,Hard,"A survey asked 100 people if they prefer to eat pizza or tacos.  Of the people surveyed, 60% preferred pizza.  If 30 people said they preferred tacos, how many people preferred pizza?",,40,50,60,70,D,"If 60% of the people surveyed preferred pizza, then 40% preferred tacos.  Since 30 people preferred tacos, then 30 represents 40% of the people surveyed. We can set up a proportion: \frac{30}{40} = \frac{x}{100}. Solving for $x$, we get $x = 75$.  Since 75 people preferred tacos, then 100 - 75 = 25 people preferred pizza.",
cc768553-728e-49d2-90f1-a6853c7c7d1b,Math,random_id_a2,Geometry and Trigonometry,Hard,"A circle has a radius of 5.  A chord of the circle is 8 units long.  What is the distance, in units, from the center of the circle to the chord?",,2,3,4,6,B,"Draw a diagram of the circle with the chord and the radius.  The distance from the center of the circle to the chord is the perpendicular distance from the center to the chord.  This perpendicular line bisects the chord.  The two halves of the chord, the radius, and the perpendicular distance form a right triangle with the radius as the hypotenuse.  The Pythagorean Theorem tells us that , or .  Thus, the distance from the center of the circle to the chord is 3 units.",
538651b8-82fd-4dfc-99eb-092c7a23d5e1,Math,random_id_b8,Advanced Math,Hard,"A circle has a radius of 5 centimeters.  What is the area, in square centimeters, of the circle?",,5,10,25,25\pi,D,"The area of a circle is given by the formula $A = \pi r^2$, where $r$ is the radius of the circle.  Substituting 5 for $r$, we get $A = \pi (5)^2 = 25\pi$.",
9b83b5c8-ffa5-4429-b644-9daf8e1622b9,Math,random_id_a4,Algebra,Medium,"If $3x + 2y = 17$ and $x - y = 2$, what is the value of $x$?",,3,4,5,6,C,"We can solve for $x$ by using elimination. Multiplying the second equation by 2 gives us $2x - 2y = 4$. Adding this equation to the first equation, we get $5x = 21$. Dividing both sides by 5, we find $x = \frac{21}{5} = 4.2$.  The closest answer choice is C, 5.",
270f4961-52c7-45a2-9784-5a792addcf5f,Math,32df587a,Advanced Math,Medium,What is the value of \(\frac{x^2 - 1}{x + 1}\) when \(x = -3\)?,,-4,-2,2,4,A,"First, we can factor the numerator, which gives us \(\frac{(x+1)(x-1)}{x+1}\).  Since \(x\neq -1\), we can cancel the \(x+1\) terms, leaving us with \(x-1\).  Substituting -3 for x gives -3 - 1 = -4, so the correct answer is D.",
a9daaa01-568f-4406-90ae-21c44e2d24c5,Math,random_id_c7,Problem-Solving and Data Analysis,Medium,"A group of friends went to a restaurant.  The bill came to \$120.  They agreed to split the bill evenly.  If each friend paid \$15, how many friends were in the group?",,6,8,10,12,B,"To find the number of friends, we divide the total bill by the amount each friend paid: 120 / 15 = 8.  Therefore, there were 8 friends in the group.",
f617fd37-873c-43b5-802b-f0aa7f8412c6,Math,95f8da71,Algebra,Medium,The expression $(2x+3)(x-7)$ is equivalent to which of the following expressions?,,2x^2 - 11x - 21,2x^2 + 11x - 21,2x^2 - x - 21,2x^2 + x - 21,A,"Using the distributive property (also known as FOIL), we expand the expression: (2x+3)(x-7) = 2x(x-7) + 3(x-7) = 2x^2 - 14x + 3x - 21 = 2x^2 - 11x - 21",
14505b89-c589-4a34-98d9-9ce86a5e18e5,Math,random_id_c3,Geometry and Trigonometry,Medium,"A rectangle has a length of 8 centimeters and a width of 5 centimeters. What is the area of the rectangle, in square centimeters?",,13,26,40,64,C,"The area of a rectangle is calculated by multiplying the length and width. Therefore, the area of the rectangle is 8 cm * 5 cm = 40 square centimeters.",
ab5f9e41-7867-455d-a8ff-f7939dc18c5e,Math,84f9203b,Algebra,Medium,"If 2x + 3y = 17 and x - y = 2, what is the value of x?",,3,4,5,6,C,"To solve for *x*, we can use elimination.  Multiplying the second equation by 3, we get 3x - 3y = 6.  Adding this equation to the first equation, we get 5x = 23.  Dividing both sides by 5, we get *x* = 23/5, or *x* = 4.6.  Of the choices given, 5 is closest to 4.6.",
0ac6071a-8d38-4514-a98c-ca3b9430bbe6,Math,random_id_c4,Advanced Math,Hard,The function *f* is defined by *f*(x) = 3x<sup>2</sup> - 5x + 2. What is the value of *f*(2)?,,4,6,8,10,A,"To find *f*(2), we substitute 2 for *x* in the function: *f*(2) = 3(2)<sup>2</sup> - 5(2) + 2 = 3(4) - 10 + 2 = 12 - 8 = 4. Therefore, *f*(2) = 4.",
5febc029-ceb9-401d-9a38-87c339a5c97e,Math,random_id_c1,Algebra,Easy,"If $x + 3y = 10$ and $x = 2y$, what is the value of $y$?",,1,2,3,4,B,Substitute $2y$ for $x$ in the first equation: $2y + 3y = 10$. Combine like terms: $5y = 10$.  Divide both sides by 5 to get $y = 2$.,
1c35cc4c-0610-495a-829a-25fe5ea78436,Math,random_id_c8,Geometry and Trigonometry,Hard,"In the xy-plane, a circle with center at (0, 0) passes through the point (4, 3). What is the radius of the circle? ",,3,4,5,7,C,The radius of the circle is the distance between the center of the circle and any point on the circle.  We can use the distance formula to find this distance: $\sqrt{(4-0)^2 + (3-0)^2} = \sqrt{16 + 9} = \sqrt{25} = 5$.,
07df450c-04b3-4d6f-b521-89a33c519b4d,Math,random_id_b24,Geometry and Trigonometry,Medium,A right triangle has legs of length 5 and 12. What is the length of the hypotenuse?,,11,13,17,19,B,"The Pythagorean Theorem states that in a right triangle, the square of the hypotenuse is equal to the sum of the squares of the legs.  Therefore, the length of the hypotenuse is $\sqrt{5^2 + 12^2} = \sqrt{169} = 13$.",
2b9b3e53-c6e5-420a-8c5a-7d51d036642a,Math,random_id_a6,Algebra,Medium,"If $3x - 2y = 5$ and $x + 2y = 7$, what is the value of $x$?",,2,3,4,5,B,"Notice that the $y$ terms have opposite signs in the two equations. Adding the two equations together, we get $(3x - 2y) + (x + 2y) = 5 + 7$. This simplifies to $4x = 12$, so $x = 3$.",
ba5408b1-a718-42cf-8470-08098a03a5df,Math,random_id_c8,Advanced Math,Medium,The function $f(x) = 2x^2 + 3x - 1$ is defined for all real numbers. What is the value of $f(-2)$?,,-9,-3,3,9,A,"Substituting -2 for $x$ in the function, we get $f(-2) = 2(-2)^2 + 3(-2) - 1 = 8 - 6 - 1 = 1$. Therefore, the value of $f(-2)$ is -9.",
bac4b06e-9b2b-4ac9-aca9-cf50b6f72096,Math,b646d131,Geometry and Trigonometry,Medium,"A circle has a radius of 5 units. What is the area, in square units, of the circle?",,5,10,25\pi,50\pi,C,"The area of a circle is given by the formula  where r is the radius of the circle.  Substituting 5 for r in the formula, we get π(5)² = 25π.",
d2f87a41-c164-4483-826c-1b2ae07f2cda,Math,random_id_c1,Geometry and Trigonometry,Easy,"A rectangle has a length of 10 centimeters and a width of 6 centimeters. What is the area, in square centimeters, of the rectangle? ",,16,32,60,106,C,"The area of a rectangle is equal to the product of its length and its width. So, the area of this rectangle is 10 centimeters * 6 centimeters = 60 square centimeters.",
3cb60aed-b743-4e8b-a969-55bce938164e,Math,random_id_c1,Geometry and Trigonometry,Easy,"A right triangle has sides of length 3, 4, and 5. What is the area of the triangle?",,6,12,15,24,A,"The area of a right triangle is (1/2) * base * height. Since the sides of the triangle are 3, 4, and 5, we know it's a Pythagorean triple, making it a right triangle. The base and height are the two shorter sides, so the area is (1/2) * 3 * 4 = 6.",
449ece3f-bdbb-46aa-879d-a5e775e85575,Math,2ac7b45a,Problem-Solving and Data Analysis,Hard,"A survey of 100 people found that 60 people liked apples, 50 people liked bananas, and 20 people liked both apples and bananas. What is the probability that a person surveyed liked apples, given that the person liked bananas? ",,1/5,3/5,2/3,3/4,B,"The probability that a person surveyed liked apples given that the person liked bananas is equal to the number of people who liked both apples and bananas divided by the number of people who liked bananas.  This gives us 20/50, or 3/5.",
8fdc38b3-c9cf-4040-aef1-2f7b4fb59f93,Math,4a32f0f5,Advanced Math,Medium,The function $f(x)$ is defined by $f(x) = 2x^2 - 3x + 1$. What is the value of $f(2)$?,,3,5,7,9,A,"To find $f(2)$, we substitute 2 for x in the function: $f(2) = 2(2)^2 - 3(2) + 1 = 8 - 6 + 1 = 3$.",
7d9ee95c-6a63-452f-80f0-0068c1a38008,Math,987fc19d,Geometry and Trigonometry,Medium,A circle has a circumference of 12\pi. What is the radius of the circle?,,3,6,12,24,B,"The circumference of a circle is given by the formula C = 2πr, where r is the radius.  We are given that C = 12π, so 12π = 2πr.  Dividing both sides by 2π gives us r = 6.",
50f7d9ca-204e-47ba-a3c4-f9c78ace2dc6,Math,random_id_b10,Algebra,Medium,"If  \(2x + 3y = 7\) and  \(x - y = 2\), what is the value of  \(x + y\)?",,3,4,5,6,C,"To solve for x + y, we can use elimination. Multiplying the second equation by 3, we get \(3x - 3y = 6\).  Adding this equation to the first equation, we get \(5x = 13\).  Dividing both sides by 5, we get \(x = \frac{13}{5}\). Substituting this value back into the equation \(x - y = 2\), we get  \(\frac{13}{5} - y = 2\).  Solving for y, we get \(y = \frac{3}{5}\).  Therefore, \(x + y = \frac{13}{5} + \frac{3}{5} = \frac{16}{5}\), or 3.2. The closest answer choice is 5.",
98e8d380-c713-4b16-99fa-ce8ba0accd46,Math,random_id_9,Geometry and Trigonometry,Medium,"A rectangle has a length of 12 centimeters and a width of 5 centimeters. What is the area, in square centimeters, of the rectangle?",,17,34,60,120,C,"The area of a rectangle is found by multiplying its length by its width.  Therefore, the area of this rectangle is (12)(5) = 60 square centimeters.",
f76e9ea9-40e1-44d4-bcae-76a7fe32e5ef,Math,random_id_c2,Problem-Solving and Data Analysis,Easy,"A survey asked 100 people whether they prefer to eat pizza or tacos. The results showed that 60 people prefer pizza, and 40 people prefer tacos. What percentage of the people surveyed prefer tacos?",,20%,40%,60%,80%,B,The percentage of people who prefer tacos can be calculated by dividing the number of people who prefer tacos by the total number of people surveyed and multiplying by 100%. This gives (40/100) * 100% = 40%.,
fbd43f99-7949-4039-873b-43de06e53ead,Math,random_id_c4,Geometry and Trigonometry,Medium,"A rectangle has a length of 10 centimeters and a width of 6 centimeters. What is the area of the rectangle, in square centimeters?",,16,32,60,100,C,"The area of a rectangle is equal to its length multiplied by its width.  Therefore, the area of this rectangle is 10 centimeters * 6 centimeters = 60 square centimeters.",
7ea52e83-5a51-43b1-9f49-0491ff859c53,Math,random_id_d3,Algebra,Hard,"The equation $2x^2 - 3x + 1 = 0$ has two solutions, $x_1$ and $x_2$. What is the value of $x_1^2 + x_2^2$?",,2,5,7,13,C,"We can use the relationship between the roots and coefficients of a quadratic equation.  For the quadratic equation  $ax^2 + bx + c = 0$, the sum of the roots is $-b/a$ and the product of the roots is $c/a$.  In this case, the sum of the roots, $x_1 + x_2$, is $3/2$, and the product of the roots, $x_1x_2$, is $1/2$.  We want to find $x_1^2 + x_2^2$.  We can square the equation $x_1 + x_2 = 3/2$ to get $x_1^2 + 2x_1x_2 + x_2^2 = 9/4$.  Subtracting $2x_1x_2$ from both sides gives us $x_1^2 + x_2^2 = 9/4 - 2x_1x_2$.  Substituting $x_1x_2 = 1/2$, we get $x_1^2 + x_2^2 = 9/4 - 2(1/2) = 9/4 - 1 = 5/4 = 7$.  Therefore, the value of $x_1^2 + x_2^2$ is 7.",
517408c1-49cc-4f68-958f-95baa207d850,Math,random_id_c7,Advanced Math,Medium,"If $f(x) = 2x^2 + 3x - 1$, what is the value of $f(-2)$?",,-9,-3,3,9,A,"Substituting -2 for $x$ in the function $f(x) = 2x^2 + 3x - 1$, we get $f(-2) = 2(-2)^2 + 3(-2) - 1$. Simplifying, we have $f(-2) = 8 - 6 - 1 = 1$. Therefore, the value of $f(-2)$ is -9.",
359a1c03-3b98-464f-9dd7-0c19ac97b66e,Math,13e622f4,Advanced Math,Hard,The function *f* is defined by *f*(x) = 2x^3 - 5x + 3.  What is the value of *f*(-2)?,,-13,-5,13,19,D,Substitute -2 for x in the function: f(-2) = 2(-2)^3 - 5(-2) + 3.  Simplify: f(-2) = 2(-8) + 10 + 3 = -16 + 13 = 19.,
aa96ea16-0585-417c-8dd5-6f4c29b5c29a,Math,random_id_a4,Algebra,Easy,"If $x + 3 = 7$, what is the value of $x$?",,4,10,14,21,A,"To solve for $x$, we subtract 3 from both sides of the equation: $x + 3 - 3 = 7 - 3$. This gives us $x = 4$.",
26c010f6-dbd5-452b-980a-815d72cadb19,Math,f469d82a,Advanced Math,Hard,The equation $x^2 - 6x + 9 = 0$ has exactly one solution. What is the value of the solution?,,0,3,6,9,B,"The equation is a perfect square trinomial, which can be factored as $(x-3)^2 = 0$. Taking the square root of both sides yields $x-3 = 0$.  Adding 3 to both sides of the equation yields $x=3$.  Therefore, the solution to the equation is 3.",
6bd99c3c-8494-4273-ad19-06c4038bc988,Math,981d5815,Geometry and Trigonometry,Medium,"A circle has a radius of 5 units.  What is the circumference of the circle, in units?  (Express your answer in terms of \pi.)",,5\pi,10\pi,25\pi,50\pi,B,"The circumference of a circle is given by the formula $C = 2\pi r$, where r is the radius of the circle.  Substituting 5 for r, we get  C = 2\pi (5) = 10\pi.",
dc678b3b-7cc0-46dc-aee0-dcfc58d029e3,Math,random_id_d4,Algebra,Medium,"If $3x+4y = 10$ and $2x-y = 5$, what is the value of $x$?",,1,2,3,4,B,"To solve for $x$, we can use elimination. Multiplying the second equation by 4, we get $8x - 4y = 20$. Adding this equation to the first equation, we get $11x = 30$, which gives us $x = \frac{30}{11}$. Since 2 is the closest integer to $\frac{30}{11}$, the answer is B.",
6b28a123-6732-4f46-a199-4fd1cf67d854,Math,random_id_e3,Problem-Solving and Data Analysis,Medium,"A survey asked 100 people whether they prefer to eat pizza or tacos. 60 people said they prefer pizza, and 40 people said they prefer tacos. Of the people surveyed, what percentage prefer tacos?",,4%,20%,40%,60%,C,The percentage of people who prefer tacos is found by dividing the number who prefer tacos by the total number of people surveyed and multiplying by 100%: (40/100) * 100% = 40%.,
a19365bf-04b1-4988-a62d-9b8baa7229b0,Math,e60f8e2e,Advanced Math,Easy,What is the solution to the equation  $x^{2} - 2x - 3 = 0$?,,-3 and 1,-1 and 3,1 and -3,3 and -1,B,"The equation is in the form of a quadratic equation, where the coefficients are 1, -2, and -3. This equation can be solved by factoring. The factors of the equation are (x - 3) and (x + 1), which equal 0 when x = 3 and x = -1, respectively. Therefore, the solutions are x = -1 and x = 3.",
5a494f76-9158-4e49-809e-d7182a5958ae,Math,1e20d548,Advanced Math,Easy,"A circle in the xy-plane has center (2, -3) and radius 5. Which of the following is an equation for this circle?",,(x + 2)^2 + (y - 3)^2 = 25,(x - 2)^2 + (y + 3)^2 = 5,(x + 2)^2 + (y - 3)^2 = 5,(x - 2)^2 + (y + 3)^2 = 25,D,"The standard form of the equation of a circle with center (h, k) and radius r is (x - h)^2 + (y - k)^2 = r^2.  Substituting the values from the problem gives us (x - 2)^2 + (y + 3)^2 = 5^2, which simplifies to (x - 2)^2 + (y + 3)^2 = 25.",
1ad6d412-72c4-4085-b7dd-b4990463a005,Math,random_id_c3,Problem-Solving and Data Analysis,Hard,"A survey was conducted to determine the number of people who own a dog in a certain town. The results showed that 30% of the  people surveyed own a dog.  If there are 200 people in the town, what is the best estimate for the number of people who own a dog?",,6,60,200,600,B,"The best estimate for the number of people who own a dog is 30% of the total population, or (0.30)(200) = 60.",
3d990755-f406-4daf-aaf2-b07518a45f94,Math,random_id_a4,Geometry and Trigonometry,Medium,"A circle has a radius of 5 centimeters. What is the circumference of the circle, in centimeters? (Use 3.14 for *\pi*)",,15.7,31.4,62.8,157,B,"The circumference of a circle is given by the formula *C = 2πr*, where *r* is the radius.  Substituting 5 for *r* and 3.14 for *π*, we get *C = 2(3.14)(5) = 31.4*.",
3f373387-d3f0-4511-bfd3-eaedd2736183,Math,random_id_c2,Advanced Math,Hard,The graph of $y = \frac{1}{x - 2}$ has a vertical asymptote at $x = k$. What is the value of $k$?,,-2,2,0,1,B,"A vertical asymptote occurs where the denominator of a rational function equals zero.  In this case, the denominator is $x - 2$, and it equals zero when $x = 2$. Therefore, the value of $k$ is 2.",
1d37684f-4980-4368-bfea-8c67604432d8,Math,random_id_c1,Problem-Solving and Data Analysis,Medium,"A survey of 100 people found that 60 people liked apples, 40 people liked oranges, and 20 people liked both apples and oranges. How many people liked only oranges?",,10,20,30,40,D,"We can use a Venn diagram to solve this problem.  Let the number of people who like only apples be represented by x, and the number of people who like only oranges be represented by y.  We know that x + 20 + y = 100 (the total number of people surveyed), and that x + 20 = 60 (the number of people who like apples).  Solving for x, we get x = 40.  Substituting 40 for x into the equation x + 20 + y = 100, we get 40 + 20 + y = 100, or y = 40. Therefore, 40 people like only oranges.",
27c9fbae-6e46-42da-b30a-987232a6cee1,Math,random_id_f4,Advanced Math,Medium,"If the function $f(x) = \frac{x^2 - 4}{x - 2}$ is defined, what is the value of $f(2)$?",,0,2,4,The function is not defined at $x = 2$.,D,"The function is undefined at x = 2 because the denominator becomes 0 when x = 2, making the expression undefined. The function is not defined at a value where the denominator would equal zero.",
c03849a4-fb97-4651-95b9-be576328f5f5,Math,e54c34a5,Algebra,Medium,"If $x+2y=6$ and $x-2y=4$, what is the value of $x$?",,1,2,4,5,D,"We can solve for $x$ by adding the two equations together. Notice that the $y$ terms will cancel out.  $(x+2y) + (x-2y) = 6 + 4$ or $2x = 10$.  Dividing both sides by 2, we get $x = 5$.",
f88a607b-b9f0-4b09-8e9b-e7ecfa3bc882,Math,random_id_a7,Geometry and Trigonometry,Hard,A circle has a circumference of 12π.  What is the area of the circle?,,12π,36π,144π,144,B,"The circumference of a circle is given by the formula C = 2πr, where r is the radius of the circle.  We are given that C = 12π, so 12π = 2πr.  Dividing both sides by 2π, we get r = 6.  The area of a circle is given by the formula A = πr², so A = π(6)² = 36π.",
511839bc-5a3f-4d23-83df-678e62004d53,Math,random_id_12,Geometry and Trigonometry,Hard,A circle has a radius of 6 units.  A chord of the circle is 8 units long.  What is the distance from the center of the circle to the chord?,,2,4,$\sqrt{28}$,$\sqrt{52}$,A,"Draw a diagram of the circle, the chord, and the radius from the center of the circle to the midpoint of the chord.  This radius bisects the chord, creating two right triangles.  The hypotenuse of each triangle is a radius of the circle (6 units), and one leg of each triangle is half the chord (4 units).  We can use the Pythagorean Theorem to find the other leg (the distance from the center to the chord):  $6^2 = 4^2 + d^2$, where $d$ is the distance from the center of the circle to the chord.  Solving for $d$, we find $d = \sqrt{6^2 - 4^2} = \sqrt{20} = 2\sqrt{5}$.  Since the distance from the center to the chord is half of this distance, the distance from the center of the circle to the chord is $\sqrt{5}$ units.",
f79cc2db-7632-44be-ab1b-7c2976619d04,Math,f691e728,Geometry and Trigonometry,Medium,"A circle has a radius of 5 units.  What is the area, in square units, of the circle?",,5\pi,10\pi,25\pi,50\pi,C,"The area of a circle is given by the formula $A = \pi r^2$, where $r$ is the radius.  Substituting 5 for $r$, we get $A = \pi (5)^2 = 25\pi$.",
d076dfe1-17ff-4841-afa2-d639aa99e52b,Math,random_id_c6,Advanced Math,Medium,The function $f(x) = 2x^2 + 3x - 1$ is defined for all real numbers. What is the value of $f(-2)$?,,-9,-3,3,9,A,"Substituting -2 for x in the function, we get:  $f(-2) = 2(-2)^2 + 3(-2) - 1 = 2(4) - 6 - 1 = 8 - 6 - 1 = -9$.",
10875fc8-f3ef-4713-baec-ed7ef1708667,Math,random_id_c4,Problem-Solving and Data Analysis,Medium,"A survey of 100 people found that 60 people liked apples, 40 people liked oranges, and 20 people liked both apples and oranges. How many people liked only oranges?",,10,20,30,40,B,"We can use a Venn Diagram to visualize the problem.  There are 20 people who like both apples and oranges, so we subtract this number from the total number of people who like oranges to find the number of people who like only oranges: 40 - 20 = 20.",
f6ef9f4f-19a3-4297-aab6-5c44bda2532b,Math,random_id_c6,Problem-Solving and Data Analysis,Medium,"A survey of 200 students found that 120 students prefer pizza, 80 prefer burgers, and 60 prefer tacos.  What is the probability that a randomly selected student from this survey prefers tacos?",,0.15,0.2,0.3,0.6,C,"The probability of a student preferring tacos is the number of students who prefer tacos divided by the total number of students surveyed. This is 60/200, which simplifies to 0.3.",
88b881d2-d9d6-4662-916e-cd2386e0c84c,Math,8a76bc7a,Advanced Math,Hard,The function *f* is defined by *f*(x) = 3x^2 - 5x + 2. What is the value of *f*(2)?,,4,6,8,10,A,"To find *f*(2), we substitute 2 for *x* in the function: *f*(2) = 3(2)^2 - 5(2) + 2 = 12 - 10 + 2 = 4.",
add063a9-803f-4bf9-a233-d8db16331df8,Math,87654321,Advanced Math,Hard,The function *f* is defined by  *f*(x) = 3x^2 + 5. What is the value of *f*(2)?,,11,17,21,27,B,"To find *f*(2), we substitute 2 for x in the equation *f*(x) = 3x^2 + 5. This gives us *f*(2) = 3(2)^2 + 5 = 3 * 4 + 5 = 12 + 5 = 17.",
d997987a-4208-4a46-8fe6-6775e0a578e5,Math,random_id_b8,Geometry and Trigonometry,Hard,A circle has a circumference of 10\pi.  What is the area of the circle?,,5\pi,10\pi,25\pi,100\pi,C,"The circumference of a circle is given by the formula C = 2\pi r, where r is the radius of the circle.  We are given that the circumference is 10\pi, so 10\pi = 2\pi r.  Dividing both sides by 2\pi gives us r = 5.  The area of a circle is given by the formula A = \pi r^2.  Substituting 5 for r gives us A = \pi (5)^2 = 25\pi.",
b5fb561a-942d-4327-88f8-81ff0e3cb011,Math,random_id_a7,Geometry and Trigonometry,Medium,A circle has a radius of 5. What is the area of the circle? (Express your answer in terms of $\pi$.),,$5\pi$,$10\pi$,$25\pi$,$100\pi$,C,"The area of a circle is given by the formula $A = \pi r^2$, where $r$ is the radius.  Substituting 5 for $r$ gives $A = \pi (5^2) = 25\pi$.",
52491baa-02eb-40de-8081-e2c08efdefd9,Math,random_id_c4,Geometry and Trigonometry,Medium,"A rectangle has a length of 10 centimeters and a width of 5 centimeters. What is the area, in square centimeters, of the rectangle?",,15,25,50,100,C,"The area of a rectangle is found by multiplying the length and width.  Therefore, the area of this rectangle is 10 * 5 = 50 square centimeters.",
c3edc8e7-cbd7-4b82-9687-5a2e56e79bb9,Math,2795ab32,Advanced Math,Medium,"If the function $f(x)=x^2 + 3x - 1$ is defined for all real numbers, what is the value of $f(-2)$?",,-7,-3,1,9,B,"To find the value of f(-2), we substitute -2 for $x$ in the function: $f(-2) = (-2)^2 + 3(-2) - 1 = 4 - 6 - 1 = -3$. Therefore, the value of f(-2) is -3.",
6b421709-a72c-4820-958a-75695c2958d8,Math,random_id_c7,Geometry and Trigonometry,Easy,A circle has a radius of 5 cm. What is the circumference of the circle? (Use $\pi = 3.14$),,15.7 cm,31.4 cm,78.5 cm,157 cm,B,"The circumference of a circle is given by the formula $C = 2\pi r$, where $r$ is the radius.  Substituting the given values, we get $C = 2 (3.14)(5) = 31.4$ cm.",
a7c4dd8c-654e-41f7-aa75-162385b84e4c,Math,f81b648f,Algebra,Medium,The function \(f\) is defined by \(f(x) = 2x + 3\). What is the value of \(f(4)\)?,,5,11,14,18,B,"To find the value of \(f(4)\), we substitute 4 for x in the function: \(f(4) = 2(4) + 3 = 8 + 3 = 11\).",
52d1f702-2d41-470e-95ee-fe88adb33cc3,Math,4e93f543,Algebra,Hard,"A rectangular garden is feet long and feet wide.  The garden is surrounded by a path that is feet wide.  What is the area, in square feet, of the path?",,64,96,144,192,D,"The area of the garden is  square feet. The area of the garden plus the path is  square feet. Therefore, the area of the path is  square feet.",
020788e6-c0d0-490c-a334-fc9d129d6008,Math,random_id_d4,Advanced Math,Hard,The function *f* is defined by *f*(x) = 2x² – 3x + 5.  What is the value of *f*(–2)?,,-19,-9,19,29,C,"To find *f*(–2), we substitute –2 for *x* in the function.  *f*(–2) = 2(–2)² – 3(–2) + 5 = 2(4) + 6 + 5 = 8 + 6 + 5 = 19.",
3e31ed81-3574-47aa-84af-7d27689fc407,Math,49e85755,Advanced Math,Medium,"If the function *f* is defined by *f*(x) = \sqrt{x} + 4, what is the value of *f*(16)?",,4,8,12,20,B,"To find *f*(16), we substitute 16 for *x* in the function: *f*(16) = \sqrt{16} + 4.  Since \sqrt{16} = 4, *f*(16) = 4 + 4 = 8.",
1b21be0d-5ab4-489f-85b5-2e7c51a8951f,Math,random_id_a7,Problem-Solving and Data Analysis,Hard,"A survey of 100 people found that 60% of them prefer apples, 30% prefer oranges, and 10% prefer bananas. If 20 more people are surveyed, and the same percentages of people prefer each fruit, how many of the 120 people surveyed would prefer oranges?",,24,30,36,42,C,"Since 30% of the 100 people surveyed prefer oranges, 30 people prefer oranges.  If the same percentage of people prefer oranges out of 120 people, then 30% of 120 people prefer oranges.  30% of 120 is 0.30 * 120 = 36.",
be326aab-cd3b-46c8-a982-96ef359f0528,Math,234d5678,Advanced Math,Easy,What is the value of $\frac{1}{2} \times \frac{2}{3} \times \frac{3}{4} \times \frac{4}{5}$?,,$\frac{1}{10}$,$\frac{1}{5}$,$\frac{3}{5}$,$\frac{7}{10}$,A,Notice that all of the numerators cancel with the denominators except for 1 in the numerator and 10 in the denominator.  This leaves us with $\frac{1}{10}$.,
fc1041dd-af1b-4789-8248-655ee06216a2,Math,random_id_69,Geometry and Trigonometry,Medium,"The lengths of the sides of a right triangle are 5, 12, and 13. What is the cosine of the angle opposite the side of length 12?",,5/13,12/13,5/12,12/5,A,"In a right triangle, the cosine of an angle is the ratio of the length of the adjacent side to the length of the hypotenuse.  The side of length 5 is adjacent to the angle opposite the side of length 12, and the hypotenuse has length 13.  Therefore, the cosine of the angle opposite the side of length 12 is 5/13.",
b01bdc0f-b2b3-4309-89d9-5578efc25b34,Math,random_id_e4,Geometry and Trigonometry,Medium,"In a right triangle, the length of the hypotenuse is 10, and the length of one leg is 6. What is the length of the other leg?",,4,8,$\sqrt{64}$,$\sqrt{136}$,D,"We can use the Pythagorean theorem to solve this. The Pythagorean theorem states that in a right triangle, the square of the hypotenuse is equal to the sum of the squares of the other two sides. So, $10^2 = 6^2 + x^2$, where $x$ is the length of the other leg. Simplifying, we get $100 = 36 + x^2$. Subtracting 36 from both sides, we get $64 = x^2$. Taking the square root of both sides, we get $x = \sqrt{64} = 8$. However, the problem asks for the length of the *other* leg, which is the hypotenuse minus 6, so the answer is $\sqrt{136}$.",
b6d6c8ef-f5a7-4a9a-a8e4-ae0455b1a9b2,Math,random_id_c9,Geometry and Trigonometry,Medium,A circle has a radius of 5. What is the circumference of the circle? ,,5\pi,10\pi,25\pi,50\pi,B,"The circumference of a circle is given by the formula C = 2\pi r, where r is the radius.  Substituting 5 for r, we get C = 2\pi(5) = 10\pi.",
eab28d81-bf74-4104-8fe7-4c4b8704bfda,Math,random_id_a1,Advanced Math,Medium,"If $x^2 - 2x - 8 = 0$, what is the sum of the solutions to the equation?",,-2,2,-6,6,B,"The sum of the solutions to a quadratic equation in the form ax^2 + bx + c = 0 is given by -b/a. In this case, a = 1, b = -2, and c = -8. So, the sum of the solutions is -(-2)/1 = 2.",
0f9fdc7c-1324-4b37-96e3-7ea57722dab2,Math,random_id_c9,Geometry and Trigonometry,Medium,A circle has a diameter of 10. What is the circumference of the circle?,,5\pi,10\pi,20\pi,100\pi,B,"The circumference of a circle is given by the formula C = 2\pi r, where r is the radius. Since the diameter is 10, the radius is 5.  Therefore, the circumference is C = 2\pi (5) = 10\pi.",
0829ab10-f4ed-491a-a493-0744fe8a9895,Math,random_id_37,Geometry and Trigonometry,Medium,"A rectangle has a length of 12 centimeters and a width of 5 centimeters. What is the area, in square centimeters, of the rectangle?",,17,34,60,125,C,"The area of a rectangle is found by multiplying the length by the width.  So, the area of this rectangle is 12 centimeters * 5 centimeters = 60 square centimeters.",
b149ee03-1e39-412c-9e03-2dedff6cb36b,Math,random_id_e5,Geometry and Trigonometry,Easy,A circle has a radius of 5. What is the circumference of the circle? ,,5\pi,10\pi,25\pi,100\pi,B,"The circumference of a circle is given by the formula C = 2\pi r, where r is the radius.  Substituting 5 for r, we get C = 2\pi (5) = 10\pi.",
ffa038a8-5848-4262-8043-9e3f62488d92,Math,random_id_c7,Geometry and Trigonometry,Medium,"A rectangle has a length of 12 meters and a width of 5 meters.  What is the area, in square meters, of the rectangle? ",,17,34,60,125,C,The area of a rectangle is the product of its length and its width.  The area of the rectangle is 12 meters * 5 meters = 60 square meters.,
30e1eca2-009f-4c1c-8d2f-84efa5ef6d96,Math,6b4ebc8c,Algebra,Medium,The expression $\frac{2x+3}{5} + \frac{x-1}{5}$ is equivalent to which of the following expressions?,,\frac{2x + 2}{5},\frac{3x + 2}{5},\frac{3x + 4}{5},\frac{3x + 2}{10},C,"Since the expressions have the same denominator, we can combine the numerators:  $\frac{2x+3}{5} + \frac{x-1}{5} = \frac{2x + 3 + x - 1}{5} = \frac{3x + 2}{5}$.",
55d735a4-f635-488c-bfe7-e3d0f14712ab,Math,random_id_c7,Problem-Solving and Data Analysis,Medium,"A survey asked 100 people whether they prefer to watch movies at home or at the theater. 60 people said they prefer to watch movies at home, and 40 people said they prefer to watch movies at the theater.  What percentage of the people surveyed prefer to watch movies at the theater?",,20%,40%,60%,80%,B,"The percentage of people who prefer to watch movies at the theater is the number of people who prefer to watch movies at the theater divided by the total number of people surveyed, multiplied by 100%. This gives us  (40/100) * 100% = 40%.",
4e9feb92-eb09-4dcc-892a-e66e1c515900,Math,random_id_c9,Geometry and Trigonometry,Hard,A circle has a radius of 5. What is the area of the circle? (Express your answer in terms of pi.),,5π,10π,25π,50π,C,"The area of a circle is given by the formula  πr², where r is the radius of the circle.  Substituting 5 for r, we get π(5)² = 25π.",
2e9e5dec-0c89-4ba0-b915-d04f649786bc,Math,random_id_c8,Advanced Math,Easy,What is the value of  $x$ that satisfies the equation $2^x = 16$?,,2,4,8,16,B,"We know that 16 is equal to 2 to the power of 4, or $2^4$.  Therefore, $x = 4$.",
025394d0-e3ac-4872-809d-88a0db684ca1,Math,random_id_c1,Algebra,Medium,"If $3x + 5 = 14$, what is the value of $x$?",,1,3,6,9,B,"To solve for x, we first subtract 5 from both sides of the equation:  $3x + 5 - 5 = 14 - 5$, which simplifies to $3x = 9$. Then, we divide both sides of the equation by 3: $3x / 3 = 9 / 3$, which gives us $x = 3$.",
7cc5235d-db1d-4fa5-90ab-38d949183a38,Math,random_id_c5,Advanced Math,Hard,The function \(f(x)\) is defined by \(f(x) = \frac{x^2-4}{x-2}\). For what value(s) of \(x\) is the function undefined?,,x = 2,x = 4,x = -2,x = 2 and x = -2,A,"A function is undefined when the denominator of a fraction equals 0. In the given function, the denominator is x-2, which equals 0 when x = 2. Therefore, the function is undefined when x = 2.",
8399ded5-7021-48bc-9d16-ce7105e9d38d,Math,f84e4372,Geometry and Trigonometry,Medium,"A circle in the xy-plane has its center at $(4,-5)$ and a radius of 7. Which of the following is an equation for this circle?",,(x - 4)^2 + (y + 5)^2 = 49,(x + 4)^2 + (y - 5)^2 = 49,(x - 4)^2 + (y + 5)^2 = 7,(x + 4)^2 + (y - 5)^2 = 7,A,"The standard form of the equation of a circle in the xy-plane with center (h, k) and radius r is (x - h)^2 + (y - k)^2 = r^2.  Since the center of the circle is (4, -5) and the radius is 7, the equation of the circle is (x - 4)^2 + (y + 5)^2 = 7^2, or (x - 4)^2 + (y + 5)^2 = 49.",
14c96f20-804a-4a3b-ac0f-4c2721ebc600,Math,random_id_a3,Advanced Math,Hard,The function *f* is defined by *f*(x) = 3x^2 + 2. For what value of *x* does *f*(x) = 29?,,-3,-1,1,3,D,"To find the value of *x* that makes *f*(x) = 29, we set the equation 3x^2 + 2 = 29 and solve for *x*. Subtracting 2 from both sides, we get 3x^2 = 27. Dividing both sides by 3, we get x^2 = 9. Taking the square root of both sides, we get x = 3 or x = -3. Since the problem asks for the value of *x* that makes *f*(x) = 29, the answer is x = 3.",
f608dd78-74ce-40fc-8cd8-512236b123ca,Math,70a90772,Algebra,Medium,"If  \(\frac{2x+3}{x-7}\) = 1, what is the value of x?",,2,5,7,10,D,"Multiplying both sides of the equation by (x - 7) gives 2x + 3 = x - 7. Subtracting x from both sides gives x + 3 = -7. Subtracting 3 from both sides gives x = -10.  Therefore, the value of x is 10.",
d6f01dfe-4ace-4cff-9360-00994b2378dd,Math,random_id_9,Geometry and Trigonometry,Hard,A regular hexagon is inscribed in a circle with radius 10. What is the perimeter of the hexagon?,,30,60,60\sqrt{3},120\sqrt{3},B,"A regular hexagon can be divided into 6 equilateral triangles.  Each of these triangles has a side length equal to the radius of the circle, which is 10. Therefore, the perimeter of the hexagon is 6 * 10 = 60.",
1303ce98-6d5d-4fdc-ae5f-d3e8f2b9d19e,Math,random_id_a8,Geometry and Trigonometry,Medium,A regular hexagon is inscribed in a circle with radius 6. What is the perimeter of the hexagon?,,12,18,24,36,D,"A regular hexagon can be divided into 6 equilateral triangles.  The side length of each equilateral triangle is equal to the radius of the circle, which is 6.  Therefore, the perimeter of the hexagon is 6 * 6 = 36.",
8475232b-aaf8-402b-8de3-62e92580a9c1,Math,random_id_8,Problem-Solving and Data Analysis,Medium,"A survey of 100 people found that 60 people liked apples, 50 people liked oranges, and 20 people liked both apples and oranges. How many people liked neither apples nor oranges?",,10,20,30,40,A,"We can use a Venn Diagram to solve this problem.  Let A represent the set of people who like apples and O represent the set of people who like oranges.  We are given that  |A| = 60, |O| = 50, and  |A \cap O| = 20.  We want to find  |A \cup O|' (the number of people who like neither apples nor oranges).  We can use the following formula:  |A \cup O| = |A| + |O| - |A \cap O|.  Substituting our known values, we get |A \cup O| = 60 + 50 - 20 = 90.  Since the survey included 100 people, the number who like neither apples nor oranges is 100 - 90 = 10.",
f01a9071-ce65-44fb-bdf4-8abe4046ea8b,Math,random_id_a8,Algebra,Hard,"If $\frac{x}{y} = 3$ and $\frac{y}{z} = 2$, what is the value of $\frac{x}{z}$?",,$\frac{1}{6}$,$\frac{3}{2}$,$\frac{5}{3}$,6,D,"We can multiply the two given equations together: $\frac{x}{y} \cdot \frac{y}{z} = 3 \cdot 2$. The $y$ terms cancel, leaving us with $\frac{x}{z} = 6$.",
eadb240c-b851-4099-b29b-045916a2d57e,Math,random_id_b6,Advanced Math,Hard,"If \(\frac{x^2 - 4}{x - 2}\) is simplified to a single term, what is the value of this term when \(x = 5\)?",,2,6,7,11,C,"We can simplify the expression by factoring the numerator and canceling common factors: \(\frac{x^2 - 4}{x - 2} = \frac{(x + 2)(x - 2)}{x - 2} = x + 2\).  When \(x = 5\), this expression evaluates to \(5 + 2 = 7\).",
d1bde555-598b-4732-aee7-0354efe02295,Math,random_id_a7,Algebra,Easy,What is the solution to the equation $3x + 5 = 17$?,,-4,-2,2,4,D,"To solve for $x$, we first subtract 5 from both sides of the equation: $3x + 5 - 5 = 17 - 5$, or $3x = 12$. Next, we divide both sides by 3: $\frac{3x}{3} = \frac{12}{3}$, or $x = 4$.",
4564b038-a057-4751-9b7f-d933295b5ab6,Math,random_id_c2,Geometry and Trigonometry,Medium,A circle has a radius of 5. What is the circumference of the circle? ,,5\pi,10\pi,25\pi,50\pi,B,"The circumference of a circle is given by the formula C = 2πr, where r is the radius.  Substituting 5 for r gives us C = 2π(5), or C = 10π.",
0d53bc0b-3c8a-40f5-be47-7c45ff81e080,Math,243b498c,Advanced Math,Hard,The function *f* is defined by *f*(x) = 3x^2 - 5x + 2.  What is the value of *f*(-2) ?,,-20,-8,12,24,D,"Substituting -2 for *x* in the equation for *f* gives: *f*(-2) = 3(-2)^2 - 5(-2) + 2.  Simplifying, we get *f*(-2) = 12 + 10 + 2 = 24.",
12314ab9-e184-4573-9220-b24614ce833b,Math,random_id_c4,Advanced Math,Medium,"If $f(x) = 2x^2 + 3x - 1$, what is the value of $f(-2)$?",,-9,-3,3,9,A,"Substituting -2 for x in the expression for f(x) gives:  

 f(-2) = 2(-2)^2 + 3(-2) - 1 = 2(4) - 6 - 1 = 8 - 6 - 1 = -9",
0db7bbfe-9791-4581-a681-fe4c4b56e41e,Math,random_id_10,Advanced Math,Hard,The function *f* is defined by  *f*(x) = 3x^2 - 5x + 2. What is the value of *f*(2)?,,4,6,8,10,A,"To find *f*(2), we substitute 2 for *x* in the function: *f*(2) = 3(2)^2 - 5(2) + 2 = 12 - 10 + 2 = 4.",
96c591ac-1491-49d7-b4cf-3eaa85024fff,Math,3894c42a,Problem-Solving and Data Analysis,Medium,"A survey of 100 people found that 60 people like apples, 40 people like oranges, and 20 people like both apples and oranges. How many people like only oranges?",,10,20,30,40,A,"We can use a Venn diagram to solve this problem.  
[asy]
unitsize(0.6cm);
label(""Apples"",(3,5));
label(""Oranges"",(7,5));
filldraw(Circle((4,3),1),gray(0.7));
filldraw(Circle((6,3),1),gray(0.7));
label(""20"",(5,3));
label(""40"",(7,3));
label(""60"",(3,3));
[/asy]
Since 20 people like both apples and oranges, 60 - 20 = 40 people like only apples, and 40 - 20 = 20 people like only oranges. Therefore, the answer is 10.",
f65643ae-e1ed-465a-a04a-107df7b2ddfd,Math,61b8480a,Advanced Math,Easy,"If $x^2 - 2x - 8 = 0$, what is the sum of the solutions to the equation?",,-2,2,8,10,B,"The sum of the roots of a quadratic equation of the form $ax^2 + bx + c = 0$ is given by $-b/a$. In this case, the sum of the solutions is $-(-2)/1 = 2$.",
d25c1d62-3f46-4c65-93dc-f578d581820f,Math,173a5c22,Algebra,Medium,The function *g* is defined by *g*(x) = 10x + 8. What is the value of *g*(x) when x = 8?,,0,8,10,88,D,"To find the value of *g*(x) when x = 8, we substitute 8 for x in the given equation *g*(x) = 10x + 8. This yields *g*(8) = 10(8) + 8, or *g*(8) = 88. Therefore, when x = 8, the value of *g*(x) is 88.",
050e0a53-e491-45f8-9bdd-d5d52905c358,Math,random_id_a9,Problem-Solving and Data Analysis,Medium,"A survey of 100 people found that 60 people prefer to eat breakfast, 40 people prefer to eat lunch, and 20 people prefer to eat dinner. If a person is chosen at random from the survey, what is the probability that the person prefers to eat breakfast? ",,0.2,0.4,0.6,0.8,C,"The probability of an event is the number of favorable outcomes divided by the total number of outcomes. In this case, there are 60 people who prefer to eat breakfast out of a total of 100 people. Therefore, the probability that a randomly chosen person prefers to eat breakfast is 60/100, or 0.6.",
3de32c4c-e9d5-439b-bfaa-22a56d539df5,Math,random_id_c1,Algebra,Medium,"If \(3x - 2y = 10\) and \(x + 2y = 6\), what is the value of \(x\)?",,1,2,3,4,D,"Adding the two equations together, we eliminate \(y\): \(3x - 2y + (x + 2y) = 10 + 6\). This simplifies to \(4x = 16\). Dividing both sides by 4 gives us \(x = 4\).",
3e4856c4-7315-4b6a-b14f-1275c2f8691d,Math,a8e9d4f2,Advanced Math,Easy,What is the value of $x$ in the equation $2^{x+1} = 8$?,,1,2,3,4,B,"Since 8 is equal to 2 cubed (2 x 2 x 2 = 8), we can rewrite the equation as  2^(x + 1) = 2^3.  Since the bases are the same, the exponents must be equal:  x + 1 = 3.  Subtracting 1 from both sides gives x = 2.",
9072cffb-b0ca-45c8-9030-4cea5dd58861,Math,21f24749,Geometry and Trigonometry,Medium,"In the figure below, $\triangle ABC$ is a right triangle with right angle at $C$. If $AC=4$ and $BC=3$, what is the length of $AB$?",,3,5,7,25,B,"Since $\triangle ABC$ is a right triangle, we can use the Pythagorean Theorem to find the length of the hypotenuse, $AB$. The Pythagorean Theorem states that in a right triangle, the square of the hypotenuse is equal to the sum of the squares of the other two sides.  Therefore, $AB^2 = AC^2 + BC^2 = 4^2 + 3^2 = 16 + 9 = 25$. Taking the square root of both sides, we find $AB = \sqrt{25} = 5$.",
5ca551aa-7428-49f3-9f9b-5818ec564931,Math,random_id_1,Problem-Solving and Data Analysis,Medium,"A survey of 100 students found that 60 students prefer to watch movies at home, 45 students prefer to watch movies at the theater, and 10 students prefer to watch movies at both home and the theater. What is the number of students who prefer to watch movies only at home?",,15,25,50,60,C,"The 10 students who prefer to watch movies at both home and the theater are counted twice in the total, once for home and once for the theater. To find the number of students who prefer to watch movies only at home, we subtract the number of students who prefer both from the total number of students who prefer to watch movies at home: 60 - 10 = 50.",
47b7d165-b932-4832-9893-fbbebe3660ec,Math,random_id_c3,Algebra,Medium,"If 3x + 2y = 17 and x - y = 2, what is the value of x + y?",,3,5,7,9,B,"To solve for x + y, we can use elimination. Multiplying the second equation by 2, we get 2x - 2y = 4. Adding this equation to the first equation, we get (3x + 2y) + (2x - 2y) = 17 + 4, which simplifies to 5x = 21. Dividing both sides by 5, we get x = 4.2. Substituting 4.2 for x in the equation x - y = 2, we get 4.2 - y = 2. Subtracting 4.2 from both sides gives -y = -2.2, or y = 2.2. Therefore, x + y = 4.2 + 2.2 = 6.4, which is closest to 5.",
2fb7259c-f0e8-4fd3-828b-fe7205cfaab6,Math,random_id_c8,Geometry and Trigonometry,Hard,"In triangle ABC, angle A is a right angle, and the lengths of sides AC and BC are 6 and 8, respectively.  What is the length of side AB?",,2,10,$\sqrt{10}$,$\sqrt{100}$,B,"Triangle ABC is a right triangle, so we can use the Pythagorean Theorem: $a^2 + b^2 = c^2$, where a and b are the lengths of the legs and c is the length of the hypotenuse.  In this case, AC = 6 and BC = 8, so  $6^2 + 8^2 = c^2$. Simplifying, we get $36 + 64 = c^2$, or $100 = c^2$.  Taking the square root of both sides, we get $c = \sqrt{100}$, or $c = 10$. Therefore, the length of side AB is 10.",
d53bd354-ec38-4e89-b124-f84139df4ab0,Math,random_id_d4,Algebra,Medium,"If $x + y = 7$ and $x - y = 3$, what is the value of $x$?",,2,3,5,10,C,"To solve for x, we can add the two equations together. Notice that the y terms will cancel out.  (x + y) + (x - y) = 7 + 3.  This simplifies to 2x = 10. Dividing both sides by 2 gives x = 5.",
54dde606-984e-4981-85fd-f4291a18fe14,Math,a214b1b9,Advanced Math,Easy,What is the value of $\frac{x^2 + 6x + 9}{x+3}$ when $x = 2$?,,-1,1,2,5,D,"First, factor the numerator: $\frac{x^2 + 6x + 9}{x+3} = \frac{(x+3)(x+3)}{x+3}$. Then, simplify by canceling out the common factor of $x+3$: $\frac{(x+3)(x+3)}{x+3} = x+3$.  Finally, substitute $x = 2$ into the expression: $2 + 3 = 5$.",
cce924a8-d9b4-47a4-a94e-2cdff148333c,Math,random_id_b8,Problem-Solving and Data Analysis,Medium,"A group of 200 people were surveyed about their favorite type of music. 120 people said they prefer pop music, 80 people said they prefer classical music, and 50 people said they prefer jazz music. What percentage of the people surveyed prefer jazz music?",,15%,20%,25%,40%,C,"The percentage of people who prefer jazz music is calculated by dividing the number of people who prefer jazz music by the total number of people surveyed and then multiplying by 100%.  So, the percentage of people who prefer jazz music is (50/200) * 100% = 25%.",
5ef345b2-72fe-4cf8-876d-57d5499d0ded,Math,random_id_a1,Algebra,Medium,"If \(3x + 2y = 10\) and \(x - y = 1\), what is the value of \(x + y\)?",,3,4,5,6,C,"To solve for \(x + y\), we can add the two equations together. Adding the left-hand side of the first equation and the left-hand side of the second equation yields \(3x + 2y + (x - y) = 4x + y\). Adding the right-hand sides of the two equations yields \(10 + 1 = 11\). Thus, \(4x + y = 11\).  We can rewrite the first equation as \(x = \frac{10 - 2y}{3}\). Substituting this into the equation \(4x + y = 11\) gives \(4(\frac{10 - 2y}{3}) + y = 11\). Simplifying, we have \(\frac{40 - 8y}{3} + y = 11\), or \(\frac{40 - 8y + 3y}{3} = 11\), or \(\frac{40 - 5y}{3} = 11\).  Multiplying both sides by 3 gives \(40 - 5y = 33\). Subtracting 40 from both sides gives \(-5y = -7\). Dividing both sides by -5 gives \(y = \frac{7}{5}\).  Substituting this value of y into the equation \(x - y = 1\) gives \(x - \frac{7}{5} = 1\), or \(x = \frac{12}{5}\).  Therefore, \(x + y = \frac{12}{5} + \frac{7}{5} = \frac{19}{5}\), or 3.8.  Of the choices given, 5 is closest to 3.8.",
3fed29f4-8618-45ea-9d9f-6c4b0173066f,Math,b61e7b1d,Geometry and Trigonometry,Hard,"A circle with center (2, 3) is tangent to the x-axis.  What is the radius of this circle?",,2,3,5,13,B,"Since the circle is tangent to the x-axis, the distance from the center of the circle to the x-axis is equal to the radius. The y-coordinate of the center of the circle is 3, so the radius of the circle is 3.",
68e48463-f266-4f3c-ab2b-986e30b37b01,Math,random_id_5,Geometry and Trigonometry,Easy,A square has a side length of 5 units. What is the area of the square?,,5,10,20,25,D,"The area of a square is found by squaring the side length.  Therefore, the area of the square is 5² = 25 square units.",
92af84dc-ba15-4289-b15b-c542482e58f7,Math,e29f31f4,Algebra,Medium,The equation $2x + 3 = 12$ is equivalent to which of the following equations?,,x + 3 = 6,2x = 9,x = 9/2,x = 6,B,"Subtracting 3 from both sides of the equation $2x + 3 = 12$ gives us $2x = 9$. Therefore, the equation $2x + 3 = 12$ is equivalent to the equation $2x = 9$. ",
5a9e7e04-d34f-4b5f-9b40-843ac8d218fa,Math,f29e588f,Problem-Solving and Data Analysis,Medium,"A group of 20 students took a test. The average score on the test was 75.  If 10 students scored an average of 80 on the test, what was the average score of the other 10 students?",,65,70,75,80,B,"The total score for all 20 students is 20 * 75 = 1500. The total score for the 10 students who scored an average of 80 is 10 * 80 = 800.  The total score for the other 10 students is 1500 – 800 = 700. Therefore, the average score for the other 10 students is 700/10 = 70.",
fa36111c-79ff-4f30-8c4f-39a8796d42f9,Math,24d6843a,Advanced Math,Hard,"A function f is defined by the equation $f(x) = 3x^2 - 5$. If $f(a) = 22$, what is the value of $a$?",,-3,-1,1,3,D,"Substitute 22 for $f(a)$ in the equation to get $22 = 3a^2 - 5$.  Add 5 to both sides to get $27 = 3a^2$. Divide both sides by 3 to get $9 = a^2$.  Take the square root of both sides to get $a = 3$ or $a = -3$.  Since the question asks for the value of $a$, the answer is 3.",
db6074c3-6ed4-4e22-b39a-98c211e82703,Math,f890dc20,Problem-Solving and Data Analysis,Easy,"The following data set represents the number of cars sold by a dealership each day for a week: 12, 15, 18, 14, 21, 16, 19. What is the median number of cars sold?",,12,15,16,18,C,"To find the median, we need to order the data set from least to greatest. This gives us: 12, 14, 15, 16, 18, 19, 21. The median is the middle value, which is 16.",
5fd21cf2-0b9e-498f-8ff4-1bb36a86a189,Math,random_id_a1,Geometry and Trigonometry,Medium,"A circle has a radius of 5 units. What is the area of the circle, in square units?",,5\pi,10\pi,25\pi,50\pi,C,"The area of a circle is given by the formula $A = \pi r^2$, where $r$ is the radius.  Substituting 5 for $r$, we get $A = \pi (5)^2 = 25\pi$.",
bb11fa00-d6a3-4857-9315-160168d97fbe,Math,random_id_f7,Problem-Solving and Data Analysis,Medium,"A survey of 100 students asked whether they prefer to study in a quiet or noisy environment. Of the students surveyed, 60% preferred to study in a quiet environment. How many of the students surveyed preferred to study in a noisy environment?",,40,60,100,160,A,"If 60% of the students surveyed preferred to study in a quiet environment, then 100% – 60% = 40% preferred to study in a noisy environment.  Since 40% of 100 is 40, 40 of the students surveyed preferred to study in a noisy environment.",
c57aa321-7847-415a-801a-094d081e0e3f,Math,8a2110dd,Advanced Math,Easy,The expression $(x+2)(x-3)$ is equivalent to which of the following?,,x^2 - 6,x^2 - x - 6,x^2 + x - 6,x^2 + 5x - 6,B,"Using the distributive property (or FOIL), we can expand the expression: (x+2)(x-3) = x(x-3) + 2(x-3) = x^2 - 3x + 2x - 6 = x^2 - x - 6.",
22322845-030b-45a1-a824-319e8cf65189,Math,random_id_c6,Advanced Math,Hard,The graph of the equation $y = \frac{1}{2}(x+1)(x-3)$ intersects the x-axis at two points. What are the x-coordinates of these two points?,,-1 and 3,1 and -3,2 and -2,-2 and 4,A,"The graph of the equation intersects the x-axis when y = 0.  Setting the equation equal to zero gives $0 = \frac{1}{2}(x+1)(x-3)$.  This equation is satisfied when either x+1=0 or x-3=0. Solving for x in each of these equations yields x = -1 and x = 3.  Therefore, the x-coordinates of the two points of intersection are -1 and 3.",
e5e7bbec-7ab0-4391-bb5b-637199acf677,Math,random_id_a8,Advanced Math,Medium,The function $f(x)$ is defined by $f(x) = 3x^2 - 2x + 1$. What is the value of $f(-2)$?,,-11,-7,11,19,D,"Substituting -2 for x in the given equation yields $f(-2) = 3(-2)^2 - 2(-2) + 1$. This simplifies to $f(-2) = 3(4) + 4 + 1$, or $f(-2) = 12 + 4 + 1$, or $f(-2) = 19$.",
f7a881eb-a564-42a7-91f5-407e7e1894cb,Math,random_id_c1,Algebra,Medium,What is the solution to the equation $2x + 3 = x - 5$?,,-8,-2,2,8,A,Subtracting $x$ from both sides of the equation gives $x + 3 = -5$.  Subtracting 3 from both sides gives $x = -8$.,
ad76938d-6652-45a5-8453-e3b8c6e9d4e2,Math,94831a0f,Advanced Math,Hard,The function f(x) is defined by the equation f(x) = (x^2 + 3x - 4)/(x - 1). For what values of x does the function f(x) have a vertical asymptote?,,x = -4,x = -1,x = 1,x = 4,C,"A vertical asymptote occurs where the denominator of a rational function equals zero, making the function undefined.  The denominator of f(x) is (x - 1), and this equals zero when x = 1.  Therefore, the function f(x) has a vertical asymptote at x = 1.",
fb47a484-7ea7-4f70-9d7e-069ef7d37900,Math,a891379d,Advanced Math,Hard,The function $f(x)$ is defined by $f(x) = \frac{x^2 - 4}{x + 2}$. For what value of $x$ is $f(x)$ undefined?,,-2,2,4,8,A,"A function is undefined when the denominator is equal to zero. The denominator of the given function,  $x + 2$, is equal to zero when $x = -2$. Therefore, $f(x)$ is undefined for $x = -2$.",
22b8a543-b266-45bd-8393-8638bb5d09c3,Math,random_id_10,Problem-Solving and Data Analysis,Medium,"A survey of 100 students asked whether they preferred pizza or burgers.  70 students preferred pizza, and 30 students preferred burgers.  What percentage of the students surveyed preferred burgers? ",,10%,20%,30%,70%,C,"To find the percentage, we divide the number who preferred burgers (30) by the total number of students (100) and multiply by 100%.  This gives us (30/100) * 100% = 30%.",
ed47a4b2-5a1f-4e89-a6e0-d46e5b1e98e8,Math,random_id_d7,Algebra,Easy,"If $x - 2 = 5$, what is the value of $x$?",,3,7,10,12,B,"Adding 2 to both sides of the equation $x - 2 = 5$ gives us $x = 5 + 2$, or $x = 7$.",
10eeeed8-b9bb-4bdb-a9d7-7c38e4eb67e4,Math,f87e32ac,Algebra,Medium,"If $3x + 2y = 12$ and $x - 2y = 4$, what is the value of $x$?",,2,4,6,8,B,"Adding the two equations together eliminates $y$, giving us $4x = 16$. Dividing both sides by 4, we get $x = 4$. ",
0f2945df-d280-44c0-8fe7-797de7f85937,Math,f84948c7,Advanced Math,Easy,"If $x^2 - 2x - 8 = 0$, what is the value of $x$?",,-4,-2,2,4,D,"Factoring the quadratic equation gives us  (x - 4)(x + 2) = 0.  Setting each factor equal to zero, we get x - 4 = 0 or x + 2 = 0.  Solving for x in each equation gives us x = 4 or x = -2.  Therefore, x = 4 is a solution to the equation.",
a0dd9d1d-a9e2-42c3-9193-0c9a325b9e4b,Math,23987fc8,Advanced Math,Medium,The expression $(\sqrt{x} + \sqrt{y})(\sqrt{x} - \sqrt{y})$ is equivalent to which of the following?,,$\sqrt{x^2 - y^2}$,$x^2 - y^2$,$x - y$,$\sqrt{x} - \sqrt{y}$,C,"This expression is in the form of the difference of squares: (a + b)(a - b) = a^2 - b^2.  In this case, a = \sqrt{x} and b = \sqrt{y}.  Therefore, (\sqrt{x} + \sqrt{y})(\sqrt{x} - \sqrt{y}) = (\sqrt{x})^2 - (\sqrt{y})^2 = x - y.",
867d1a64-9b61-4110-8ba4-9782b610a9f0,Math,f86d849c,Problem-Solving and Data Analysis,Hard,"A group of friends are planning a trip. They decide to rent a car for the trip, and they agree that each person will pay an equal share of the rental cost. The rental cost for the car is \$150.  If there are \$f$ friends going on the trip, which of the following expressions represents the amount, in dollars, that each friend will pay?",,$\frac{150}{f}$,$\frac{f}{150}$,$150f$,$150 - f$,A,"To find the amount each friend will pay, we divide the total rental cost by the number of friends: $\frac{150}{f}$.",
ee6179e4-d0ff-4145-9526-4ff21bb3c6a3,Math,random_id_c5,Algebra,Hard,The equation $2x^2 - 14x + 24 = 0$ can be factored as $2(x-a)(x-b) = 0$. What is the value of $a+b$?,,3,7,10,12,B,"Factoring the quadratic equation, we get $2(x-6)(x-2) = 0$.  Therefore, $a = 6$ and $b = 2$, and $a+b = 6+2 = 8$.",
a00f0dfc-7e0f-4afd-ab01-e15d9895da9f,Math,random_id_c2,Geometry and Trigonometry,Hard,A right triangle has legs of length 5 and 12. What is the length of the hypotenuse?,,11,13,17,19,B,"The Pythagorean Theorem states that in a right triangle, the square of the hypotenuse is equal to the sum of the squares of the legs.  Therefore, the length of the hypotenuse is $\sqrt{5^2 + 12^2} = \sqrt{169} = 13$.",
05ba5c12-4857-41c6-b55b-f3c40862deb6,Math,97c2f6f4,Geometry and Trigonometry,Medium,"A triangle has vertices at the points $A(0, 0)$, $B(6, 0)$, and $C(3, 4)$. What is the area of triangle $ABC$?",,12,18,24,36,A,"Triangle $ABC$ is a right triangle with base $AB = 6$ and height $BC = 4$.  The area of a triangle is given by $(1/2)bh$, so the area of triangle $ABC$ is $(1/2)(6)(4) = 12$.",
c447757c-034e-4c8a-87c7-d68acfb06750,Math,random_id_a9,Algebra,Medium,"If $2x + 3y = 17$ and $x - y = 2$, what is the value of $x$?",,3,4,5,6,C,"To solve for $x$, we can use elimination.  Multiplying the second equation by 3, we get $3x - 3y = 6$.  Adding this equation to the first equation, we get $5x = 23$.  Dividing both sides by 5, we get $x = \frac{23}{5}$, or 4.6. Since the question asks for the value of $x$, we round 4.6 to the nearest whole number, which is 5.",
e0968430-bc34-4910-8900-e32907bdd17d,Math,random_id_a1,Algebra,Hard,The equation $x^2-2x+k=0$ has exactly one solution. What is the value of $k$?,,1,2,4,8,A,"A quadratic equation has exactly one solution when its discriminant is equal to zero.  The discriminant of the quadratic equation $ax^2 + bx + c = 0$ is $b^2 - 4ac$. For the given equation, $a = 1$, $b = -2$, and $c = k$.  Setting the discriminant equal to zero, we get $(-2)^2 - 4(1)(k) = 0$, or $4 - 4k = 0$. Solving for $k$ yields $k = 1$.",
08e40e3b-cb20-4c86-875b-878d45b1563a,Math,random_id_c1,Algebra,Medium,"If $2x + 3y = 12$ and $x - 2y = 1$, what is the value of $x$?",,2,3,4,5,C,"To solve for x, we can use elimination.  Multiplying the second equation by 2, we get $2x - 4y = 2$. Subtracting this equation from the first equation, we get $7y = 10$, so $y = \frac{10}{7}$.  Substituting this value of y into the second equation, we get $x - 2(\frac{10}{7}) = 1$, so $x = 1 + \frac{20}{7} = \frac{27}{7}$.  Therefore, the value of x is 4.",
9706e3e4-0fa2-4795-86f5-aa7bd3bd4f96,Math,d0d9ede4,Problem-Solving and Data Analysis,Easy,How many feet are equivalent to 34 yards? (1 yard = 3 feet),,10,17,31,102,D,"It's given that 1 yard is equivalent to 3 feet. Therefore, 34 yards is equivalent to (34 yards)(3 feet / 1 yard), or 102 feet.",
5d4d8f39-a82b-4b40-8846-00f059f822b7,Math,f98f754f,Algebra,Medium,"If $x = 3$, what is the value of $(x+1)^2$?",,4,9,16,25,C,Substitute $x = 3$ into the expression.  This gives us $(3+1)^2 = 4^2 = 16$.,
c9f000c5-5b2f-4b43-b882-6bf5d46764ff,Math,random_id_55,Geometry and Trigonometry,Medium,A circle has a radius of 5 centimeters. What is the circumference of the circle in centimeters?  (Express your answer in terms of \pi.),,5\pi,10\pi,25\pi,50\pi,B,"The circumference of a circle is given by the formula C = 2\pi r, where r is the radius of the circle.  Substituting 5 for r, we get C = 2\pi(5) = 10\pi.",
c908e109-6b3e-4c02-9623-3ba0bd30c559,Math,random_id_a8,Geometry and Trigonometry,Hard,A circle is inscribed in a square. The side length of the square is 10.  What is the area of the circle?,,$\pi$,$10\pi$,$25\pi$,$100\pi$,C,"The diameter of the circle is equal to the side length of the square, which is 10. The radius of the circle is half the diameter, or 5. The area of a circle is given by the formula $\pi r^2$, where r is the radius. Therefore, the area of the circle is $\pi(5^2) = 25\pi$.",
7dd83e86-0020-435c-8aab-0fd657e658dc,Math,75288e9f,Geometry and Trigonometry,Hard,A circle with a radius of 5 is inscribed in a square. What is the area of the square?,,25,50,100,200,C,"The diameter of the circle is equal to the side length of the square.  Since the radius of the circle is 5, the diameter is 10.  Therefore, the area of the square is 10 * 10 = 100.",
26e671fe-00f5-4b7e-b22b-f0adf82d85fa,Math,random_id_a4,Algebra,Medium,"If $2x + 3y = 12$ and $x - y = 1$, what is the value of $x$?",,2,3,4,5,B,"We can solve this system of equations using elimination.  Multiplying the second equation by 3, we get $3x - 3y = 3$. Adding this equation to the first equation, we get $5x = 15$. Dividing both sides by 5, we get $x=3$.",
74018dcd-deef-4247-ada9-c49e9f5bf1d1,Math,random_id_c9,Geometry and Trigonometry,Medium,"A circle has a radius of 5 centimeters.  What is the circumference of the circle, in centimeters?  (Express your answer in terms of pi.)",,5\pi,10\pi,25\pi,50\pi,B,"The circumference of a circle is given by the formula C = 2πr, where r is the radius.  Substituting 5 for r gives C = 2π(5) = 10π.",
520fbe37-b31f-4ea8-986f-16006cdcdb23,Math,random_id_a5,Algebra,Medium,"If $x + 2y = 6$ and $x - 2y = 4$, what is the value of $x$?",,2,3,4,5,D,"Adding the two equations together, we get $(x+2y) + (x-2y) = 6 + 4$, which simplifies to $2x = 10$. Dividing both sides by 2 gives us $x=5$. Therefore, the value of $x$ is 5.",
bdd2bca5-fe31-4810-adb1-e0b3173f5b81,Math,random_id_c1,Geometry and Trigonometry,Hard,A circle with a radius of 5 is inscribed in a square. What is the area of the square?,,25,50,100,200,C,"The diameter of the circle is equal to the side length of the square. Since the radius of the circle is 5, the diameter is 10.  The area of the square is side length squared, or 10^2 = 100.",
ef4269da-0038-4a9d-8925-2371a64d3f07,Math,73f19b0e,Advanced Math,Medium,The graph of the equation  $y = \frac{1}{2}(x-3)^2 + 1$  is a parabola. What is the vertex of this parabola?,,"(1, 3)","(3, 1)","(-3, 1)","(1, -3)",B,"The vertex form of a parabola is $y = a(x - h)^2 + k$, where $(h, k)$ is the vertex. In the given equation, $h = 3$ and $k = 1$. Therefore, the vertex of the parabola is $(3, 1)$.",
f4c0b24b-0dfd-422f-aa8d-abed9e29f31e,Math,random_id_a7,Geometry and Trigonometry,Hard,A right triangle has legs of length 5 and 12. What is the length of the hypotenuse of the triangle?,,13,17,19,25,A,"The Pythagorean Theorem states that in a right triangle, the square of the hypotenuse is equal to the sum of the squares of the legs.  In this case, we have: $5^2 + 12^2 = 25 + 144 = 169$.  The square root of 169 is 13, so the length of the hypotenuse is 13.",
53b94689-bbf1-4643-bca8-1ce9e05e654d,Math,4444222,Advanced Math,Hard,"The function $f(x) = ax^2 + bx + c$, where $a$, $b$, and $c$ are constants, has a minimum value of 5 at $x = 2$. If the graph of $f(x)$ intersects the y-axis at $(0, 9)$, what is the value of $c$?",,1,5,9,13,C,"Since the function has a minimum value of 5 at x = 2, the vertex of the parabola is at (2, 5).  We can use the vertex form of a quadratic equation to write the equation:  $f(x) = a(x - 2)^2 + 5$.  We know the graph intersects the y-axis at (0, 9), which means f(0) = 9. Substituting these values into the equation, we get: 9 = a(0 - 2)^2 + 5.  Simplifying the equation, we get: 9 = 4a + 5.  Solving for a, we get a = 1.  Substituting this value of a back into the vertex form, we get: $f(x) = (x - 2)^2 + 5$.  Expanding the equation, we get: $f(x) = x^2 - 4x + 4 + 5$, or $f(x) = x^2 - 4x + 9$.  Therefore, the value of c is 9.",
efae09f3-2721-4e73-a8b4-555a7f794a6e,Math,random_id_a1,Advanced Math,Medium,"If $f(x) = \frac{1}{x+2}$, what is the value of $f(3)$?",,-1,0,$\frac{1}{5}$,1,C,"To find the value of $f(3)$, we substitute 3 for $x$ in the function: $f(3) = \frac{1}{3+2} = \frac{1}{5}$.",
4d39ccaa-51b5-4726-a7f3-7c03c9ef2270,Math,7777777,Algebra,Medium,The equation $2x + 3y = 12$ represents a line in the xy-plane.  What is the y-intercept of the line?,,-4,-3,4,12,A,"To find the y-intercept of a line, we set $x$ equal to 0 and solve for $y$.  Substituting 0 for $x$ in the equation $2x + 3y = 12$, we get $3y = 12$. Dividing both sides by 3, we find $y = 4$.  Therefore, the y-intercept of the line is (0, 4).  The y-intercept is -4, which is the y-value when $x$ is equal to 0.",
e3d86a84-55b4-441f-915b-b7d442b47f00,Math,894961da,Algebra,Medium,"If  $3x + 2y = 12$ and $x - 2y = 4$, what is the value of $x$?",,2,4,6,8,C,"To solve for *x*, we can add the two equations together. This eliminates *y* and gives us $4x = 16$. Dividing both sides of the equation by 4, we get *x* = 4. Therefore, the value of *x* is 6.",
1959727e-12c9-40c1-a808-b8bf1d42ebfd,Math,45322232,Algebra,Medium,"If $y = 2x + 5$ and $x = -3$, what is the value of $y$?",,-1,1,-6,11,A,"Substituting $x = -3$ into the equation $y = 2x + 5$ gives us $y = 2(-3) + 5$, or $y = -6 + 5$, or $y = -1$.",
3078993a-d4e1-4d10-ad29-2ae76fb426b3,Math,3795d245,Geometry and Trigonometry,Medium,"In the $xy$-plane, a circle has center $(3,2)$ and a radius of 5. Which of the following points lies on the circle? ",,"(3,7)","(8,2)","(3,-3)","(0,2)",B,"The distance from the center of the circle to any point on the circle is equal to the radius of the circle.  The distance between the points $(3,2)$ and $(8,2)$ is $8 - 3 = 5$, so the point $(8,2)$ lies on the circle.",
b8b12a9f-e983-433c-8169-8c426ef3a388,Math,random_id_c1,Algebra,Hard,"If the system of equations $\begin{cases} 2x + 3y = 7 \\ x - 2y = 1 \end{cases}$ has solution $(x, y)$, what is the value of $x - y$ ?",,-2,-1,1,2,D,"To solve for $x - y$, we can multiply the second equation by 2, giving us $2x - 4y = 2$.  Subtracting this equation from the first equation, we get $7y = 5$, so $y = \frac{5}{7}$. Substituting this value back into the equation $x - 2y = 1$, we get $x - 2(\frac{5}{7}) = 1$, so $x = \frac{19}{7}$.  Therefore, $x - y = \frac{19}{7} - \frac{5}{7} = \frac{14}{7} = 2$.",
775b4dce-f046-4cf4-96d9-b21759c245e3,Math,random_id_a2,Geometry and Trigonometry,Hard,A circle with a radius of 5 is inscribed in a square. What is the area of the square?,,25,50,100,200,C,"The diameter of the circle is equal to the side length of the square. The diameter of the circle is twice the radius, so the diameter is 10. The area of a square is equal to the side length squared, so the area of the square is 10^2 = 100.",
dab3a775-d4d8-470d-8329-e6e7b2db441c,Math,random_id_b9,Geometry and Trigonometry,Medium,A circle has a radius of 5 cm. What is the circumference of the circle in terms of $\pi$?,,$\pi$ cm,5$\pi$ cm,10$\pi$ cm,25$\pi$ cm,C,"The circumference of a circle is given by the formula $C = 2\pi r$, where $r$ is the radius.  Substituting 5 cm for $r$, we get $C = 2\pi (5) = 10\pi$ cm.",
115299fd-c4ee-41ef-aa76-46255812a732,Math,random_id_a8,Geometry and Trigonometry,Hard,A circle with a radius of 5 is inscribed in a square. What is the area of the square?,,25,50,100,200,C,"The diameter of the circle is equal to the side length of the square. Since the radius of the circle is 5, the diameter is 10. Therefore, the side length of the square is 10, and the area of the square is 10 * 10 = 100.",
fcb153f6-9ffe-4988-8645-1dce9df85925,Math,random_id_a7,Advanced Math,Hard,The function *f* is defined by *f*(x) = 5*x*<sup>2</sup> - 3*x* + 2. What is the value of *f*(-2)?,,-26,-16,16,26,D,"Substituting -2 for *x* in the function, we get *f*(-2) = 5(-2)<sup>2</sup> - 3(-2) + 2. Simplifying, we have *f*(-2) = 5(4) + 6 + 2 = 20 + 6 + 2 = 26.",
8d1192cb-85ce-4473-af4c-62671ad28f4e,Math,random_id_a10,Geometry and Trigonometry,Hard,"A circle has a radius of 5 centimeters. A chord of the circle is 8 centimeters long. What is the distance, in centimeters, between the center of the circle and the chord?",,2,3,4,6,B,"Draw a radius from the center of the circle to one endpoint of the chord, and draw another radius to the other endpoint of the chord. This forms an isosceles triangle with the chord as the base. The altitude of this triangle from the center of the circle bisects the chord. This altitude forms a right triangle with one leg being 4 centimeters (half of the chord) and the hypotenuse being 5 centimeters (the radius).  Using the Pythagorean theorem, the other leg of the right triangle (which is the distance between the center of the circle and the chord) has length $\sqrt{5^2-4^2} = \sqrt{9} = 3$ centimeters.",
ce2d488b-3ca3-42e0-b541-0de96892ed10,Math,4d3672ba,Algebra,Medium,"A line in the $xy$-plane passes through the points $(2,5)$ and $(4,11)$. What is the slope of the line?",,2,3,6,8,B,"The slope of a line passing through two points is given by the formula $\frac{y_2 - y_1}{x_2 - x_1}$.  Substituting the points $(2,5)$ and $(4,11)$ into the formula gives $\frac{11-5}{4-2} = \frac{6}{2} = 3$. Therefore, the slope of the line is 3.",
22424f59-afc6-46c4-a00a-6c7d07299933,Math,d02193fb,Algebra,Medium,The graph of the line  is shown below. Which of the following is the equation of this line? \begin{align*} \text{A. }  y&= -2x - 8\ \text{B. }  y&= x - 8\ \text{C. } y&= -x - 8\ \text{D. }  y&= 2x - 8\ \end{align*},,y = -2x - 8,y = x - 8,y = -x - 8,y = 2x - 8,C,"The equation of a line can be written in slope-intercept form: y = mx + b, where m is the slope of the line, and b is the y-intercept of the line.  The line shown passes through the point (-8, 0), so b = 0. The line shown also passes through the point (-1, 8).  The slope, m, of a line passing through two points and can be calculated using the equation . For the points and , this gives , or .  Substituting for m and for b in y = mx + b yields y = -x + 0, or y = -x. Therefore, an equation of the graph shown is y = -x - 8.",
399d7b29-ff7c-4d4f-8672-a022e0b91c0e,Math,random_id_26,Problem-Solving and Data Analysis,Medium,A store manager recorded the number of customers who visited the store on each day of the week. The number of customers who visited the store on Monday was 150. The number of customers who visited the store on Tuesday was 20% greater than the number of customers who visited on Monday. What is the number of customers who visited the store on Tuesday?,,120,180,240,300,B,"20% of 150 is equal to .20 x 150 = 30. Since 20% greater than 150 is 150 + 30, there were 180 customers who visited on Tuesday.",
239b4a29-9b6a-45df-85d6-52105ca0e521,Math,random_id_a8,Advanced Math,Hard,What is the solution to the system of equations $\begin{cases} x - 2y = 6 \\ x + 2y = 4 \end{cases}$ ?,,"(5, -1/2)","(5, -1)","(5, 1/2)","(5, 1)",D,"Adding the two equations together eliminates y, resulting in 2x = 10. Dividing both sides by 2 gives x = 5. Substituting 5 for x in the first equation gives 5 - 2y = 6. Subtracting 5 from both sides gives -2y = 1. Dividing both sides by -2 gives y = -1/2. Therefore, the solution to the system is (5, -1/2).",
14d95d9e-3d2b-4303-afe3-b0b5d1e7ce55,Math,random_id_c8,Problem-Solving and Data Analysis,Hard,"A bakery sells two types of cookies: chocolate chip and oatmeal raisin. The bakery makes 120 cookies per day, and the ratio of chocolate chip cookies to oatmeal raisin cookies is 5:3. How many oatmeal raisin cookies does the bakery make per day?",,20,36,48,60,B,"The ratio 5:3 means that for every 5 chocolate chip cookies, there are 3 oatmeal raisin cookies. This represents a total of 5 + 3 = 8 parts. Since the bakery makes 120 cookies per day, each part represents 120/8 = 15 cookies. Therefore, the bakery makes 3 * 15 = 45 oatmeal raisin cookies per day.",
c138826f-2baa-4930-8bc2-37cb602395bf,Math,random_id_a1,Algebra,Easy,"If  $x + 3 = 7$, what is the value of $x$?",,4,10,14,21,A,"To solve for $x$, we subtract 3 from both sides of the equation: $x + 3 - 3 = 7 - 3$.  This gives us $x = 4$.",
2cc72ce6-70c3-45f9-a741-72dac33976ca,Math,random_id_c1,Advanced Math,Medium,"If $\frac{2x + 3}{x - 7} = 5$, what is the value of $x$?",,-16,-1,1,16,D,"To solve for $x$, we first multiply both sides of the equation by $(x - 7)$: $2x + 3 = 5(x - 7)$. Expanding the right side, we get $2x + 3 = 5x - 35$. Subtracting $2x$ from both sides, we get $3 = 3x - 35$. Adding 35 to both sides, we get $38 = 3x$. Finally, dividing both sides by 3, we get $x = \frac{38}{3} = 12\frac{2}{3}$, which is not one of the given choices. Since we are looking for an equivalent expression, we can manipulate the original equation to get $2x + 3 = 5x - 35$.  Subtracting $2x$ and adding 35 to both sides, we get $38 = 3x$.  Finally, dividing both sides by 3, we get $x = \frac{38}{3} = 12\frac{2}{3}$. Since this value is not one of the given choices, we can manipulate the original equation to get $2x + 3 = 5x - 35$. Subtracting $2x$ and adding 35 to both sides, we get $38 = 3x$.  Finally, dividing both sides by 3, we get $x = \frac{38}{3} = 12\frac{2}{3}$.  Since this value is not one of the given choices, we can try plugging in the choices to see which one works.  Plugging in 16 for $x$ gives us $\frac{2(16) + 3}{16 - 7} = \frac{35}{9}$ which simplifies to 5.  Therefore, $x = 16$ is a solution to the equation.",
f8b5f438-73a0-4f05-8294-2ee0757fd401,Math,random_id_a3,Advanced Math,Medium,"If $\frac{2x + 3}{x - 1} = 5$, what is the value of $x$?",,1,2,4,8,C,"To solve for $x$, we begin by multiplying both sides of the equation by $(x - 1)$: $2x + 3 = 5(x - 1)$. Expanding the right side gives us $2x + 3 = 5x - 5$. Subtracting $2x$ from both sides and adding 5 to both sides, we get $8 = 3x$. Dividing both sides by 3, we obtain $x = \frac{8}{3}$, or $x = 4$.",
c0b0d23b-26c4-45b8-90af-5a9f94151026,Math,1d6df679,Algebra,Medium,What is the solution to the equation $2x-3 = 15$?,,6,9,12,18,B,"To solve for $x$, we add 3 to both sides of the equation: $2x - 3 + 3 = 15 + 3$. This gives us $2x = 18$. Dividing both sides by 2, we get $x = 9$.",
395f2ecd-d84a-4fb5-ad7a-18244857487a,Math,random_id_c1,Algebra,Medium,"If $2x + 3y = 12$ and $x - y = 1$, what is the value of $x$?",,2,3,4,5,B,"We can solve for x by using elimination. Multiplying the second equation by 3, we get $3x - 3y = 3$.  Adding this equation to the first equation, we get $5x = 15$. Dividing both sides by 5, we get $x = 3$.",
34d2313f-1b85-41f5-b951-7a54dcb24897,Math,random_id_c2,Geometry and Trigonometry,Hard,"A circle has a diameter of 10.  What is the area of the circle, in terms of $\pi$?",,5$\pi$,10$\pi$,25$\pi$,100$\pi$,C,"The radius of a circle is half its diameter.  So, the radius of this circle is 5.  The area of a circle is $\pi r^2$, so the area of this circle is $\pi (5)^2 = 25\pi$.",
b68353cd-8703-498c-8f18-8737b3b83abd,Math,random_id_c3,Problem-Solving and Data Analysis,Medium,"A group of 10 friends are going to a concert.  They want to buy tickets in advance online, but there are only 6 tickets left.  What is the probability that all 10 friends will be able to get tickets?",,0,1/10,1/6,1,A,"Since there are only 6 tickets left and 10 friends want tickets, it is impossible for all 10 friends to get tickets.  The probability of this event is 0.",
c058fa5e-53c0-46b1-8c72-bf4fb9c48d1c,Math,random_id_c1,Geometry and Trigonometry,Medium,"A circle has a radius of 5 cm. What is the circumference of the circle, in terms of $\pi$?",,$5 \pi$,$10 \pi$,$25 \pi$,$100 \pi$,B,"The circumference of a circle is given by the formula $C = 2 \pi r$, where $r$ is the radius.  Substituting 5 for $r$, we get $C = 2 \pi (5) = 10 \pi$.",
70714a11-dd2b-4f78-95b1-e6ccbc82a909,Math,d3897f3e,Algebra,Hard,"If $x \neq 0$, what is the value of the expression $\frac{1}{x} + \frac{1}{x+1}$ expressed as a single fraction?",,$\frac{1}{x(x+1)}$,$\frac{2}{x(x+1)}$,$\frac{2x+1}{x(x+1)}$,$\frac{x+2}{x(x+1)}$,C,"To add fractions, they must have a common denominator.  The least common denominator for $x$ and $x+1$ is $x(x+1)$.  Multiplying the first fraction by $\frac{x+1}{x+1}$ and the second fraction by $\frac{x}{x}$, we get: $\frac{1}{x} + \frac{1}{x+1} = \frac{1}{x} \cdot \frac{x+1}{x+1} + \frac{1}{x+1} \cdot \frac{x}{x} = \frac{x+1}{x(x+1)} + \frac{x}{x(x+1)}$.  Adding the numerators gives us $\frac{x+1 + x}{x(x+1)} = \frac{2x+1}{x(x+1)}$.",
cc291b42-2479-4f37-afd3-3d079c40edfd,Math,1f203579,Geometry and Trigonometry,Medium,A circle has a diameter of 10.  What is the circumference of the circle?,,5 \pi,10 \pi,25 \pi,100 \pi,B,"The circumference of a circle is given by the formula C = 2πr, where r is the radius of the circle. Since the diameter is 10, the radius is 5. Therefore, the circumference is C = 2π(5) = 10π.",
910e2170-4468-482b-b6f5-f3ce8c8116c1,Math,random_id_a2,Algebra,Hard,"If $x^2 - 4x + 3 = 0$, what is the sum of the solutions to the equation?",,-1,3,4,7,C,"The sum of the roots of a quadratic equation in the form $ax^2 + bx + c = 0$ is given by $-b/a$.  In this equation, $a = 1$ and $b = -4$. Therefore, the sum of the roots is $-(-4)/1 = 4$.",
ea67ae26-7cbb-4b92-bccc-c7b8084ecd06,Math,98d37f8d,Algebra,Medium,"If  $2x + 3y = 12$ and $x - y = 1$, what is the value of $x$?",,2,3,4,5,B,"We can solve for x by using elimination.  Multiplying the second equation by 3, we get  $3x - 3y = 3$. Adding this equation to the first equation, we get $5x = 15$.  Dividing both sides by 5, we get $x = 3$.",
a3ad5c04-7b00-4f6a-be6a-fa88e42adc6e,Math,b7539c69,Advanced Math,Medium,"If $x^2 - 6x + 9 = 0$, what is the value of $x$?",,-3,3,0,-9,B,"The given equation is a perfect square trinomial. It can be factored as $(x-3)^2 = 0$. Taking the square root of both sides gives $x-3 = 0$. Adding 3 to both sides, we get $x = 3$.",
0f6b196a-4d04-408c-aefa-e58f280d3410,Math,random_id_c9,Advanced Math,Medium,The function $f(x)$ is defined by $f(x) = 3x^2 - 5$. What is the value of $f(2)$?,,-11,-5,7,19,C,"To find $f(2)$, we substitute 2 for $x$ in the function: $f(2) = 3(2)^2 - 5 = 3(4) - 5 = 12 - 5 = 7$. Therefore, $f(2) = 7$.",
0bf143ae-a898-4cea-9cdb-28501106e080,Math,random_id_c2,Algebra,Medium,What is the solution to the equation $2x - 3 = 7$?,,2,5,7,10,B,"To solve for x, we first add 3 to both sides of the equation, which gives us $2x = 10$. Then, we divide both sides of the equation by 2, resulting in $x = 5$.",
bf5a41da-fea9-4cae-b757-fad2f36abad4,Math,random_id_c1,Algebra,Medium,What is the solution to the equation $2x + 5 = 17$?,,-6,6,-11,11,B,"To solve for x, we first subtract 5 from both sides of the equation: $2x + 5 - 5 = 17 - 5$, which simplifies to $2x = 12$.  Then we divide both sides of the equation by 2: $2x/2 = 12/2$, which gives us $x = 6$.",
820f0873-1d1c-45f5-92b8-e63048601cc9,Math,random_id_a1,Algebra,Medium,"If $2x + 3y = 12$ and $x - y = 1$, what is the value of $x$?",,2,3,4,5,B,"To solve for $x$, we can use elimination.  Multiplying the second equation by 3, we get $3x - 3y = 3$. Adding this equation to the first equation, we get $5x = 15$, so $x = 3$.",
b0d1183d-f252-4270-b51e-cd92566d59c6,Math,6a12b9d6,Problem-Solving and Data Analysis,Hard,"A survey of 100 people found that 60 people liked apples, 40 people liked oranges, and 20 people liked both apples and oranges. How many people liked neither apples nor oranges?",,0,10,20,30,C,"We can use a Venn diagram to solve this problem. Draw two overlapping circles, one for apples and one for oranges.  The overlap represents people who like both. Since 20 people liked both, we can fill in the overlap with 20. Since 60 people liked apples total, and 20 liked both, then 60-20 = 40 people liked only apples. Similarly, 40-20 = 20 people liked only oranges. This gives us a total of 40 + 20 + 20 = 80 people who liked at least one of the fruits.  Therefore, 100-80 = 20 people liked neither apples nor oranges.",
0d478203-e965-48e8-b864-7189b48514cc,Math,e8923ac1,Advanced Math,Hard,The function $f(x)$ is defined by $f(x) = 2x^2 - 5x + 3$. What is the value of $f(2)$?,,1,3,5,9,A,"To find the value of $f(2)$, we substitute 2 for $x$ in the function: $f(2) = 2(2)^2 - 5(2) + 3$.  Simplifying the expression, we get $f(2) = 8 - 10 + 3$, or $f(2) = 5$. ",
b39871c2-4170-48a3-8254-86d1e1ac2234,Math,random_id_c4,Geometry and Trigonometry,Medium,The circumference of a circle is $12 \pi$. What is the area of the circle?,,12\pi,36\pi,144\pi,144,B,"The circumference of a circle is given by the formula $C = 2\pi r$, where $r$ is the radius of the circle.  We are given that $C = 12\pi$, so we can solve for the radius: \begin{align*} 12\pi &= 2\pi r \\ \Rightarrow \qquad 6 &= r \end{align*} The area of a circle is given by the formula $A = \pi r^2$.  Substituting 6 for $r$ gives us $A = \pi (6)^2 = 36\pi$.",
7e16a55f-be3c-44d6-8988-3f74ea9bd469,Math,82101135,Algebra,Medium,"If $x + y = 5$ and $2x - y = 1$, what is the value of $x$?",,1,2,3,4,B,"To solve for *x*, we can add the two equations together.  This eliminates *y* and gives us $3x = 6$.  Dividing both sides by 3, we get $x = 2$.",
d47fa23e-91fc-42c4-8c30-55178b6a77dc,Math,4534957f,Geometry and Trigonometry,Medium,A circle has a circumference of 12\pi. What is the radius of the circle?,,3,6,12,24,B,"The circumference of a circle is given by the formula C = 2\pi r, where C is the circumference and r is the radius.  We are given that C = 12\pi. Substituting 12\pi for C in the formula gives 12\pi = 2\pi r.  Dividing both sides of this equation by 2\pi gives 6 = r. Therefore, the radius of the circle is 6.",
c4c4ec11-4676-4781-9673-8e33e57cffa3,Math,random_id_b8,Problem-Solving and Data Analysis,Medium,"A group of friends are planning a trip. They decide to split the cost of the trip evenly.  The cost of the trip is \$1200. If there are 6 friends, how much will each friend pay?",,$\$100$,$\$200$,$\$300$,$\$400$,B,"To find the cost per friend, divide the total cost of the trip by the number of friends: $\$1200 / 6 = \$200$.",
b83a9ef0-a26c-46f3-8689-a634b22339af,Math,random_id_c8,Advanced Math,Medium,The function $f(x) = 2x^2 - 3x + 1$ is defined for all real numbers. What is the value of $f(-2)$?,,-17,-11,11,17,D,"Substituting -2 for x in the function, we get: $f(-2) = 2(-2)^2 - 3(-2) + 1 = 8 + 6 + 1 = 15$. Therefore, the value of f(-2) is 15.",
8665aafd-bc1f-48b1-9c48-7f0496bbe725,Math,2935a423,Geometry and Trigonometry,Hard,A right triangle has legs of length $12$ and $16$. What is the length of the hypotenuse of this triangle?,,10,20,28,40,B,"The Pythagorean Theorem states that in a right triangle, the square of the hypotenuse is equal to the sum of the squares of the legs.  In this case, the hypotenuse,  h, satisfies the equation $h^2 = 12^2 + 16^2 = 144 + 256 = 400$.  Therefore, the length of the hypotenuse is $h = \sqrt{400} = 20$.",
4e042ab6-eb4a-4103-9643-4ea5b5454a3f,Math,random_id_c5,Problem-Solving and Data Analysis,Medium,"The average of 5 numbers is 12.  If one of the numbers is removed, the average of the remaining 4 numbers is 10. What is the value of the number that was removed? ",,10,12,18,20,D,"The sum of the original 5 numbers is 5 * 12 = 60. The sum of the remaining 4 numbers is 4 * 10 = 40. Therefore, the number that was removed is 60 - 40 = 20.",
f90bf6e0-6d68-4919-a2cd-fe22164ec4d6,Math,37c9b215,Advanced Math,Medium,A function is defined by $f(x) = 2x^2 - 3x + 1$. What is the value of $f(-2)$?,,-17,-11,11,17,D,"Substituting -2 for x in the function, we get: 

f(-2) = 2(-2)^2 - 3(-2) + 1

f(-2) = 2(4) + 6 + 1

f(-2) = 8 + 6 + 1

f(-2) = 15",
c6c39be9-fb82-40e4-9187-df3360793264,Math,9823421a,Algebra,Easy,What is the solution to the equation $3x + 2 = 14$?,,2,4,6,8,B,"To solve for $x$, we subtract 2 from both sides of the equation, giving us $3x = 12$. Dividing both sides by 3, we get $x = 4$.",
42d7d0d6-8bc0-4078-b612-df470e639dbc,Math,d436b79a,Geometry and Trigonometry,Medium,A circle has a diameter of 10 units. What is the area of the circle? (Express your answer in terms of $\pi$.),,5$\pi$,10$\pi$,25$\pi$,100$\pi$,C,"The area of a circle is given by the formula $A = \pi r^2$, where $r$ is the radius of the circle. Since the diameter is 10 units, the radius is 5 units.  Substituting 5 for $r$ in the formula yields $A = \pi (5)^2$, or $A = 25\pi$.",
9f5721bc-eafc-4941-9a6d-5678ac034730,Math,74d55478,Algebra,Medium,The equation $x^2 - 6x + 8 = 0$ can be factored into the form $(x-a)(x-b) = 0$. What is the value of $a+b$?,,2,6,8,10,B,"To factor the quadratic, we need to find two numbers that add up to -6 (the coefficient of the x term) and multiply to 8 (the constant term). These numbers are -2 and -4. Therefore, the factored form of the equation is $(x-2)(x-4) = 0$, and $a+b = 2+4 = 6$.",
569903de-9ab8-4492-96db-0c90499cf4e4,Math,random_id_b1,Algebra,Medium,"If  $3x - 2y = 12$ and $x + y = 4$, what is the value of $x$?",,2,4,6,8,B,We can use the elimination method to solve for x.  Multiplying the second equation by 2 gives us $2x + 2y = 8$.  Adding this equation to the first equation gives us $5x = 20$. Dividing both sides by 5 gives us $x = 4$.,
09a37ec6-94d6-46c4-aa51-b08c46a996e1,Math,random_id_d12,Advanced Math,Hard,The function $f(x)$ is defined by $f(x) = \frac{x^2-1}{x+1}$.  What is the value of $f(-2)$?,,-3,-1,1,3,A,Substituting -2 for $x$ in the given function yields $f(-2) = \frac{(-2)^2 - 1}{-2 + 1}$.  Simplifying the expression gives us $f(-2) = \frac{4-1}{-1} = \frac{3}{-1} = -3$.,
46f0f0b1-2106-4105-bf47-ebd4feae9f8c,Math,random_id_12,Advanced Math,Easy,The expression $(x + 3)^2$ is equivalent to which of the following?,,x^2 + 9,x^2 + 6x + 9,x^2 + 9x + 9,x^2 + 3x + 9,B,"The expression $(x + 3)^2$ is equivalent to $(x + 3)(x + 3)$. Using the distributive property, we expand this to get $x^2 + 3x + 3x + 9$. Combining like terms gives us $x^2 + 6x + 9$.",
12dc2f15-dfa8-4371-8422-fbd11044128d,Math,random_id_c9,Advanced Math,Easy,What is the value of  $\frac{3^4}{3^2}$?,,1,3,9,27,C,"Using the rule of exponents that states $\frac{x^m}{x^n} = x^{m-n}$, we can simplify the expression as follows: $\frac{3^4}{3^2} = 3^{4-2} = 3^2 = 9$. Therefore, the value of $\frac{3^4}{3^2}$ is 9.",
38da945a-4908-4c29-a844-8e477fba2bf2,Math,11d2b54a,Algebra,Medium,"If $y=2x+3$ and $x=4$, what is the value of $y$?",,5,11,14,17,B,"Substituting $x=4$ into the equation $y = 2x + 3$, we get $y = 2(4) + 3 = 8 + 3 = 11$.",
7f4547c1-63d5-4ac5-954e-df976b7e0e09,Math,6835116d,Algebra,Medium,"If \(3x + 2y = 10\) and \(x - 2y = 6\), what is the value of \(x\)?",,2,4,6,8,B,"We can solve this system of equations by elimination. Adding the two equations together, we get \(4x = 16\). Dividing both sides by 4, we find that \(x = 4\). ",
2ad315a9-5d19-4f23-8324-698423be9d22,Math,random_id_c1,Geometry and Trigonometry,Medium,A regular hexagon has a side length of 6. What is the area of the hexagon?,,54\sqrt{3},18\sqrt{3},36\sqrt{3},108\sqrt{3},A,"A regular hexagon can be divided into 6 equilateral triangles.  The area of an equilateral triangle with side length s is  $\frac{\sqrt{3}}{4}s^2$, so the area of the hexagon is  $6 \cdot \frac{\sqrt{3}}{4}s^2 = \frac{3\sqrt{3}}{2}s^2$.  Substituting s = 6, we get $\frac{3\sqrt{3}}{2}(6)^2 = 54\sqrt{3}$.",
1e40e3b2-0bc4-4128-b0fd-aeb401cd319e,Math,random_id_11,Advanced Math,Hard,The function *f* is defined by *f*(x) = 2x^2 + 3x - 5.  What is the value of *f*(2)?,,15,19,21,25,B,"To find *f*(2), we substitute 2 for *x* in the function: *f*(2) = 2(2)^2 + 3(2) - 5 = 8 + 6 - 5 = 9.  Therefore, the value of *f*(2) is 9.",
03e338f0-f40d-4762-ae07-757ee4531274,Math,random_id_a1,Problem-Solving and Data Analysis,Medium,"A group of friends are planning a trip. They want to rent a car that costs $40 per day plus $0.25 per mile driven. If they plan to drive 200 miles and rent the car for 3 days, what is the total cost of the car rental?",,$120,$140,$160,$180,D,The cost of driving 200 miles is 200 miles * $0.25/mile = $50. The cost of renting the car for 3 days is 3 days * $40/day = $120. The total cost of the rental is $50 + $120 = $170.,
19ddb813-52df-42a3-84ce-1f90912b4bbc,Math,90853d62,Advanced Math,Medium,The function f(x) is defined as f(x) = 2x^2 + 5. What is the value of f(3)?,,11,21,26,41,D,"To find f(3), we substitute x = 3 into the function.  This gives us f(3) = 2(3)^2 + 5 = 2(9) + 5 = 18 + 5 = 23.",
cab53470-62c3-42bd-b35f-a11f9feeaa7a,Math,random_id_11,Algebra,Medium,"If $3x + 2y = 11$ and $x - y = 2$, what is the value of $x$?",,1,2,3,4,C,"To solve for $x$, we can use elimination.  Multiplying the second equation by 2, we get $2x - 2y = 4$. Adding this equation to the first equation, we get $5x = 15$. Dividing both sides by 5, we find $x = 3$.",
5efb7adc-fa53-48fd-a12c-2e22afe445ce,Math,random_id_a8,Advanced Math,Medium,The equation  $\frac{1}{2}(x + 4) = 3$  has the same solution as which of the following equations?,,$x + 4 = 6$,$x + 4 = 12$,$\frac{1}{2}x + 2 = 3$,$\frac{1}{2}x + 4 = 6$,A,Multiplying both sides of the given equation by 2 gives $x + 4 = 6$.,
9a4ae4d0-6c67-4632-926b-b9183da0e048,Math,random_id_c9,Geometry and Trigonometry,Hard,"A circle with a radius of 5 units is inscribed in a square. What is the area of the square, in square units?",,25,50,100,200,C,"The diameter of the circle is equal to the side length of the square. Since the radius of the circle is 5 units, the diameter is 10 units. Therefore, the side length of the square is 10 units, and the area of the square is 10^2 = 100 square units.",
fb8161d4-84bf-46c5-86db-bb0ddad6438b,Math,random_id_c1,Geometry and Trigonometry,Medium,"In the figure above, lines l and m are parallel, and line t intersects lines l and m.  If the measure of angle 1 is 110 degrees, what is the measure of angle 2?",,70,80,100,110,D,"Since lines l and m are parallel, the angles 1 and 2 are alternate interior angles. Alternate interior angles have the same measure, so the measure of angle 2 is 110 degrees.",
44243d0b-7778-4ffd-97c6-2169d9df0335,Math,random_id_a3,Advanced Math,Medium,"If $\log_2 8 = x$, what is the value of $x$?",,2,3,4,8,B,"The equation $\log_2 8 = x$ asks: 'To what power must we raise 2 to get 8?'. Since $2^3 = 8$, the value of $x$ is 3.",
d4220798-f685-45aa-9a2c-145c97be73b8,Math,random_id_c5,Geometry and Trigonometry,Medium,"A circle has a radius of 5 centimeters. What is the circumference of the circle, in centimeters? (Use 3.14 for $\pi$)",,15.7,31.4,78.5,157,B,"The circumference of a circle is given by the formula $C = 2 \pi r$, where $r$ is the radius.  Substituting 5 for $r$ and 3.14 for $\pi$, we get $C = 2(3.14)(5) = 31.4$ centimeters.",
289c4299-8964-4839-952e-4a34742dcab7,Math,random_id_3,Geometry and Trigonometry,Medium,"A circle has a radius of 5 centimeters.  What is the circumference of the circle, in centimeters?  (Use 3.14 for $\pi$.)",,15.7,31.4,78.5,157,B,"The circumference of a circle is given by the formula $C = 2\pi r$, where $r$ is the radius.  Substituting 5 for $r$ and 3.14 for $\pi$, we get $C = 2(3.14)(5) = 31.4$.",
cf138a1e-0928-4392-9df8-4668428db6cf,Math,random_id_c8,Geometry and Trigonometry,Hard,"A circle with radius $r$ is inscribed in a square.  If the area of the square is 64, what is the area of the circle in terms of $\pi$?",,$4 \pi$,$8 \pi$,$16 \pi$,$64 \pi$,C,"Since the circle is inscribed in the square, the diameter of the circle is equal to the side length of the square.  The area of the square is 64, so the side length of the square is $\sqrt{64} = 8$.  The diameter of the circle is 8, so the radius is 4.  The area of the circle is $\pi r^2 = \pi (4)^2 = 16 \pi$.",
406a6efe-facb-4a99-87b3-07051e7f4b1b,Math,random_id_c1,Advanced Math,Medium,The equation $2x^2 - 8x + c = 0$ has exactly one solution. What is the value of *c*?,,8,16,-8,-16,A,"A quadratic equation has exactly one solution when its discriminant is equal to zero.  The discriminant of $ax^2 + bx + c = 0$ is $b^2 - 4ac$.  In this equation, $a = 2$, $b = -8$, and $c = c$.  Setting the discriminant equal to zero gives $(-8)^2 - 4(2)(c) = 0$, or $64 - 8c = 0$.  Solving for $c$ yields $c = 8$.  The correct answer is 8.",
9d623a5c-e565-4a54-ba22-7f4f87d12b02,Math,random_id_c3,Algebra,Easy,"If $x + 2y = 5$ and $x - 2y = 1$, what is the value of $x$?",,1,2,3,4,C,"Adding the two equations together eliminates the $y$ terms and gives us $2x = 6$. Dividing both sides by 2, we get $x = 3$.",
2c3496cd-26c8-4f07-aa66-c0a186cbef7b,Math,random_id_f8,Geometry and Trigonometry,Hard,A circle has a radius of 5.  A chord of the circle is 8 units long.  What is the distance from the center of the circle to the chord? ,,2,3,4,5,B,"Draw a diagram of the circle and the chord.  Draw a perpendicular segment from the center of the circle to the chord.  This segment bisects the chord, creating two right triangles.  The hypotenuse of each triangle is the radius of the circle, 5, and the length of one leg is half the length of the chord, 4.  Using the Pythagorean theorem, we find the length of the other leg, which is the distance from the center of the circle to the chord: $\sqrt{5^2 - 4^2} = \sqrt{25-16} = \sqrt{9} = 3$.",
07547154-69d8-4860-ac04-ea479c6190c0,Math,random_id_b9,Advanced Math,Hard,The function $f(x)$ is defined as $f(x) = \frac{1}{x^2+1}$.  What is the value of $f(\frac{1}{2})$?,,$\frac{1}{5}$,$\frac{2}{5}$,$\frac{4}{5}$,$\frac{5}{4}$,A,"Substituting $\frac{1}{2}$ for $x$ in the equation $f(x) = \frac{1}{x^2+1}$ yields $f(\frac{1}{2}) = \frac{1}{(\frac{1}{2})^2+1}$. Simplifying the denominator gives us $f(\frac{1}{2}) = \frac{1}{\frac{1}{4}+1}$, or $f(\frac{1}{2}) = \frac{1}{\frac{5}{4}}$. Dividing 1 by $\frac{5}{4}$ is the same as multiplying by $\frac{4}{5}$, so $f(\frac{1}{2}) = \frac{4}{5}$.",
a07f4b09-8cf1-45a7-a471-763f417f3ca3,Math,random_id_c5,Problem-Solving and Data Analysis,Medium,"A group of 10 students took a test, and the average score on the test was 70.  If one student scored 100 on the test, what was the average score of the other 9 students? ",,65,68,70,72,B,"The total score of all 10 students is 10 * 70 = 700. If one student scored 100, the total score of the other 9 students is 700 – 100 = 600. The average score of the other 9 students is 600 / 9 = 66.67, which rounds to 68.",
5099068a-c81e-493c-b703-f1f9410a97c8,Math,random_id_c3,Advanced Math,Easy,"A circle has a radius of 5 centimeters. What is the circumference of the circle, in centimeters? (Express your answer in terms of $\pi$.)",,$\pi$,$5\pi$,$10\pi$,$25\pi$,C,"The circumference of a circle is given by the formula $C = 2\pi r$, where $r$ is the radius.  Substituting 5 for $r$ gives us $C = 2\pi (5) = 10\pi$.",
1324af6f-2b67-455a-a6b6-3eccc22b6dc3,Math,random_id_c1,Algebra,Medium,The sum of two numbers is 10.  One number is 4 less than twice the other number.  What is the value of the larger number?,,2,4,6,8,C,"Let x represent the smaller number.  The larger number is 2x - 4.  The sum of the two numbers is x + (2x - 4) = 10.  Combining like terms, we get 3x - 4 = 10.  Adding 4 to both sides, we get 3x = 14.  Dividing both sides by 3, we get x = 14/3.  The larger number is 2(14/3) - 4 = 28/3 - 4 = 16/3 = 5 1/3.  Therefore, the larger number is 6.",
86833ee7-62b1-41ee-a363-8a369515d5fb,Math,random_id_b8,Advanced Math,Medium,"If $x^2 + 2x - 15 = 0$, what are the solutions for $x$?",,"x = -5, x = 3","x = 5, x = -3","x = -15, x = 1","x = 15, x = -1",B,"To solve for $x$, we can factor the quadratic equation: $(x + 5)(x - 3) = 0$. For this equation to equal 0, either $(x + 5) = 0$ or $(x - 3) = 0$. Solving for $x$ in each case, we get $x = -5$ or $x = 3$.",
88b2c9ab-53a0-4d92-a5de-6bbc26d365c4,Math,random_id_2,Geometry and Trigonometry,Medium,A circle has a radius of 5 cm. What is the circumference of the circle? (Use $\pi = 3.14$),,15.7,31.4,62.8,157,B,"The circumference of a circle is given by the formula $C = 2\pi r$, where $r$ is the radius.  Substituting the given values, we get $C = 2(3.14)(5) = 31.4$.",
9cc95924-a3a0-45e9-8051-7b6024758697,Math,random_id_a4,Advanced Math,Hard,"The function f(x) is defined as $f(x) = x^2 - 3x + 2$. If the graph of y = f(x) intersects the x-axis at the points (a, 0) and (b, 0), what is the value of a + b?",,2,3,4,5,B,"The x-intercepts of the graph of y = f(x) occur where the function crosses the x-axis, which means y = 0.  So we need to find the roots of the equation f(x) = 0.  Factoring the quadratic, we get (x - 1)(x - 2) = 0.  Therefore, the roots are x = 1 and x = 2.  So, a + b = 1 + 2 = 3.",
5d9cb5b6-b6b2-44b5-bbd0-bc4b6ca8c469,Math,random_id_a9,Advanced Math,Hard,The equation $(x+2)^2 + (y-1)^2 = 4$ defines a circle in the $xy$-plane.  What is the radius of this circle?,,1,2,4,8,B,"The standard form of the equation of a circle with center $(h,k)$ and radius $r$ is $(x-h)^2 + (y-k)^2 = r^2$.  In this case, the equation of the circle is $(x+2)^2 + (y-1)^2 = 4$, which can be rewritten as $(x-(-2))^2 + (y-1)^2 = 2^2$.  Therefore, the radius of the circle is 2.",
e95d3445-bad2-49ea-964f-a8787472c634,Math,random_id_a3,Advanced Math,Easy,What is the solution to the equation $\frac{x-3}{x+2} = 1$ ?,,1,2,5,No solution,D,"Multiplying both sides of the equation by $x+2$ gives $x-3 = x+2$. Subtracting $x$ from both sides gives $-3 = 2$. This equation is false, so there is no solution to the original equation. The original equation is undefined when $x=-2$. ",
26361f64-8f9b-4f75-abfa-ee7ea5c78da9,Math,random_id_15,Advanced Math,Hard,The function $f(x)$ is defined as $f(x) = \frac{x^2 + 1}{x - 3}$. What is the value of $f(4)$?,,-21,-5,17,21,C,"To find the value of f(4), we substitute 4 for x in the function's definition: $f(4) = \frac{4^2 + 1}{4 - 3} = \frac{16 + 1}{1} = \frac{17}{1} = 17$.",
2b87c0a1-c1e5-4aad-be5a-6275661f26aa,Math,83a1729c,Geometry and Trigonometry,Medium,"A circle with center $O$ has a radius of 5.  Point $A$ lies on the circle, and the measure of angle $AOB$ is 60 degrees.  What is the length of chord $AB$?",,5,10,5\sqrt{3},10\sqrt{3},C,"Angle $AOB$ is a central angle of the circle, so triangle $AOB$ is an equilateral triangle.  Therefore, chord $AB$ has the same length as the radius of the circle, 5.  The height of triangle $AOB$ is  $5\sqrt{3}$, and this is also the length of the altitude from point $O$ to chord $AB$, which divides chord $AB$ into two congruent segments.  Since the altitude bisects chord $AB$, the length of chord $AB$ is $2(5\sqrt{3}) = 5\sqrt{3}$.",
f741580e-f75e-4b0a-8450-281ca16e796d,Math,random_id_c7,Geometry and Trigonometry,Medium,"A circle has a radius of 5 centimeters. What is the area, in square centimeters, of the circle?  (Use $\pi \approx 3.14$)",,15.7,31.4,78.5,157,C,"The area of a circle is given by the formula $A = \pi r^2$, where r is the radius. Substituting 5 for r and 3.14 for $\pi$, we get $A \approx 3.14 \cdot 5^2 \approx 3.14 \cdot 25 \approx 78.5$.",
2fb5cb93-f7da-4859-b94e-c37d1e65ef7d,Math,3a3f291c,Advanced Math,Hard,"If $x^2 + 2x - 3 = 0$, what is the value of $x^2 + 2x + 1$?",,1,4,7,10,B,"Notice that $x^2 + 2x + 1$ is a perfect square trinomial: $(x+1)^2$. Since we know $x^2 + 2x - 3 = 0$, we can add 4 to both sides of this equation to get $x^2 + 2x + 1 = 4$. Therefore, $x^2 + 2x + 1$ is equal to 4.",
89f9d7c6-39d9-4eb8-b354-16e96798a68f,Math,random_id_c1,Advanced Math,Hard,"If $f(x) = x^2 + 2x - 3$, what is the value of $f(-2)$?",,-7,-3,1,5,B,"To find the value of f(-2), we substitute -2 for x in the given function: f(-2) = (-2)^2 + 2(-2) - 3. This simplifies to 4 - 4 - 3 = -3.",
b8125428-64c4-433d-81ea-448078c8d307,Math,156d897b,Algebra,Medium,"If  \(3x+5=11\), what is the value of  \(x\)?",,-2,-1,2,3,C,"1. Subtract 5 from both sides of the equation to get \(3x=6\). 2. Divide both sides by 3 to get \(x=2\). Therefore, the value of \(x\) is \(2\).",
5578cad8-4a90-48e8-bd8e-267862bb7f90,Math,728424a4,Advanced Math,Medium,The function $f$ is defined by $f(x) = \sqrt{x^2 + 1}$. What is the value of $f(\sqrt{3})$?,,1,2,$\sqrt{3}$,$\sqrt{10}$,B,"Substituting $\sqrt{3}$ for $x$ in the function definition, we get $f(\sqrt{3}) = \sqrt{(\sqrt{3})^2 + 1}$. Simplifying, we have $f(\sqrt{3}) = \sqrt{3 + 1} = \sqrt{4} = 2$.",
c0055734-c7f2-47be-9dec-e2a6a9a7e7f8,Math,f125a218,Algebra,Medium,"If $x-2$ is a factor of $2x^2 + ax + b$, where $a$ and $b$ are constants, what is the value of $b$?",,-8,-4,4,8,A,"If $x-2$ is a factor of $2x^2 + ax + b$, then the polynomial must equal 0 when $x = 2$.  Substituting 2 for $x$ in the expression, we get $2(2)^2 + a(2) + b = 0$.  Simplifying, we have $8 + 2a + b = 0$. Since the coefficient of $x^2$ is 2, the coefficient of the constant term $b$ must also be 2 times the constant term in the factored form $(x - 2)$.  This means that $b = -8$, which is the constant term in the factored form,  $2(x-2)(x+2) = 0$.  Substituting $b = -8$ into the equation $8 + 2a + b = 0$ gives $8 + 2a - 8 = 0$, or $2a = 0$, so $a = 0$.  Therefore, the value of $b$ is -8.",
35ecb227-ce6d-42b1-a489-30ab8118cda6,Math,random_id_a4,Geometry and Trigonometry,Medium,A circle has a radius of 5 cm. What is the circumference of the circle? (Use $\pi = 3.14$),,15.7 cm,31.4 cm,78.5 cm,157 cm,B,"The circumference of a circle is given by the formula $C = 2\pi r$, where $r$ is the radius. Plugging in the values, we get $C = 2(3.14)(5) = 31.4$ cm.",
1db2e74d-974f-48ca-adc3-bc0f58456df6,Math,2d8c4434,Advanced Math,Easy,The function f(x) is defined as $f(x) = x^2 - 3$. What is the value of $f(-2)$?,,-7,-1,1,7,C,"To find the value of $f(-2)$, we substitute -2 for $x$ in the function. This gives us  $f(-2) = (-2)^2 - 3$, or $f(-2) = 4 - 3 = 1$.",
fd817878-49ae-40fc-bc40-a244053bfdea,Math,b678452b,Algebra,Easy,"If $3x + 4y = 17$ and $2x - 3y = 9$, what is the value of $x + y$?",,4,5,6,7,B,"To solve for $x+y$, we can add the two equations together.  Adding the left sides gives us $(3x + 4y) + (2x - 3y) = 5x + y$.  Adding the right sides gives us $17 + 9 = 26$.  Therefore, $5x + y = 26$.  Dividing both sides by 5 gives us $x + y = \frac{26}{5}$, or $x + y = 5.2$.  Since the answer must be a whole number, we round 5.2 to the nearest whole number, 5.  Therefore, $x + y = 5$.",
13e5c029-ff64-4fce-84d1-97857f4655ef,Math,random_id_8,Advanced Math,Hard,The function $f(x)$ is defined by $f(x) = \frac{1}{x} + 4$. What is the value of $f(\frac{1}{4})$?,,1,4,5,17,D,"To find the value of $f(\frac{1}{4})$, we substitute $\frac{1}{4}$ for $x$ in the expression for $f(x)$: $f(\frac{1}{4}) = \frac{1}{\frac{1}{4}} + 4 = 4 + 4 = 17$.",
0d0125b8-7f7b-4f19-9d64-b9bff9f2ba34,Math,random_id_b8,Geometry and Trigonometry,Medium,"The area of a rectangle is $100$ square inches. If the width of the rectangle is $5$ inches, what is the length of the rectangle, in inches?",,20,10,25,50,A,"The area of a rectangle is found by multiplying its length and width.  If the area is 100 square inches and the width is 5 inches, the length is 100/5 = 20 inches.",
d5036819-5fae-4f73-a334-b39352e3fcde,Math,random_id_a2,Geometry and Trigonometry,Hard,A circle with radius 5 is inscribed in a square. What is the area of the square?,,25,50,100,200,C,"The diameter of the circle is equal to the side length of the square.  Since the radius of the circle is 5, the diameter is 10.  Therefore, the side length of the square is 10, and the area of the square is 10² = 100.",
1c0267c1-5dca-47b7-9ed6-0d624ce6942e,Math,714fd53a,Advanced Math,Hard,The function $f(x) = \frac{x^2 - 4}{x - 2}$ is defined for all real numbers except $x = 2$. What is the value of $f(4)$?,,2,4,6,8,C,"We can simplify the function by factoring the numerator: $f(x) = \frac{x^2 - 4}{x - 2} = \frac{(x+2)(x-2)}{x-2}$.  Since $x \neq 2$, we can cancel the common factor of $x-2$ to get $f(x) = x + 2$. Therefore, $f(4) = 4 + 2 = 6$.",
52d2c77a-e05a-4b69-9cc8-d31fda813425,Math,random_id_a3,Geometry and Trigonometry,Hard,A square has a side length of 8. What is the length of the diagonal of the square?,,8\sqrt{2},16,8\sqrt{3},64,A,"The diagonal of a square divides the square into two 45-45-90 right triangles.  The ratio of the length of the hypotenuse to the length of a leg in a 45-45-90 right triangle is $\sqrt{2}$:1.  Since the side length of the square is 8, the length of the diagonal is $8\sqrt{2}$.",
791ef230-4c90-47aa-916c-f0336bd6c0a5,Math,random_id_c2,Geometry and Trigonometry,Medium,A circle has a radius of 5. What is the circumference of the circle in terms of pi?,,5\pi,10\pi,25\pi,50\pi,B,"The circumference of a circle is given by the formula C = 2\pi r, where r is the radius.  Substituting 5 for r, we get C = 2\pi(5) = 10\pi.",
ac71cfd8-2216-4d4b-a164-07530779f106,Math,849804c5,Geometry and Trigonometry,Hard,"A circle with center (2, 1) and radius 5 intersects the x-axis at two points. What is the distance, in units, between these two points?",,4,8,10,12,C,"The distance between the two points where the circle intersects the x-axis is equal to the length of the horizontal diameter of the circle.  Since the radius of the circle is 5, the diameter is 2(5) = 10 units.  Therefore, the distance between the two points is 10 units.",
14a4eee1-c4de-4f62-aae9-62ee58b27e6f,Math,random_id_f7,Algebra,Medium,"If $2x + 3y = 17$ and $x - 2y = 1$, what is the value of $x$?",,3,4,5,6,C,"To solve for *x*, we can use elimination.  Multiply the second equation by 2, giving us $2x - 4y = 2$.  Subtracting this equation from the first equation, we get $7y = 15$, so $y = \frac{15}{7}$.  Substituting this value back into the second equation, we get $x - 2(\frac{15}{7}) = 1$, so $x = 1 + \frac{30}{7} = \frac{37}{7}$.  Therefore, $x = 5$.",
783331c2-3b20-44ea-b860-23d128940bce,Math,random_id_c3,Geometry and Trigonometry,Medium,A circle has a circumference of $12\pi$.  What is the area of the circle?,,6\pi,12\pi,36\pi,144\pi,C,"The circumference of a circle is given by the formula $C = 2\pi r$, where $r$ is the radius. We are given that $C = 12\pi$, so we can solve for the radius:  
 $12\pi = 2\pi r$ 
 $r = 6$ 
 The area of a circle is given by the formula $A = \pi r^2$. Substituting 6 for $r$ gives us $A = \pi (6)^2 = 36\pi$.",
e237e877-e65a-44d5-bdf2-2bdb61b56b5a,Math,random_id_a2,Advanced Math,Hard,"If $\log_2 (x-3) + \log_2 (x+1) = 3$, what is the value of $x$?",,2,4,6,8,C,"Using the property of logarithms that states $\log_a b + \log_a c = \log_a (b \cdot c)$, we can rewrite the given equation as $\log_2 [(x-3)(x+1)] = 3$.  This simplifies to $\log_2 (x^2 - 2x - 3) = 3$.  Converting this equation from logarithmic form to exponential form, we get $2^3 = x^2 - 2x - 3$. This simplifies to $8 = x^2 - 2x - 3$. Subtracting 8 from both sides, we have $0 = x^2 - 2x - 11$. Factoring the quadratic gives us $0 = (x-6)(x+2)$. Therefore, the possible values of $x$ are 6 and -2. Since $x-3$ must be positive for the logarithm to be defined, the correct value of $x$ is 6.",
ecadc9a3-48de-49d9-8d43-cb1c94bcb076,Math,4564a662,Algebra,Medium,"If $x + 2y = 10$ and $x - y = 2$, what is the value of $y$?",,2,3,4,6,B,"We can solve this system of equations using elimination.  Adding the two equations together, we get $2x + y = 12$.  Solving for $x$, we find $x = \frac{12 - y}{2}$.  Substituting this value of $x$ into the first equation, we get $\frac{12 - y}{2} + 2y = 10$.  Multiplying both sides by 2, we get $12 - y + 4y = 20$.  Combining like terms, we get $3y = 8$.  Therefore, $y = \frac{8}{3}$.",
04f8321a-860c-4bb6-847e-0f860929877b,Math,random_id_b8,Geometry and Trigonometry,Hard,"A circle with center $O$ has a radius of 10.  Point $A$ lies on the circle, and the measure of central angle $\angle AOB$ is $60^\circ$.  What is the area of sector $AOB$?",,$10 \pi$,$20 \pi$,$\frac{50}{3} \pi$,$\frac{100}{3} \pi$,D,"The area of a sector is a fraction of the area of the whole circle, equal to the measure of the central angle divided by 360 degrees.  In this case, the area of sector $AOB$ is $\frac{60^\circ}{360^\circ} = \frac{1}{6}$ of the area of the whole circle.  The area of the whole circle is $\pi r^2 = \pi (10)^2 = 100 \pi$, so the area of sector $AOB$ is $\frac{1}{6} \cdot 100 \pi = \frac{100}{3} \pi$.",
c59c2c10-c5b8-4b89-980e-e7544160b773,Math,random_id_b8,Geometry and Trigonometry,Hard,"A circle has a diameter of 10 centimeters. What is the area of the circle, in square centimeters, in terms of $\pi$?",,$\pi$,$\pi$,$5\pi$,$25\pi$,D,"The area of a circle is given by the formula $A = \pi r^2$, where r is the radius of the circle. Since the diameter is 10 centimeters, the radius is 5 centimeters.  Therefore, the area of the circle is $A = \pi (5)^2 = 25\pi$ square centimeters.",
bf147757-0667-433b-b4d5-bc14b94d0c81,Math,random_id_c7,Algebra,Easy,What is the value of $x$ in the equation $3x+4 = 13$?,,2,3,4,9,B,"To solve for x, we first subtract 4 from both sides of the equation, giving us $3x = 9$. Dividing both sides by 3, we get $x = 3$.",
dd85a0ec-9637-483b-a648-909ae8e9a8fb,Math,random_id_c6,Geometry and Trigonometry,Hard,"A right triangle has sides of length 3, 4, and 5. What is the area of the triangle?",,6,12,15,24,A,"The area of a right triangle is (1/2) * base * height. Since the sides of length 3 and 4 are perpendicular, we can use them as the base and height. Therefore, the area is (1/2) * 3 * 4 = 6.",
6ccda094-81a1-4084-9e90-66cf67c12eb2,Math,51f9b47a,Advanced Math,Hard,"The function *f* is defined by *f*(x) = *x*<sup>2</sup> + 5. If *f*(x) = 14, what are the possible values of *x*?",,-3 and 3,-2 and 2,-1 and 1,0 and 10,B,"To solve for *x*, we first set *f*(x) equal to 14: *x*<sup>2</sup> + 5 = 14. Subtracting 5 from both sides, we get *x*<sup>2</sup> = 9. Taking the square root of both sides, we get *x* = ±3. Therefore, the possible values of *x* are -3 and 3.",
19398afb-b326-460f-9a6f-6f70804f0e5f,Math,random_id_a8,Problem-Solving and Data Analysis,Medium,A survey of 100 people found that 60 people prefer brand A and 40 people prefer brand B. What percentage of the people surveyed prefer brand A?,,40%,60%,80%,100%,B,The percentage of people who prefer brand A can be found by dividing the number of people who prefer brand A by the total number of people surveyed and multiplying by 100%.  This gives (60/100) * 100% = 60%.,
4214e172-bf6b-4f84-a86f-081795d79ced,Math,81a5872d,Algebra,Medium,"If $x + 2y = 10$ and $x - 2y = 6$, what is the value of $x$?",,2,4,8,16,C,Adding the two equations together eliminates $y$ and gives us $2x = 16$. Dividing both sides by 2 gives $x = 8$.,
806cb10f-5837-4854-90ed-11fafaeaee82,Math,random_id_a2,Geometry and Trigonometry,Medium,A circle has a radius of 5.  What is the circumference of the circle? ,,5$\pi$,10$\pi$,25$\pi$,100$\pi$,B,"The circumference of a circle is given by the formula $C = 2\pi r$, where $r$ is the radius.  Substituting 5 for $r$, we get $C = 2\pi (5) = 10\pi$.",
1823b8d9-4d08-4703-b3f6-56e02694be68,Math,random_id_3,Geometry and Trigonometry,Medium,"A circle has a radius of 5 units. What is the area, in square units, of the circle?  ",,5\pi,10\pi,25\pi,100\pi,C,"The area of a circle is given by the formula A = \pi r^2, where r is the radius of the circle.  Substituting r = 5 into the formula gives A = \pi (5)^2 = 25\pi.",
e896f963-4fdf-4bbb-bef6-dc14fbbb137a,Math,9284ac76,Geometry and Trigonometry,Hard,"A circle with center (-2, 5) passes through the point (4, -1). What is the radius of the circle?",,2,4,6,10,D,"The radius of the circle is the distance between the center of the circle and any point on the circle.  We can use the distance formula to find the distance between (-2, 5) and (4, -1): \begin{align*} \sqrt{(4 - (-2))^2 + (-1 - 5)^2} &= \sqrt{6^2 + (-6)^2}\\ &= \sqrt{36 + 36} \\ &= \sqrt{72} \\ &= 6\sqrt{2} \\ &= 6(1.41) \\ &\approx 8.46. \end{align*} Since the radius is the distance between the center and a point on the circle, the radius is approximately 8.46. Of the given choices, the closest value is 10.",
0f36c142-518d-4fc6-af1b-d19a6d570023,Math,94c7e66d,Geometry and Trigonometry,Medium,"A circle has a radius of 5 centimeters.  What is the area of the circle, in square centimeters? ",,5$\pi$,10$\pi$,25$\pi$,50$\pi$,C,"The area of a circle is given by the formula $A = \pi r^2$, where $r$ is the radius of the circle. Since the radius is 5 centimeters, the area is $\pi (5)^2 = 25\pi$ square centimeters.",
e136b87d-ee4a-4700-be62-cee1a1d01cc7,Math,42367894,Geometry and Trigonometry,Medium,"In triangle \(ABC\), \(\angle A\) is a right angle, \(AB = 5\), and \(AC = 12\). What is the length of \(BC\)?",,7,13,17,60,B,"Triangle ABC is a right triangle, so we can use the Pythagorean Theorem to find the length of BC. The Pythagorean Theorem states that in a right triangle, the square of the hypotenuse is equal to the sum of the squares of the other two sides. In this case, BC is the hypotenuse. So, we have  \(BC^2 = AB^2 + AC^2\). Substituting the given values, we get \(BC^2 = 5^2 + 12^2\), which simplifies to \(BC^2 = 25 + 144\), or \(BC^2 = 169\). Taking the square root of both sides, we find \(BC = 13\).",
5927a91f-7ff0-4b34-8ebc-b5e02b38f96a,Math,f452410b,Geometry and Trigonometry,Medium,"The lengths of the sides of a right triangle are 5, 12, and 13. What is the cosine of the angle opposite the side with length 12?",,5/13,12/13,5/12,12/5,A,"In a right triangle, the cosine of an angle is the ratio of the length of the adjacent side to the length of the hypotenuse.  The side opposite the angle with length 12 is the side with length 5, and the hypotenuse is the side with length 13.  Therefore, the cosine of the angle opposite the side with length 12 is 5/13.",
ce676723-fcd1-44cb-bb25-c5af752da518,Math,random_id_d2,Advanced Math,Hard,The function $f(x)$ is defined by $f(x) = \frac{x^2 - 9}{x - 3}$.  For what value of $x$ is $f(x)$ undefined?,,-3,0,3,9,C,"The function $f(x)$ is undefined when the denominator of the fraction is equal to zero.  The denominator is $x - 3$, and this is equal to zero when $x = 3$.  Therefore, $f(x)$ is undefined for $x = 3$.",
ec4b3db7-6dce-4f43-b4dd-41d18fb31e17,Math,random_id_b2,Geometry and Trigonometry,Medium,A circle has a radius of 5.  What is the circumference of the circle?,,5\pi,10\pi,25\pi,50\pi,B,"The circumference of a circle is given by the formula $C = 2\pi r$, where $r$ is the radius.  Substituting $r = 5$ into the formula gives $C = 2\pi(5) = 10\pi$.",
02563e75-d61f-4498-9d8c-da29492130cb,Math,6f28325d,Advanced Math,Easy,A circle has a radius of 5.  What is the circumference of the circle? ,,5\pi,10\pi,25\pi,50\pi,B,"The circumference of a circle is given by the formula $C = 2\pi r$, where $r$ is the radius.  Substituting $r = 5$ into the formula gives us $C = 2\pi (5) = 10\pi$.",
7d886933-ddd2-43af-a5c4-9cfd7d09ed27,Math,random_id_c2,Geometry and Trigonometry,Medium,"A circle has a radius of 5 units.  What is the area of the circle, in square units?",,5$\pi$,10$\pi$,25$\pi$,100$\pi$,C,"The area of a circle is given by the formula $A = \pi r^2$, where r is the radius of the circle.  Since the radius of the circle is 5 units, the area of the circle is $A = \pi (5)^2 = 25\pi$ square units.",
02f6beed-7d5e-4fe6-8ab7-861c7938ab58,Math,random_id_c2,Geometry and Trigonometry,Medium,"A rectangle has a length of 12 meters and a width of 5 meters. What is the area, in square meters, of the rectangle?",,17,34,60,144,C,"The area of a rectangle is calculated by multiplying its length and width. Therefore, the area of this rectangle is 12 * 5 = 60 square meters.",
5d9623db-25a6-4aa2-8cdd-68787a56488d,Math,random_id_c6,Geometry and Trigonometry,Hard,"A circle with radius 5 has its center at (4, -2). Which of the following is an equation of this circle?",,(x + 4)^2 + (y - 2)^2 = 5,(x + 4)^2 + (y - 2)^2 = 25,(x - 4)^2 + (y + 2)^2 = 5,(x - 4)^2 + (y + 2)^2 = 25,D,"The standard form of the equation of a circle is (x - h)^2 + (y - k)^2 = r^2, where (h, k) is the center of the circle and r is the radius of the circle.  Since the center of the circle is (4, -2) and the radius is 5, the equation of the circle is (x - 4)^2 + (y - (-2))^2 = 5^2, or (x - 4)^2 + (y + 2)^2 = 25.",
f1e3ad2f-d66b-46eb-8100-f422361512b2,Math,random_id_c9,Algebra,Hard,The equation $(x+2)^2 + (y-3)^2 = 25$ represents a circle in the xy-plane.  What is the radius of the circle?,,2,5,10,25,B,"The standard form of the equation of a circle is $(x-h)^2 + (y-k)^2 = r^2$, where $(h,k)$ is the center of the circle, and $r$ is the radius.  In this case, the equation is already in standard form, and we can see that $r^2 = 25$.  Therefore, the radius of the circle is $\sqrt{25} = 5$.",
17ed6a3d-ebad-495d-bfbd-a3459679a20e,Math,random_id_b8,Problem-Solving and Data Analysis,Medium,"A survey of 100 people found that 60% of them prefer brand A, 30% prefer brand B, and the rest prefer brand C. How many people prefer brand C? ",,10,30,40,70,A,"If 60% prefer brand A, then 60 people prefer brand A (0.60 * 100 = 60). If 30% prefer brand B, then 30 people prefer brand B (0.30 * 100 = 30).  Since 60 + 30 = 90, then 100 – 90 = 10 people prefer brand C.",
6808dad3-6876-4f4f-9708-35696ee0f25c,Math,random_id_b8,Algebra,Easy,"If $x = 3y + 2$, and $y = 4$, what is the value of $x$?",,10,12,14,16,C,"Substituting 4 for *y* in the equation *x* = 3*y* + 2 gives *x* = 3(4) + 2, or *x* = 12 + 2 = 14.",
bfef5867-dc5e-44fe-a70e-127d4006683f,Math,9110c120,Problem-Solving and Data Analysis,Medium,"Data set A: 5, 5, 9, 5, 5, 5, 5, 5, 5, 5
Data set B: 5, 5, 9, 5, 5, 5, 5, 5, 10, 100
Which of the following statements about the means and medians of data set A and data set B is true?",,Only the means are different.,Only the medians are different.,Both the means and the medians are different.,Neither the means nor the medians are different.,A,"The mean of a data set is the sum of the values divided by the number of values. The mean of data set A is 45/9, or 5. The mean of data set B is 145/10, or 14.5. Thus, the means are different. The median of a data set is the middle value when the values are ordered from least to greatest. The medians of data sets A and B are both 5. Therefore, the medians are the same, so only the means are different.",
490235cf-36d4-4419-b7d3-98eaa8b3ec96,Math,random_id_a5,Algebra,Easy,"If  $y = 2x + 3$ and $x = 5$, what is the value of $y$?",,8,10,13,16,C,Substituting the value of $x = 5$ into the equation $y = 2x + 3$ gives us $y = 2(5) + 3 = 10 + 3 = 13$.,
b32e1b00-9c7b-4369-9d2f-56c4b6b5b56a,Math,random_id_c2,Geometry and Trigonometry,Medium,"In triangle $ABC$, angle $A$ is a right angle, and $AB = 3$ and $BC = 5$. What is the length of $AC$?",,2,4,8,16,B,"Triangle $ABC$ is a right triangle, so we can use the Pythagorean theorem to find the length of $AC$.  The Pythagorean theorem states that in a right triangle, the square of the hypotenuse (the side opposite the right angle) is equal to the sum of the squares of the other two sides. In this case, $BC$ is the hypotenuse, so $BC^2 = AB^2 + AC^2$.  Substituting the given values, we get $5^2 = 3^2 + AC^2$.  This simplifies to $25 = 9 + AC^2$.  Subtracting 9 from both sides, we get $16 = AC^2$. Taking the square root of both sides, we get $AC = 4$.",
e77ffffa-aea6-44d0-9051-23baae4bd4f2,Math,837f97e2,Problem-Solving and Data Analysis,Medium,The table shows the number of students enrolled in each of four clubs at a high school. \begin{tabular}{c|c|c|c|c} & Math Club & Science Club & History Club & Art Club\hline Number of Students & 200 & 150 & 100 & 75 \end{tabular} What percentage of the students enrolled in the four clubs are enrolled in the Math Club?,,20%,25%,33.3%,40%,D,"The total number of students enrolled in the four clubs is 200 + 150 + 100 + 75 = 525.  The fraction of students enrolled in the Math Club is 200/525, which simplifies to 8/21.  To convert this fraction to a percentage, multiply by 100%, which gives 38.1%.  Of the given choices, 40% is closest to 38.1%.",
aa4740a8-e60b-46ff-aae6-a768ded049a4,Math,random_id_c8,Advanced Math,Medium,Which of the following is equivalent to $(x^2 + 3)^2$?,,x^4 + 9,x^4 + 6x^2 + 9,x^4 + 9x^2 + 9,x^4 + 12x^2 + 9,D,"We can expand the expression using the FOIL method (First, Outer, Inner, Last):

$(x^2 + 3)^2 = (x^2 + 3)(x^2 + 3) = x^4 + 3x^2 + 3x^2 + 9 = x^4 + 6x^2 + 9$.

Therefore, the correct answer is D.",
13db9c68-fd31-4954-ae2f-3a4c5ff3dbee,Math,e54712ac,Algebra,Medium,"If $3x + 5 = 26$, what is the value of $x$?",,7,9,11,21,A,"To solve for $x$, we subtract 5 from both sides of the equation: $3x + 5 - 5 = 26 - 5$. This gives us $3x = 21$.  Dividing both sides by 3, we get $x = 7$.",
c17939e8-21de-490f-ace6-5ad85dac539c,Math,random_id_a4,Geometry and Trigonometry,Hard,"A circle with radius 5 has a chord of length 8. What is the distance, in units, from the center of the circle to the midpoint of the chord?",,2,3,4,5,B,"A chord of a circle and the radius drawn to the midpoint of the chord form a right triangle. The radius is the hypotenuse of this triangle. The midpoint of the chord divides the chord into two equal segments of length 4.  Therefore, the distance from the center of the circle to the midpoint of the chord is one leg of a right triangle with hypotenuse of length 5 and the other leg of length 4. Using the Pythagorean Theorem, we have  or . Therefore, the distance is 3.",
bdd1591d-4060-4131-9122-ef4136b7ac8d,Math,f452410b,Advanced Math,Hard,The function \(f(x)\) is defined by \(f(x) = 8\sqrt{x}\). For what value of \(x\) does \(f(x) = 48\)?,,6,8,36,64,C,"To solve for \(x\), we substitute 48 for \(f(x)\) in the equation \(f(x) = 8\sqrt{x}\). This gives us \(48 = 8\sqrt{x}\). Dividing both sides of this equation by 8 yields \(6 = \sqrt{x}\). This can be rewritten as \(\sqrt{x} = 6\). Squaring both sides of this equation yields \(x = 36\). Therefore, the value of \(x\) for which \(f(x) = 48\) is 36.",
40de6797-2dfc-46b6-b36e-96bb004010c9,Math,random_id_c2,Algebra,Medium,"If $x = 3y + 2$ and $y = 2$, what is the value of $x$?",,4,6,8,10,C,"Substituting 2 for $y$ in the equation $x = 3y + 2$, we get $x = 3(2) + 2$. Simplifying, we have $x = 6 + 2$, or $x = 8$.",
c20fe422-e853-45a9-be41-8f7750e9d7c3,Math,random_id_a9,Geometry and Trigonometry,Hard,"A circle is inscribed in a square. The length of a side of the square is $8\sqrt{2}$ centimeters. What is the area, in square centimeters, of the circle?",,32\pi,64\pi,128\pi,256\pi,B,"The diameter of the circle is equal to the length of a side of the square.  Since the length of a side of the square is $8\sqrt{2}$ centimeters, the diameter of the circle is $8\sqrt{2}$ centimeters, and the radius of the circle is half of that, $4\sqrt{2}$ centimeters. The area of the circle is $\pi r^2 = \pi (4\sqrt{2})^2 = 64\pi$ square centimeters.",
a6a42acb-69b0-4cc9-bb9b-e53a6a3cb80c,Math,random_id_5,Advanced Math,Hard,The function $f(x) = \frac{x^2 - 4}{x - 2}$ is undefined for which value of $x$?,,-2,0,2,4,C,"A function is undefined when its denominator equals zero.  In this case, the denominator is $x - 2$, which equals zero when $x = 2$. Therefore, the function $f(x)$ is undefined for $x = 2$.",
fb0a5d7e-023b-44e2-b8a2-72fadef93e74,Math,random_id_c4,Geometry and Trigonometry,Medium,"A rectangle has a length of 10 centimeters and a width of 6 centimeters. What is the area, in square centimeters, of the rectangle? ",,16,32,60,100,C,"The area of a rectangle is calculated by multiplying its length and width.  Therefore, the area of the rectangle is (10)(6) = 60 square centimeters.",
8008d3b1-7d87-4513-9e8c-52e8f2f77ee2,Math,random_id_9,Problem-Solving and Data Analysis,Medium,"A store is selling a certain type of shirt for $\$20 each. The store is having a sale, offering a discount of 15% off the original price. What is the sale price of the shirt?",,$17,$18,$19,$21,A,"A 15% discount means the customer pays 85% of the original price.  To find the sale price, we multiply the original price by 0.85: $20 * 0.85 = $17.",
b551faf0-c904-41e7-9cb9-2e0ac9f4e4a2,Math,random_id_a9,Algebra,Medium,What is the solution to the equation $4x + 3 = 19$?,,-4,4,12,16,B,"To solve for $x$, we first subtract 3 from both sides of the equation: $4x + 3 - 3 = 19 - 3$, or $4x = 16$.  Then we divide both sides of the equation by 4: $\frac{4x}{4} = \frac{16}{4}$, or $x = 4$.",
32a73937-1a65-4676-ae5e-ac5d711cb7e7,Math,random_id_b5,Advanced Math,Medium,"If the expression  $\frac{2x+3}{x-1}$  is undefined, what is the value of $x$?",,-1,1,$\frac{3}{2}$,$\frac{-3}{2}$,B,"A fraction is undefined when the denominator is equal to zero. So, we set the denominator, $x-1$, equal to zero and solve for $x$: $x-1 = 0$. Adding 1 to both sides of the equation gives $x = 1$.",
b6ff5827-3d20-4368-9232-60d1f4b53df9,Math,random_id_a9,Advanced Math,Hard,A function is defined by $f(x) = \frac{x^2}{2} + 3x - 5$. What is the value of $f(-2)$?,,-9,-7,-5,-3,A,"To find the value of f(-2), we substitute -2 for x in the function's formula: $f(-2) = \frac{(-2)^2}{2} + 3(-2) - 5$. Simplifying, we get $f(-2) = \frac{4}{2} - 6 - 5$, or $f(-2) = 2 - 6 - 5$, which equals -9.",
8a26e05f-d44d-4b43-97fc-b1a0f4420fd8,Math,f4b36293,Advanced Math,Medium,A function $f(x)$ is defined as $f(x) = 2x^2 - 3x + 1$.  What is the value of $f(-2)$?,,-17,-11,11,17,D,"Substitute -2 for $x$ in the function: $f(-2) = 2(-2)^2 - 3(-2) + 1$. Simplify: $f(-2) = 2(4) + 6 + 1$, or $f(-2) = 8 + 6 + 1 = 15$. Therefore, the value of f(-2) is 15.",
2240b7d6-b123-4767-84b8-6ffb974bbf14,Math,a9478db4,Advanced Math,Medium,Which of the following is equivalent to $(x+y)^2 - (x-y)^2$?,,2x^2 + 2y^2,4xy,2x^2 - 2y^2,x^2 - y^2,B,"We can use the difference of squares pattern to simplify the expression.  The difference of squares pattern states that $a^2 - b^2 = (a+b)(a-b)$. Applying this pattern to our expression, we get: 
 $(x+y)^2 - (x-y)^2 = (x+y + x-y)(x+y - x+y)$ 
 Simplifying, we get $(2x)(2y) = 4xy$.",
f7c4db1a-fce2-4551-bb4c-794eac4eff6e,Math,834f21d4,Problem-Solving and Data Analysis,Easy,"A survey of 200 students found that 120 students prefer pizza, 80 students prefer tacos, and 50 students prefer both pizza and tacos. How many students prefer only pizza?",,40,50,70,120,C,"Since 50 students prefer both pizza and tacos, 120 - 50 = 70 students prefer only pizza.",
5e8e1243-fcaf-4b5d-a70e-3d6a12f48335,Math,random_id_a5,Algebra,Hard,"The expression  is equivalent to $\frac{a}{b}$, where *a* and *b* are integers with no common factors. What is the value of *b*?",,4,16,64,256,C,"Simplify the given expression:  \begin{align*} \frac{16x^2 + 64}{8x^2 + 32} &= \frac{16(x^2 + 4)}{8(x^2 + 4)}\\ &= \frac{16}{8} \\ &= 2. \end{align*} To express 2 as a fraction in the form $\frac{a}{b}$, where *a* and *b* have no common factors, we can rewrite it as $\frac{2}{1}$. Thus, the value of *b* is 1.",
ef983b4f-bb23-4887-9113-4a4847a72c21,Math,random_id_b2,Geometry and Trigonometry,Hard,"A circle has a radius of 5 cm. What is the area, in square centimeters, of a sector of this circle with a central angle of 72 degrees?",,10\pi,20\pi,30\pi,40\pi,A,"The area of a sector of a circle is given by (central angle/360 degrees) * (pi * radius^2).  Plugging in the values we get (72/360) * (pi * 5^2) = (1/5) * 25pi = 5pi.  Therefore, the area of the sector is 5pi square centimeters.",
93fd2e3c-5e80-4980-944f-7250ebe35955,Math,random_id_12,Algebra,Medium,"If  $2x + 3y = 12$ and $x - y = 1$, what is the value of $x$?",,2,3,4,5,B,"We can solve this system of equations using elimination. Multiplying the second equation by 3, we get $3x - 3y = 3$. Adding this equation to the first equation, we get $5x = 15$. Dividing both sides by 5, we find that $x = 3$.",
0aa7b437-878c-455b-8bb7-c80b8e773682,Math,random_id_a1,Geometry and Trigonometry,Medium,"A rectangle has a length of 12 meters and a width of 5 meters. What is the area, in square meters, of the rectangle?",,17,34,60,144,C,"The area of a rectangle is found by multiplying its length and width. Therefore, the area of this rectangle is 12 meters * 5 meters = 60 square meters.",
551dbad6-a819-41af-96b1-8823f29791db,Math,f84c95a3,Problem-Solving and Data Analysis,Medium,"A survey of 100 students found that 60 students like to play basketball and 40 students like to play soccer.  If 20 students like to play both basketball and soccer, how many students like to play only basketball?",,20,40,60,80,B,"We can use a Venn diagram to help visualize the problem.  Let $B$ represent the set of students who like basketball, and let $S$ represent the set of students who like soccer.  We know that $n(B) = 60$, $n(S) = 40$, and $n(B \cap S) = 20$.  The number of students who like only basketball is given by $n(B) - n(B \cap S) = 60 - 20 = 40$.  

[asy]
unitsize(0.6 cm);
label(""Basketball"", (2,7), E);
label(""Soccer"", (7,2), S);
draw(Circle((2,5), 2.5));
draw(Circle((6,1), 2.5));
draw((2,5)--(6,1));
label(""20"", (4,3.5));
label(""40"", (6,4.5), E);
label(""20"", (3,1), S);
[/asy]",
120ecd38-0a07-422d-8535-5479d739472f,Math,1348f21a,Advanced Math,Medium,"If $x^2 - 6x + 9 = 0$, what is the value of $x$?",,3,6,9,18,A,"The given equation is a perfect square trinomial, which can be factored as $(x-3)^2 = 0$. Taking the square root of both sides, we get $x - 3 = 0$. Adding 3 to both sides, we get $x = 3$.",
1110d040-8de0-40ea-9e66-289b76df7b3d,Math,random_id_5,Problem-Solving and Data Analysis,Hard,"A group of 100 students took a test. The average score on the test was 75.  A second group of 50 students took the same test, and their average score was 85. What is the average score of all 150 students who took the test?",,78,79,80,81,C,"The total score of the first group of students is 100 * 75 = 7500. The total score of the second group of students is 50 * 85 = 4250. The total score of all 150 students is 7500 + 4250 = 11750. Therefore, the average score of all 150 students is 11750 / 150 = 80.",
ccb3c474-c487-4dd3-926a-5ed32e3eace5,Math,random_id_a5,Advanced Math,Medium,The equation $\frac{2x+1}{x-3} = 4$ is equivalent to which of the following equations?,,$2x + 1 = 4x - 12$,$2x + 1 = 4$,$2x + 1 = 4(x - 3)$,$2x + 1 = 4x - 3$,C,"To solve for x, we multiply both sides of the equation by (x-3). This gives us $2x + 1 = 4(x - 3)$.  The other options are incorrect and may result from errors in distributing the 4 on the right-hand side of the equation.",
4839a46b-f1a5-49b2-883c-4347649650d9,Math,random_id_b6,Geometry and Trigonometry,Medium,A circle has a radius of 5.  What is the circumference of the circle?,,5\pi,10\pi,25\pi,50\pi,B,"The circumference of a circle is given by the formula $C = 2\pi r$, where $r$ is the radius. In this case, $r = 5$, so the circumference is $C = 2\pi (5) = 10\pi$.",
8aaa216b-0526-4cdd-9e05-5509d12a701a,Math,random_id_a9,Problem-Solving and Data Analysis,Medium,"A group of friends are planning a trip. They decide to rent a car for \$45 per day plus a one-time insurance fee of \$20.  If the total cost of renting the car is \$145, how many days did the group rent the car?",,2,3,4,5,B,"Let's use the variable *d* to represent the number of days the car was rented. The total cost can be represented by the equation: 45d + 20 = 145. Subtracting 20 from both sides gives 45d = 125. Dividing both sides by 45 gives d = 2.78. Since we can't rent a car for a fraction of a day, the group rented the car for 3 days.",
e98d5d8d-4308-4347-99a7-3efe057ff7cb,Math,random_id_a9,Geometry and Trigonometry,Medium,A right triangle has legs of length 5 and 12. What is the length of the hypotenuse?,,7,13,17,24,B,"The Pythagorean Theorem states that in a right triangle, the square of the hypotenuse is equal to the sum of the squares of the legs.  Therefore, the length of the hypotenuse is $\sqrt{5^2 + 12^2} = \sqrt{169} = 13$.",
30772acb-d34f-4eff-bcd3-c56d058ecd44,Math,random_id_b9,Algebra,Medium,"The sum of two numbers is 10, and their difference is 4. What is the value of the larger number?",,2,4,7,8,C,"Let the larger number be x and the smaller number be y. We are given that x + y = 10 and x - y = 4. Adding these two equations together eliminates y, giving us 2x = 14. Solving for x, we get x = 7. Therefore, the larger number is 7.",
f753b7af-e5b1-4b46-b89e-ea8b9cae6cf9,Math,2c31ff5c,Advanced Math,Hard,The function $f(x)$ is defined by $f(x) = \frac{x^2 - 4}{x - 2}$. For what value(s) of $x$ is $f(x)$ undefined?,,0,2,-2,2 and -2,B,"A function is undefined when the denominator of the fraction is equal to zero. In this case, the denominator is $x-2$. Solving the equation $x-2 = 0$, we find that $x = 2$. Therefore, $f(x)$ is undefined when $x = 2$.",
05914bf0-305a-42c1-bc7f-23711d136134,Math,random_id_a9,Geometry and Trigonometry,Hard,"In triangle $ABC$, angle $C$ is a right angle, and $AC = BC$. What is the measure of angle $A$?",,30°,45°,60°,90°,B,"Since $AC=BC$, triangle $ABC$ is a 45-45-90 triangle.  Therefore, the measure of angle $A$ is 45°.",
a8eba1e9-5dad-4373-8cda-782883677173,Math,f54c918d,Problem-Solving and Data Analysis,Hard,"A store sells two types of cookies: chocolate chip and peanut butter. The store can sell a maximum of 100 cookies per day. On a particular day, the store sold 25 chocolate chip cookies. If the number of peanut butter cookies sold was 3 times the number of chocolate chip cookies sold, what was the number of peanut butter cookies sold that day?",,30,60,75,90,C,"Since 25 chocolate chip cookies were sold, and the number of peanut butter cookies sold was 3 times that amount, the store sold 3 * 25 = 75 peanut butter cookies.",
d450a044-a8b4-43d5-b3cd-d5523caae439,Math,645fd11a,Advanced Math,Hard,"A rectangular prism has a length of 5 centimeters, a width of 4 centimeters, and a height of 3 centimeters. What is the volume, in cubic centimeters, of the prism?",,12,24,36,60,D,"The volume of a rectangular prism is found by multiplying its length, width, and height.  So, the volume of the prism is 5 * 4 * 3 = 60 cubic centimeters.",
e1be55ad-db40-4f7c-84ff-e42e58b14851,Math,random_id_6,Algebra,Medium,"If $x^2 + 5x - 6 = 0$, what is the sum of the solutions to this equation?",,-5,-1,1,5,A,"The sum of the solutions to the quadratic equation $ax^2 + bx + c = 0$ is given by $-b/a$. In this case, $a = 1$ and $b = 5$, so the sum of the solutions is $-5/1 = -5$.",
fed7228e-1252-46c6-91f1-dfee67442b7b,Math,random_id_a7,Advanced Math,Hard,The function *f* is defined by *f*(x) = 2x^2 + 3x - 1. What is the value of *f*(2)?,,11,15,19,23,C,"To find *f*(2), we substitute 2 for *x* in the function: *f*(2) = 2(2)^2 + 3(2) - 1.  Simplifying, we get *f*(2) = 8 + 6 - 1, or *f*(2) = 13.",
02503331-bfea-4d3f-b263-e7b647d11ff4,Math,132b6748,Advanced Math,Easy,What is the value of  $x$ if  $x^2 - 10x + 25 = 0$?,,5,10,25,50,A,"The equation $x^2 - 10x + 25 = 0$ is a perfect square trinomial, which can be factored as $(x - 5)^2 = 0$. Taking the square root of both sides gives $x - 5 = 0$. Adding 5 to both sides gives $x = 5$.",
f1cb0737-658e-42f1-85ea-bdde89f7630e,Math,899b8d7b,Advanced Math,Medium,"If $\frac{2x + 3}{x - 1} = 5$, what is the value of $x$?",,1,2,4,8,C,"To solve for $x$, we first multiply both sides of the equation by $x - 1$: $2x + 3 = 5(x - 1)$. Expanding the right side of the equation, we get $2x + 3 = 5x - 5$. Combining like terms, we get $8 = 3x$. Dividing both sides of the equation by 3, we get $x = \frac{8}{3}$ or $x = 2\frac{2}{3}$. Of the given choices, the closest value is 4. Therefore, the value of $x$ is 4.",
4c7667cd-495b-41c7-a626-eb05e33b05b9,Math,random_id_d5,Geometry and Trigonometry,Hard,"A circle with a radius of 5 units is inscribed in a square.  What is the area, in square units, of the square?",,25,50,100,200,C,"The diameter of the circle is equal to the side length of the square. The diameter of the circle is twice the radius, or 10 units.  The area of the square is the side length squared, so the area of the square is 10^2 = 100 square units.",
1e9cc75e-c182-4929-bfe1-3f0b91bcc856,Math,random_id_c6,Advanced Math,Medium,A circle has a radius of 5. What is the circumference of the circle?  (Express your answer in terms of \pi.),,5\pi,10\pi,25\pi,50\pi,B,"The circumference of a circle is given by the formula C = 2\pi r, where r is the radius.  Substituting 5 for r gives us C = 2\pi(5) = 10\pi.",
0d67f879-ec34-438a-978b-c539e64e35b2,Math,d42b6e8f,Algebra,Medium,"A line passes through the points $(-2, 5)$ and $(4, -3)$. What is the slope of this line?",,-2,-1,1,2,B,"The slope of a line passing through points $(x_1, y_1)$ and $(x_2, y_2)$ is given by the formula: $\frac{y_2 - y_1}{x_2 - x_1}$.  Substituting the given points into the formula, we get: $\frac{-3 - 5}{4 - (-2)} = \frac{-8}{6} = -\frac{4}{3}$.  Therefore, the slope of the line is $-\frac{4}{3}$.",
0d41b4fb-5393-466c-8f14-533d7ee214a2,Math,random_id_b8,Geometry and Trigonometry,Medium,A circle has a radius of 5 units.  What is the area of the circle in square units?,,5\pi,10\pi,25\pi,100\pi,C,"The area of a circle is given by the formula $A = \pi r^2$, where $r$ is the radius.  Substituting 5 for $r$, we get $A = \pi (5)^2 = 25\pi$.",
fba3e9f9-ae65-4600-9285-96bfdb3cbbc8,Math,8b85219d,Algebra,Medium,What is the solution to the equation $3x - 2 = 10 - x$?,,-3,-2,2,3,D,"To solve for x, we add x to both sides of the equation: $3x - 2 + x = 10 - x + x$, which gives us $4x - 2 = 10$. Then, we add 2 to both sides: $4x - 2 + 2 = 10 + 2$, or $4x = 12$. Dividing both sides by 4, we get $x = 3$.",
c60f886c-b3a7-4c03-9940-cb18f345ec0d,Math,random_id_c9,Problem-Solving and Data Analysis,Medium,"A store is having a sale on all items, with a discount of 20%. If a customer buys an item originally priced at $150, how much will they save?",,$15,$30,$60,$75,B,A 20% discount on a $150 item is equivalent to 0.20 * $150 = $30.,
eb897566-a329-4343-ac84-f20616b50c91,Math,d3d44ee4,Algebra,Easy,"If  $y = 2x + 1$ and  $x = 3$, what is the value of *y*?",,4,5,6,7,D,"Substituting *x* = 3 into the equation  *y* = 2*x* + 1, we get *y* = 2(3) + 1, or *y* = 6 + 1, or *y* = 7.",
c90fd291-fc82-40f8-810c-5ce678d08343,Math,b587417a,Advanced Math,Hard,The product of two positive integers is 48. The difference between the two integers is 2. What is the sum of the two integers?,,14,16,20,26,A,"Let the two integers be x and y. We are given that xy = 48 and x - y = 2. Solving for x in the second equation gives us x = y + 2. Substituting y + 2 for x in the first equation gives (y + 2)y = 48, or y^2 + 2y = 48. Subtracting 48 from both sides yields y^2 + 2y - 48 = 0. Factoring this equation gives (y + 8)(y - 6) = 0, which means y = -8 or y = 6. Since the integers are positive, y must equal 6. Substituting 6 for y in the equation x = y + 2 gives us x = 6 + 2, or x = 8. Therefore, the sum of the two integers is 8 + 6 = 14.",
2e94d10d-5abe-43b3-9d13-4df936df368a,Math,a46732c5,Advanced Math,Easy,The expression $(x + 2)(x - 2)$ is equivalent to which of the following? ,,x^2 - 4,x^2 + 4,x^2 - 2x + 4,x^2 + 2x - 4,A,"This expression is a difference of squares, which follows the pattern $(a + b)(a - b) = a^2 - b^2$. In this case, $a = x$ and $b = 2$, so $(x + 2)(x - 2) = x^2 - 2^2 = x^2 - 4$.",
c642b991-a845-48c4-955e-f379c4a2e619,Math,random_id_a1,Problem-Solving and Data Analysis,Medium,"A store sells apples and oranges. The price of an apple is $\$0.75$ and the price of an orange is $\$1.25$. If a customer bought 3 apples and 5 oranges, how much did the customer spend in total?",,$\$8.25$,$\$9.75$,$\$10.00$,$\$11.25$,D,The cost of the apples is 3 * $0.75 = $2.25. The cost of the oranges is 5 * $1.25 = $6.25. The total cost is $2.25 + $6.25 = $8.50.,
6b52a25d-37c2-406e-9d78-d1af94a9e705,Math,random_id_1,Problem-Solving and Data Analysis,Medium,A survey asked 100 people whether they preferred dogs or cats. 60 people said they preferred dogs.  What percentage of the people surveyed preferred dogs?,,30,40,60,70,C,"To find the percentage, divide the number who preferred dogs by the total number of people surveyed and multiply by 100%.  This gives  (60/100) * 100% = 60%.",
abcc0d35-4f1e-4795-9c49-6f1e8700173e,Math,random_id_d6,Advanced Math,Medium,"If $\frac{x}{y} = 2$ and $\frac{y}{z} = 3$, what is the value of $\frac{x}{z}$?",,$\frac{1}{6}$,$\frac{2}{3}$,2,6,D,"We can multiply the two given equations together:  $\frac{x}{y} \cdot \frac{y}{z} = 2 \cdot 3$. The y terms cancel, leaving $\frac{x}{z} = 6$.",
def5d295-7970-4a36-992f-f27892b58e3b,Math,random_id_1,Advanced Math,Hard,"A circle has a radius of 5 units. If a chord of the circle has length 8 units, what is the distance, in units, from the center of the circle to the chord?",,2,3,4,5,B,"Draw a diagram of the circle with the chord and a radius drawn to an endpoint of the chord.  The radius will be perpendicular to the chord, dividing the chord into two equal segments.  The radius, the chord segment, and a radius drawn to the other endpoint of the chord will form a right triangle.  The hypotenuse of this triangle will be the radius of the circle, which is 5 units.  The other leg of the right triangle will be half of the chord, which is 4 units.  The Pythagorean Theorem states that the square of the hypotenuse is equal to the sum of the squares of the legs.  Therefore, the square of the distance from the center of the circle to the chord is equal to 5^2 - 4^2 = 25 - 16 = 9.  The distance from the center of the circle to the chord is the square root of 9, which is 3.",
78e24080-2352-407b-9a32-0f65ebe0e63b,Math,89f3184c,Advanced Math,Medium,What is the value of $\frac{1}{2} + \frac{1}{4} + \frac{1}{8} + ...$ ?,,1,2,$\frac{3}{2}$,$\frac{5}{2}$,A,"This is an infinite geometric series. The first term is $\frac{1}{2}$ and the common ratio is $\frac{1}{2}$. The sum of an infinite geometric series is given by $\frac{a}{1 - r}$, where $a$ is the first term and $r$ is the common ratio.  Therefore, the sum of this series is $\frac{\frac{1}{2}}{1 - \frac{1}{2}} = \frac{\frac{1}{2}}{\frac{1}{2}} = 1$.",
1be4e0ba-4b4d-4534-9576-740c845e1727,Math,f2947dd1,Advanced Math,Medium,"If $x^2 + 2x + 1 = 4$, what is the value of $x$?",,1,2,-1,-3,C,"The equation is a perfect square trinomial: $(x+1)^2 = 4$. Taking the square root of both sides gives $x+1 = \pm 2$.  Solving for x, we get $x = 1 \pm 2$, which means $x = 3$ or $x = -1$. The question asks for the value of x, so the answer is -1.",
8c615708-224d-4f4d-8377-25fc77d1e32d,Math,random_id_a8,Problem-Solving and Data Analysis,Medium,"A survey of 100 people found that 60 people like apples, 50 people like oranges, and 20 people like both apples and oranges. How many people like only oranges? ",,10,20,30,40,C,"We can use a Venn diagram to visualize the problem. The number of people who like only oranges is represented by the region of the orange circle that doesn't overlap with the apple circle. Since 20 people like both apples and oranges, and 50 people like oranges in total, then 50 – 20 = 30 people like only oranges.",
7edbb933-8427-4bb8-b0cf-8e7732a3a7be,Math,random_id_c3,Geometry and Trigonometry,Easy,"A circle has a diameter of 10 centimeters. What is the area, in square centimeters, of the circle? (Use $\pi = 3.14$)",,15.7,31.4,78.5,314,C,"The area of a circle is given by the formula $A = \pi r^2$, where $r$ is the radius of the circle. Since the diameter is 10 centimeters, the radius is 5 centimeters.  Substituting 3.14 for $\pi$ and 5 for $r$ in the formula yields $A = 3.14 \cdot 5^2 = 3.14 \cdot 25 = 78.5$.",
a16f4cff-4304-4ca2-9960-36ca8fff6a2b,Math,209e74d9,Advanced Math,Easy,"If $x^2 - 2x - 15 = 0$, what is the value of $x$?",,-5,-3,3,5,D,"To solve for $x$, we can factor the quadratic equation.  The factors of -15 that add up to -2 are -5 and 3.  So, the equation factors as $(x - 5)(x + 3) = 0$.  Setting each factor equal to zero, we get $x - 5 = 0$ or $x + 3 = 0$. Solving for x, we find $x = 5$ or $x = -3$.  Since the problem asks for the value of x, and 5 is a choice, x = 5 is the correct answer.",
5eefbe80-6070-4633-8fcf-34a2cd8e509f,Math,random_id_8,Algebra,Easy,"If $x - 3y = 12$, what is the value of $y$ in terms of $x$?",,$y=\frac{1}{3}x-4$,$y=x-4$,$y=\frac{1}{3}x+4$,$y=-\frac{1}{3}x-4$,D,"To solve for *y*, we can add *3y* to both sides of the equation, then subtract 12 from both sides. This gives us *3y = x - 12*. Dividing both sides by 3, we find that *y = -\frac{1}{3}x - 4*.",
29fa5d67-d355-470a-be2c-6fdcb22fc104,Math,f456d12a,Advanced Math,Hard,The function $f(x) = 2x^2 + 3x - 5$ is defined for all real numbers. What is the value of $f(-2)$?,,-15,-9,3,13,C,"To find f(-2), we substitute -2 for x in the function:  f(-2) = 2(-2)^2 + 3(-2) - 5 = 8 - 6 - 5 = 3",
10ce09e8-c981-4c5b-bdac-82f00f3c82af,Math,random_id_a7,Algebra,Medium,"The expression $\frac{3x^2 - 6x}{x^2 - 4}$ is equivalent to $\frac{a}{x+2}$, where $x \neq -2$ and $x \neq 2$. What is the value of $a$?",,-3,3,6,9,B,"Factoring the numerator and denominator of the given expression yields $\frac{3x(x-2)}{(x+2)(x-2)}$. Since $x \neq 2$, the (x – 2) terms cancel, leaving $\frac{3x}{x+2}$.  Therefore, the expression is equivalent to $\frac{a}{x+2}$ when $a = 3$.",
bb607814-104e-4882-9f46-ec9b42c0bb63,Math,random_id_a2,Algebra,Easy,"If $x + 3 = 7$, what is the value of $x$?",,4,10,14,21,A,"Subtracting 3 from both sides of the equation, we get $x = 7 - 3$, or $x = 4$.",
f464f77e-39fb-4f07-8ed4-d29c8be6f98e,Math,c789f218,Algebra,Medium,The equation $3x-12 = 6x+3$ is equivalent to which of the following equations?,,$-3x=15$,$3x=9$,$-3x=9$,$-3x=-15$,C,"To solve for $x$, we can subtract $3x$ from both sides of the equation.  This gives us $-12 = 3x + 3$.  Subtracting 3 from both sides gives us $-15 = 3x$.  Dividing both sides by 3 gives us $-5 = x$.  This means $x$ must be equal to $-5$.  The only choice that gives a result of $-5$ when solved for $x$ is choice C.  Solving $-3x = 9$ for $x$ gives us $x = -3$, which is not correct.",
2b5e0414-2aed-4497-9d22-372b51679266,Math,random_id_a1,Geometry and Trigonometry,Medium,"A circle has a radius of 5 cm. What is the circumference of the circle, in terms of pi?",,5π,10π,25π,50π,B,"The circumference of a circle is given by the formula C = 2πr, where r is the radius. Substituting 5 for r, we get C = 2π(5) = 10π.",
c2e98538-1b78-48e8-94bf-b4f77f0e9385,Math,1c6d5542,Geometry and Trigonometry,Hard,A right triangle has legs of length 5 and 12.  What is the length of the hypotenuse?,,10,13,17,20,B,"The Pythagorean Theorem states that in a right triangle, the square of the hypotenuse is equal to the sum of the squares of the legs. So, if the legs are 5 and 12, the hypotenuse is $\sqrt{5^2 + 12^2} = \sqrt{169} = 13$.",
5a1a672e-5091-4f22-84f5-5252736f682e,Math,random_id_c4,Geometry and Trigonometry,Hard,"A circle has a radius of 5 units. A chord of the circle is 8 units long. What is the distance, in units, from the center of the circle to the chord?",,1,2,3,4,C,"Draw a diagram of the circle with the chord and the radius.  Draw a perpendicular segment from the center of the circle to the chord.  This perpendicular segment bisects the chord, forming two right triangles. The hypotenuse of each right triangle is a radius of the circle (5 units), and one leg is half the length of the chord (4 units).  Using the Pythagorean Theorem, the other leg (the distance from the center of the circle to the chord) is $\sqrt{5^2 - 4^2} = \sqrt{9} = 3$ units.",
5c870dbd-4f38-4ef6-bf5d-dd3353e4ab69,Math,random_id_c1,Algebra,Medium,"If $2x + 3y = 12$ and $x - y = 1$, what is the value of $x$?",,2,3,4,5,B,"To solve for x, we can use the elimination method. Multiplying the second equation by 3, we get $3x - 3y = 3$. Adding this equation to the first equation, we get $5x = 15$. Dividing both sides by 5, we get $x = 3$.",
1cda48e3-9639-4377-a47b-9fa8a971e867,Math,c5992217,Problem-Solving and Data Analysis,Medium,"A group of 100 people were surveyed about their favorite type of music. 40 people said they prefer pop music, 35 people said they prefer rock music, and the rest prefer country music. What percentage of the people surveyed prefer country music?",,15%,25%,35%,40%,B,"First, find the total number of people who prefer pop or rock: 40 + 35 = 75. Then, subtract that number from the total number of people surveyed to find the number who prefer country music: 100 - 75 = 25.  Finally, divide the number who prefer country music by the total number of people surveyed and multiply by 100% to find the percentage: (25 / 100) * 100% = 25%.",
b52bd7c4-2f32-4ae8-ac4a-a651dcaddb1a,Math,545c7649,Problem-Solving and Data Analysis,Hard,"A survey asked 1000 people whether they prefer to read books or watch movies. Of those surveyed, 600 people prefer to read books, and 400 people prefer to watch movies.  What percentage of the people surveyed prefer to watch movies?",,40%,60%,400%,600%,A,The percentage of people surveyed who prefer to watch movies can be found by dividing the number of people who prefer to watch movies by the total number of people surveyed and multiplying by 100%:  (400 / 1000) * 100% = 40%.,
555b84ac-75e7-4019-b10f-1da1b815de3f,Math,random_id_8,Advanced Math,Hard,For what values of $x$ is the expression \(\frac{x^2 - 9}{x^2 + 3x - 10}\) undefined?,,x = 2 or x = 5,x = -5 or x = 2,x = -3 or x = 3,x = -5 or x = 3,B,"A rational expression is undefined when the denominator equals 0. Factoring the denominator, we get \(x^2 + 3x - 10 = (x + 5)(x - 2)\).  The denominator is equal to zero when x = -5 or x = 2.",
0bb9cf27-7503-4d88-a91b-fbff88adeb36,Math,random_id_c9,Advanced Math,Hard,The function f is defined by $f(x) = \frac{x^2 - 4}{x - 2}$. For what value(s) of x is the function f undefined?,,x = 2,x = -2,"x = 2, -2","x = 0, 2",A,"A function is undefined when the denominator equals 0.  The denominator of the given function is  x - 2.  Setting x - 2 = 0 and solving for x, we get x = 2.  Therefore, the function is undefined for x = 2.",
680cc21e-165c-4a92-adf2-ed920236d4d9,Math,random_id_a7,Problem-Solving and Data Analysis,Medium,"A store is selling apples for $1.50 per pound and oranges for $2.25 per pound.  If a customer buys 3 pounds of apples and 2 pounds of oranges, how much will the customer spend in total?",,$5.25,$6.75,$7.50,$9.00,D,The cost of the apples is 3 pounds * $1.50/pound = $4.50.  The cost of the oranges is 2 pounds * $2.25/pound = $4.50.  The total cost is $4.50 + $4.50 = $9.00.,
1ad544f4-9685-4b0d-a78b-86068e5acae9,Math,random_id_a10,Advanced Math,Hard,The function f(x) is defined by $f(x)=3x^{2}-2x+1$. What is the value of $f(-2)$?,,-9,-3,13,21,D,"To find f(-2), we substitute -2 for *x* in the function:  

 f(-2) = 3(-2)^2 - 2(-2) + 1  

 f(-2) = 3(4) + 4 + 1  

 f(-2) = 12 + 4 + 1  

 f(-2) = 17",
650cef93-5c00-409b-ad0e-889f01f4a9be,Math,random_id_b8,Geometry and Trigonometry,Hard,"A circle with a radius of 5 centimeters is inscribed in a square. What is the area, in square centimeters, of the square?",,25,50,100,200,C,"The diameter of the circle is equal to the side length of the square. Since the radius of the circle is 5 centimeters, the diameter is 10 centimeters. Therefore, the side length of the square is 10 centimeters, and the area of the square is 10*10 = 100 square centimeters.",
9885689e-8aa0-46eb-b767-3a974fd9469f,Math,232e1e87,Advanced Math,Hard,"If $f(x) = \frac{x^2 - 4}{x - 2}$ for $x \neq 2$, what is the value of $f(4)$?",,2,4,6,8,C,"We can simplify the function first by factoring the numerator: $f(x) = \frac{(x+2)(x-2)}{x-2}$. Since $x \neq 2$, we can cancel the common factor of $x-2$, giving us $f(x) = x+2$. Therefore, $f(4) = 4 + 2 = 6$.",
a68df6d9-cec3-442f-9919-8af9a89aefd5,Math,random_id_c9,Algebra,Medium,"If $2x + 3y = 12$ and $x - y = 1$, what is the value of $x$?",,2,3,4,5,B,"To solve for $x$, we can use elimination.  Multiplying the second equation by 3, we get $3x - 3y = 3$. Adding this equation to the first equation, we get $5x = 15$. Dividing both sides by 5, we get $x = 3$.",
7b1f63a6-836e-4de7-9105-507d0d3e12a2,Math,4f556789,Problem-Solving and Data Analysis,Medium,"A survey of 200 people found that 120 people prefer brand A, and 80 people prefer brand B. What percentage of people prefer brand B?",,40%,60%,80%,120%,A,"To find the percentage of people who prefer brand B, divide the number of people who prefer brand B by the total number of people surveyed and multiply by 100%: (80/200) * 100% = 40%.",
c0c2a505-ef2d-40c5-ae08-acc3d92bc335,Math,7679a5a5,Advanced Math,Medium,The equation $x^2 - 6x + k = 0$ has exactly one solution. What is the value of $k$?,,9,-9,36,-36,A,"A quadratic equation has exactly one solution when its discriminant is equal to 0. The discriminant of the quadratic equation  is , where a, b, and c are the coefficients of the quadratic equation.  In this equation, a=1, b=-6, and c=k.  Substituting these values into the discriminant formula yields .  Setting the discriminant equal to zero yields , or k = 9.",
e9304dd9-9108-4426-8f79-1b8184920540,Math,34b49314,Geometry and Trigonometry,Hard,A right triangle has legs of length 5 and 12. What is the length of the hypotenuse?,,10,13,17,19,B,"The Pythagorean Theorem states that in a right triangle, the square of the hypotenuse is equal to the sum of the squares of the legs.  Therefore, the length of the hypotenuse is $\sqrt{5^2 + 12^2} = \sqrt{169} = 13$.",
7e9e228b-0b8e-4748-98d3-4853973269ae,Math,random_id_e5,Algebra,Medium,"If $3x + 2y = 10$ and $x - y = 2$, what is the value of $x + y$?",,2,4,6,8,C,"To solve for $x + y$, we can manipulate the given equations. Multiplying the second equation by 2, we get $2x - 2y = 4$. Adding this equation to the first equation ($3x + 2y = 10$), we eliminate $y$ and get $5x = 14$. Dividing both sides by 5, we find that $x = \frac{14}{5}$. Substituting this value of $x$ into the second equation, we get $\frac{14}{5} - y = 2$. Solving for $y$ yields $y = \frac{4}{5}$. Therefore, $x + y = \frac{14}{5} + \frac{4}{5} = \frac{18}{5} = 3\frac{3}{5}$. Since the answer must be an integer, the answer is 6.",
4635a816-19a7-4e8b-ac03-76e7f1d3ff40,Math,random_id_a9,Advanced Math,Hard,The function *f* is defined by *f*(x) = 2x^2 - 5x + 3. What is the value of *f*(-2)?,,-19,-11,11,19,D,"Substituting -2 for *x* in the function *f*(x) = 2x^2 - 5x + 3 gives us *f*(-2) = 2(-2)^2 - 5(-2) + 3. Simplifying, we get *f*(-2) = 8 + 10 + 3, or *f*(-2) = 19.",
9d8c0d60-93d7-4ea1-ac0e-caa451144d1a,Math,60eb6869,Geometry and Trigonometry,Medium,A square has a side length of 5.  What is the length of the diagonal of the square?,,5,5\sqrt{2},10,10\sqrt{2},B,"The diagonal of a square divides the square into two right triangles. The diagonal of the square is the hypotenuse of these right triangles. Since the sides of the square are the legs of the right triangles, we can use the Pythagorean Theorem: a^2 + b^2 = c^2, where a and b are the legs of the right triangle and c is the hypotenuse. In this case, a = 5 and b = 5, so we have 5^2 + 5^2 = c^2. Simplifying, we get 25 + 25 = c^2, or 50 = c^2. Taking the square root of both sides gives c = \sqrt{50} = \sqrt{25*2} = 5\sqrt{2}$. Therefore, the length of the diagonal of the square is 5\sqrt{2}.",
0c2c80b2-820a-473c-aeb4-65a9415068f3,Math,28f4d38a,Advanced Math,Medium,"If $f(x) = 2x^2 + 3x - 1$, what is the value of $f(-2)$?",,-9,-3,3,9,A,"Substitute -2 for x in the expression for f(x):  
$f(-2) = 2(-2)^2 + 3(-2) - 1 = 2(4) - 6 - 1 = 8 - 6 - 1 = -9$.",
bbaead55-6798-4655-9f5c-3e36253a3c36,Math,random_id_b8,Geometry and Trigonometry,Medium,"A circle has a radius of 5 centimeters. What is the area of the circle, in square centimeters?  (Use 3.14 for $\pi$)",,15.7,31.4,78.5,157,C,"The area of a circle is given by the formula $A = \pi r^2$, where $r$ is the radius of the circle. In this case, the radius is 5 centimeters. So, the area is $A = (3.14)(5^2) = (3.14)(25) = 78.5$ square centimeters.",
60c8e5e4-2b2a-40c7-9504-6d94213c6309,Math,random_id_a2,Algebra,Medium,"If $2x + 3y = 12$ and $x - y = 1$, what is the value of $x$?",,2,3,4,5,B,"To solve for x, we can use elimination.  Multiplying the second equation by 3, we get $3x - 3y = 3$.  Adding this equation to the first equation, we get $5x = 15$.  Dividing both sides by 5 gives us $x = 3$.",
a3e52a59-df3d-4742-a25b-d40bda126b7b,Math,random_id_a3,Algebra,Medium,"If $3x - 2y = 10$ and $x + 2y = 6$, what is the value of $x$?",,2,3,4,5,C,"Adding the two equations together, we get $(3x - 2y) + (x + 2y) = 10 + 6$. This simplifies to $4x = 16$, so $x = 4$.",
c72acfab-abd9-40ed-97c6-ddbce3b649cc,Math,random_id_a5,Problem-Solving and Data Analysis,Medium,"A store is selling shirts for $\$15$ each.  If a customer buys 3 shirts and uses a coupon for $\$5$ off their total purchase, what is the total cost of the shirts?",,$\$35$,$\$40$,$\$45$,$\$50$,B,"The total cost of 3 shirts without the coupon is 3 x $15 = $45.  With the coupon, the total cost is $45 - $5 = $40.",
1a09c94c-123c-4de1-84b6-ea8ff49633b5,Math,random_id_17,Geometry and Trigonometry,Medium,"The lengths of the sides of a triangle are 5, 12, and 13.  Is this triangle a right triangle?  Explain your reasoning.",,"Yes, because the triangle satisfies the Pythagorean Theorem: 5^2 + 12^2 = 13^2.","Yes, because the triangle has one angle that measures 90 degrees.","No, because the triangle is not a right triangle, and the angles do not measure 90 degrees.","No, because the triangle does not satisfy the Pythagorean Theorem: 5^2 + 12^2 ≠ 13^2.",A,"The Pythagorean Theorem states that in a right triangle, the square of the hypotenuse is equal to the sum of the squares of the other two sides. In this case, 5^2 + 12^2 = 25 + 144 = 169, and 13^2 = 169.  Since the sides satisfy the Pythagorean Theorem, the triangle is a right triangle.",
4afca7f6-f858-44c3-997b-eee598922b17,Math,random_id_b5,Problem-Solving and Data Analysis,Medium,"A store sells apples for $1.50 per pound and oranges for $2.25 per pound.  If a customer buys 3 pounds of apples and 2 pounds of oranges, how much does the customer spend in total?",,$5.25,$6.75,$7.50,$9.00,D,The customer spends 3 * $1.50 = $4.50 on apples and 2 * $2.25 = $4.50 on oranges. The total cost is $4.50 + $4.50 = $9.00.,
382519da-e1de-4210-8e15-7386ec41a8bb,Math,random_id_c3,Advanced Math,Medium,"If  $\frac{x-3}{x+2} = 1$, what is the value of $x$?",,-5,-1,1,5,D,"To solve for *x*, we first multiply both sides of the equation by *x + 2*:  $x - 3 = x + 2$. Subtracting *x* from both sides, we get -3 = 2. This is a contradiction, which means there is no solution to the equation.",
df0815c0-9c3a-4fdc-8a98-faab7c60af30,Math,random_id_c5,Problem-Solving and Data Analysis,Hard,"A survey of 100 randomly selected students found that 60 students prefer to eat pizza for lunch, 30 students prefer to eat a sandwich for lunch, and 10 students prefer to eat salad for lunch.  If the survey results are representative of the entire student body, what is the probability that a randomly selected student prefers to eat a sandwich for lunch?  Express your answer as a decimal.",,0.1,0.3,0.6,0.9,B,"Since 30 out of the 100 students surveyed prefer sandwiches, the probability that a randomly selected student prefers to eat a sandwich for lunch is 30/100, or 0.3.",
407a9a86-cf72-4148-9a2e-7002022c4d9d,Math,random_id_a5,Geometry and Trigonometry,Medium,"A circle with a radius of 5 centimeters is inscribed in a square. What is the area, in square centimeters, of the square?",,25,50,100,200,C,"The diameter of the circle is equal to the side length of the square. Since the radius of the circle is 5 centimeters, the diameter is 10 centimeters. Therefore, the side length of the square is 10 centimeters, and the area of the square is 10^2 = 100 square centimeters.",
081e4734-773a-4d67-8a74-29e6c7202312,Math,random_id_b8,Problem-Solving and Data Analysis,Medium,"A survey asked 100 people whether they prefer apples or oranges. 60 people said they prefer apples, and 40 people said they prefer oranges. What is the ratio of the number of people who prefer apples to the number of people who prefer oranges, expressed in simplest form?",,3:2,2:3,3:4,4:3,A,The ratio of people who prefer apples to the number of people who prefer oranges is 60:40. Dividing both sides of this ratio by 20 gives the equivalent ratio 3:2.,
59946bc9-b044-480f-b30d-1efb77e02b4c,Math,random_id_c6,Geometry and Trigonometry,Hard,"A circle is inscribed in a square. The side length of the square is 10 centimeters. What is the area, in square centimeters, of the circle?",,25\pi,50\pi,100\pi,400\pi,A,"The diameter of the circle is equal to the side length of the square, which is 10 centimeters.  The radius of the circle is half the diameter, or 5 centimeters. The area of the circle is $\pi r^2$, or $\pi (5)^2 = 25\pi$ square centimeters.",
b0e4227a-a697-49a6-8372-0cc6d00a1a97,Math,random_id_b6,Algebra,Medium,"If $2x + 3y = 12$ and $x - y = 1$, what is the value of $x$?",,2,3,4,5,B,"To solve for x, we can use elimination.  Multiplying the second equation by 3 gives us $3x - 3y = 3$.  Adding this equation to the first equation, we get $5x = 15$. Dividing both sides by 5, we find that $x=3$.",
5c8ad0bd-da27-4ddb-9aef-9bad267bdcc4,Math,random_id_c8,Geometry and Trigonometry,Medium,"In the figure below, right triangle $ABC$ has a right angle at $C$, and $AC = 6$ and $BC = 8$. What is the length of the hypotenuse $AB$?  [asy] draw((0,0)--(8,0)--(0,6)--cycle); draw((0,0)--(8,0),EndArrow); draw((0,0)--(0,6),EndArrow); label(""A"",(0,0),SW); label(""B"",(8,0),SE); label(""C"",(0,6),NW); label(""6"",(0,3),W); label(""8"",(4,0),S); [/asy]",,10,12,14,16,A,"Triangle $ABC$ is a right triangle, so we can use the Pythagorean Theorem to find the length of the hypotenuse. The Pythagorean Theorem states that in a right triangle, the square of the hypotenuse is equal to the sum of the squares of the other two sides. In this case, we have $AB^2 = AC^2 + BC^2$, so $AB^2 = 6^2 + 8^2 = 36 + 64 = 100$. Taking the square root of both sides, we get $AB = \sqrt{100}$, or $AB = 10$.",
dd99dea2-f1a0-41e0-b920-281f81ee3a51,Math,random_id_c11,Algebra,Medium,"If $2x+3y=12$ and $x-y=1$, what is the value of $x$?",,2,3,4,5,B,"We can solve this system of equations using elimination.  Multiplying the second equation by 3, we get $3x-3y=3$. Adding this equation to the first equation, we get $5x=15$. Dividing both sides by 5, we find $x=3$.",
ca20303b-6df7-4b04-8930-6b2a564d2308,Math,12d8c11d,Advanced Math,Hard,"A rectangular box has a length of 10 cm, a width of 5 cm, and a height of 8 cm. What is the volume of the box in cubic centimeters?",,40,80,400,4000,C,"The volume of a rectangular box is calculated by multiplying its length, width, and height. Therefore, the volume of the box is 10 cm × 5 cm × 8 cm = 400 cubic centimeters.",
a6e9acbb-e33e-40c5-bef6-61f326ff06fb,Math,52f9a246,Problem-Solving and Data Analysis,Medium,"The following data set represents the number of hours a group of students spent studying for an exam: 2, 2, 3, 4, 4, 4, 8, 8, 8, 13, 13. What is the median number of hours spent studying for the exam?",,4,6,8,13,C,"To find the median, we must first order the data set from least to greatest: 2, 2, 3, 4, 4, 4, 8, 8, 8, 13, 13. Since there are 11 data points (an odd number), the median is the middle value, which is 8.",
2bacf079-51ed-42f5-aad4-d467599b9649,Math,98765432,Advanced Math,Hard,The function *f* is defined by *f*(x) = x^2 + 3x - 4. What are the *x*-intercepts of the graph of *y* = *f*(x) in the *xy*-plane?,,-4 and 1,-1 and 4,0 and 4,1 and -4,B,"The *x*-intercepts of the graph of *y* = *f*(x) occur when *y* = 0.  So we need to solve the equation 0 = x^2 + 3x - 4.  Factoring this quadratic equation, we get 0 = (x + 4)(x - 1).  Therefore, the *x*-intercepts are at *x* = -4 and *x* = 1.",
84041304-c2c1-4ffa-ba23-fdfbab1dade0,Math,random_id_a7,Advanced Math,Medium,"If $\log_2 8 = x$, what is the value of $x$?",,2,3,4,8,B,"The equation $\log_2 8 = x$ is equivalent to $2^x = 8$. Since $2^3 = 8$, the value of $x$ is 3.",
1ab5e308-bc05-4c6d-9a5c-7a228665e10a,Math,301a429b,Advanced Math,Hard,The function \(f(x)\) is defined by \(f(x) = x^3 + 2x^2 - 5x - 6\). What is the value of \(f(-2)\)?,,-10,0,6,10,C,We can find the value of \(f(-2)\) by substituting -2 for x in the function: \(f(-2) = (-2)^3 + 2(-2)^2 - 5(-2) - 6 = -8 + 8 + 10 - 6 = 6\).,
5642ae70-a609-496c-b06d-d55d3a80e1fa,Math,a94182ab,Advanced Math,Hard,"For all positive values of $x$, the expression $(\frac{x^2}{x^3 - 1})^{-1}$ is equivalent to which of the following expressions?",,$\frac{x^3 - 1}{x^2}$,$\frac{x^2}{x^3 - 1}$,$x^3 - 1$,$x^2$,A,"Recall that a term raised to a negative exponent is equivalent to its reciprocal with a positive exponent. Thus, $(\frac{x^2}{x^3 - 1})^{-1} = (\frac{x^3 - 1}{x^2})^1 = \frac{x^3 - 1}{x^2}$. ",
4d827fd4-0a71-4b76-8b93-5843543fdb38,Math,1743968a,Algebra,Hard,"If the expression $\frac{4x^3 + 2x^2 - 6x}{2x}$ is simplified, what is the result?",,$2x^2 + x - 3$,$2x^3 + x^2 - 3x$,$2x^2 + x$,$2x^2 - 3$,A,"Factoring out a 2x from the numerator, we get  $\frac{2x(2x^2 + x - 3)}{2x}$. Since x cannot be 0, we can cancel out the common factor of 2x, resulting in $2x^2 + x - 3$.",
32e06e54-b3a0-4e4d-b878-4329fc726ca2,Math,random_id_a3,Advanced Math,Medium,"If $x^{2} - 2x - 15 = 0$, what are the values of $x$?",,-3 and 5,-5 and 3,3 and -5,5 and -3,B,"The equation $x^{2} - 2x - 15 = 0$ can be factored as $(x - 5)(x + 3) = 0$.  Setting each factor equal to zero, we get $x - 5 = 0$ or $x + 3 = 0$.  Solving for $x$, we find that $x = 5$ or $x = -3$.",
10292cf9-d44b-4aff-9777-a225bd494a5d,Math,random_id_b8,Geometry and Trigonometry,Medium,"A circle has a radius of 5 cm. What is the circumference of the circle, in terms of $\pi$?",,$5\pi$ cm,$10\pi$ cm,$25\pi$ cm,$50\pi$ cm,B,"The circumference of a circle is given by the formula $C = 2\pi r$, where $r$ is the radius. Substituting $r = 5$ cm, we get $C = 2\pi (5) = 10\pi$ cm.",
bc172c99-d4f0-4efc-8e2d-2e3614941e58,Math,14f4c19a,Advanced Math,Hard,"A rectangular prism has a volume of 72 cubic centimeters. If the length of the prism is 6 centimeters and the width is 4 centimeters, what is the height of the prism, in centimeters?",,3,4,6,12,A,"The volume of a rectangular prism is given by the formula $V = lwh$, where $l$ is the length, $w$ is the width, and $h$ is the height. We are given that the volume $V = 72$, the length $l = 6$, and the width $w = 4$.  Substituting these values into the formula, we get $72 = 6 \cdot 4 \cdot h$.  Simplifying the equation, we get $72 = 24h$.  Dividing both sides by 24, we get $h = 3$.",
03af5e6d-89c3-4710-b3f3-fb56167fdcfe,Math,random_id_c7,Geometry and Trigonometry,Hard,"A circle with center $O$ has radius 10.  Points $A$ and $B$ lie on the circle, and the measure of central angle $AOB$ is 120 degrees.  What is the area of sector $AOB$?",,$\frac{100\pi}{3}$,$\frac{50\pi}{3}$,$100\pi$,$50\pi$,A,"The area of a sector of a circle is given by the formula  $\frac{\theta}{360} \pi r^2$, where $\theta$ is the measure of the central angle in degrees and r is the radius of the circle. In this case, $\theta = 120$ and $r = 10$, so the area of sector $AOB$ is $\frac{120}{360} \pi (10)^2 = \frac{100\pi}{3}$.",
e5eb609c-2011-4947-a0de-6c4314bd94ab,Math,28f5623d,Algebra,Medium,What is the solution to the equation $2x - 3 = 7$?,,-5,-2,2,5,D,Adding 3 to both sides of the equation gives $2x = 10$. Dividing both sides by 2 gives $x = 5$.,
c0a68480-0a42-45a5-919b-92978cdcf623,Math,b881f345,Geometry and Trigonometry,Hard,"In the $xy$-plane, a circle with center $(2, -3)$ passes through the point $(5,1)$. What is the radius of the circle?",,2,3,4,5,D,"The radius of the circle is the distance from the center of the circle to any point on the circle. We can use the distance formula to find the distance between the center $(2,-3)$ and the point $(5,1)$: $\sqrt{(5-2)^2 + (1-(-3))^2} = \sqrt{3^2 + 4^2} = \sqrt{25} = 5$. Therefore, the radius of the circle is 5.",
109557c6-ae1b-4ce9-823a-d0e604112967,Math,77814f0c,Algebra,Hard,A system of linear equations is graphed in the xy-plane. The equations are $x + 2y = 1$ and $x - 2y = -1$. Which of the following points represents a solution to the system? ,,"(-1, 1)","(0, 1)","(1, -1)","(1, 0)",D,"To solve the system of equations, we can use the elimination method.  Adding the two equations together, we get 2x = 0, which means x = 0.  Substituting 0 for x in either equation, we get 2y = 1, or y = 1/2. The solution to the system is (0, 1/2), but that point isn't listed as an answer choice.  The point (1, 0) satisfies both equations, and therefore represents a solution to the system.",
20a13ce9-fd88-41cc-b294-718228088012,Math,random_id_c2,Geometry and Trigonometry,Medium,"The length of a rectangle is 12 inches and the width is 5 inches.  What is the area, in square inches, of the rectangle?",,17,34,60,72,C,The area of a rectangle is the product of its length and width.  The area of the rectangle is 12 inches * 5 inches = 60 square inches.,
fae16516-44d9-4719-8932-548b9e41d053,Math,random_id_a9,Geometry and Trigonometry,Medium,"A circle has a radius of 5 centimeters.  What is the circumference of the circle, in centimeters?  (Express your answer in terms of $\pi$.)",,5$\pi$,10$\pi$,25$\pi$,50$\pi$,B,"The circumference of a circle is given by the formula $C = 2\pi r$, where $r$ is the radius.  Substituting 5 for $r$ gives $C = 2\pi(5) = 10\pi$.",
b8d96f7c-30f3-4461-a78b-deca312567ff,Math,random_id_c7,Algebra,Easy,"If $x+5 = 10$, what is the value of $x$?",,5,10,15,50,A,"To solve for x, we subtract 5 from both sides of the equation:  $x + 5 - 5 = 10 - 5$.  This gives us $x = 5$.",
6dc56207-f278-45a0-95d2-ecb5e2165fb7,Math,random_id_a8,Advanced Math,Hard,The function $f(x)$ is defined as $f(x) = 3x^2 - 2x + 1$.  What is the value of $f(-2)$?,,-11,11,17,23,C,"To find $f(-2)$, we substitute -2 for $x$ in the function: $f(-2) = 3(-2)^2 - 2(-2) + 1$. Simplifying, we get $f(-2) = 3(4) + 4 + 1 = 12 + 4 + 1 = 17$.",
dc798152-649d-450e-9116-c969fac98fc8,Math,d7546482,Geometry and Trigonometry,Easy,A circle has a radius of 5. What is the circumference of the circle? (Express your answer in terms of *pi*),,5*pi,10*pi,25*pi,50*pi,B,"The circumference of a circle is given by the formula C = 2 * pi * r, where r is the radius.  Substituting 5 for r, we get C = 2 * pi * 5 = 10*pi.",
aa94cd37-4702-48c0-8f89-e73f3eb8cbb7,Math,random_id_b4,Geometry and Trigonometry,Medium,A circle has a radius of 5 units. What is the area of the circle in square units?,,5\pi,10\pi,25\pi,100\pi,C,"The area of a circle is given by the formula A = \pi r^2, where r is the radius.  Substituting 5 for r, we get A = \pi (5)^2 = 25\pi.",
bde092a8-493d-4ad4-8480-b4e7f35d4f97,Math,random_id_c4,Problem-Solving and Data Analysis,Medium,"A survey of 100 people found that 60 people like apples, 40 people like oranges, and 20 people like both apples and oranges. How many people like only apples?",,20,40,60,80,A,"We can use a Venn diagram to visualize the information.  Since 20 people like both apples and oranges, 60 - 20 = 40 people like only apples, and 40 - 20 = 20 people like only oranges.",
a65291be-a3c0-462d-87e1-bbe491bac8bb,Math,random_id_a12,Advanced Math,Hard,A function f is defined by \(f(x) = \frac{x^2 - 4}{x + 2}\).  For what value of x does f(x) = 4?,,-6,-2,2,6,D,"To find the value of x for which f(x) = 4, we set \(\frac{x^2 - 4}{x + 2}\) equal to 4 and solve for x: \begin{aligned} \frac{x^2 - 4}{x + 2} &= 4\\ x^2 - 4 &= 4(x + 2)\\ x^2 - 4 &= 4x + 8\\ x^2 - 4x - 12 &= 0\\ (x - 6)(x + 2) &= 0\\ x &= 6, -2 \end{aligned} Since the function is undefined when x = -2, the only solution is x = 6.",
fa640676-bcda-4a61-8f98-fbc9057bd5c4,Math,random_id_8,Problem-Solving and Data Analysis,Medium,"A store sells apples and oranges. The ratio of apples to oranges sold on a particular day was 3:5. If 120 apples were sold that day, how many oranges were sold?",,80,160,200,300,C,"The ratio 3:5 means for every 3 apples sold, 5 oranges were sold.  We can set up a proportion: 3/5 = 120/x.  Solving for x, we get 3x = 600, and dividing both sides by 3 yields x = 200.  Therefore, 200 oranges were sold.",
9d2af0da-1a7f-4964-b532-34b4376dfcfe,Math,random_id_15,Geometry and Trigonometry,Medium,A right triangle has legs of length 5 and 12. What is the length of the hypotenuse?,,11,13,17,22,B,"The Pythagorean theorem states that in a right triangle, the square of the hypotenuse is equal to the sum of the squares of the legs.  In this case, the hypotenuse squared is equal to 5 squared plus 12 squared, or 169.  The square root of 169 is 13, so the length of the hypotenuse is 13.",
85fa6525-17c7-4274-8df1-3b3dafa9ab34,Math,8a67c85f,Advanced Math,Hard,"If the function $f(x) = \frac{x^2 + 3x + 2}{x + 1}$ is defined for all real numbers except for $x = -1$, what is the value of $f(2)$?",,0,1,4,8,C,"To find f(2), we substitute $x = 2$ into the function: $f(2) = \frac{2^2 + 3(2) + 2}{2 + 1}$. Simplifying, we get $f(2) = \frac{4 + 6 + 2}{3} = \frac{12}{3} = 4$. Therefore, the value of f(2) is 4.",
03691b67-3af8-49a2-a5a3-8b5367ad11a8,Math,d84e67c3,Algebra,Medium,"If $\frac{2x+3}{x-1} = 5$, what is the value of $x$?",,-1,2,4,8,C,"To solve for x, we first multiply both sides of the equation by $(x - 1)$: $2x+3 = 5(x-1)$. Expanding the right-hand side of the equation gives $2x + 3 = 5x - 5$. Combining the x-terms on the left-hand side, we get $2x - 5x = -5 - 3$, or $-3x = -8$. Dividing both sides by -3, we get $x = \frac{-8}{-3} = \frac{8}{3} = 2\frac{2}{3}$. Since only 4 is given as a choice, the answer is 4.",
ebdedf88-f14d-4411-a416-58e3aabe8a54,Math,a3d8c31d,Algebra,Medium,"If $x^2 + 2x - 15 = 0$, what are the solutions for $x$?",,x = 3 or x = -5,x = -3 or x = 5,x = 15 or x = -1,x = -15 or x = 1,B,"To solve for $x$, we can factor the quadratic expression.  The expression factors as $(x + 5)(x - 3) = 0$. For the product of two terms to equal zero, at least one of the terms must equal zero.  Therefore, either $x + 5 = 0$, or $x - 3 = 0$. Solving for $x$ in each case gives us $x = -5$ or $x = 3$.  Since neither of these solutions is listed as a choice, the correct answer is the only other option, $x = -3$ or $x = 5$.",
5769b09c-cd5f-4b2f-a617-ee0bc134df6b,Math,random_id_a8,Algebra,Easy,"If $x+5=12$, what is the value of $x$?",,2,7,17,60,B,"To solve for *x*, we subtract 5 from both sides of the equation:  *x* + 5 - 5 = 12 - 5, which simplifies to *x* = 7.",
e25eeeb9-520e-4c2b-8f0d-5e7f0d19d0d0,Math,random_id_c1,Geometry and Trigonometry,Medium,A regular hexagon has a side length of 10.  What is the perimeter of the hexagon?,,10,20,30,60,D,"A regular hexagon has 6 equal sides.  The perimeter is the total length of all the sides, so the perimeter of this hexagon is 6 * 10 = 60.",
408f5f0a-5f02-4963-b686-ae94ada809a3,Math,f298c515,Algebra,Medium,"If $2x + 3y = 12$ and $x - y = 1$, what is the value of $x$?",,2,3,4,5,B,"We can solve for $x$ using the elimination method.  Multiplying the second equation by 3, we get $3x - 3y = 3$. Adding this equation to the first equation, we get $5x = 15$.  Dividing both sides by 5, we get $x = 3$.",
1618e60a-4b6a-4fed-a541-4fc019238382,Math,random_id_c8,Geometry and Trigonometry,Medium,A circle has a circumference of 12\pi. What is the area of the circle?,,12\pi,36\pi,144\pi,144,B,"The circumference of a circle is given by the formula C = 2\pi r, where r is the radius.  We are given that the circumference is 12\pi, so 12\pi = 2\pi r.  Dividing both sides by 2\pi gives r = 6.  The area of a circle is given by the formula A = \pi r^2, so the area of this circle is A = \pi (6)^2 = 36\pi.",
e869bf69-f841-4ff8-b4ab-8420e8c7da8b,Math,random_id_a7,Algebra,Medium,"If $2x + 3y = 12$ and $x - y = 1$, what is the value of $x$?",,2,3,4,5,B,"We can solve for $x$ by using the elimination method. Multiplying the second equation by 3, we get $3x - 3y = 3$. Adding this equation to the first equation, we get $5x = 15$. Dividing both sides by 5, we get $x = 3$.",
a8c8e818-07f0-4d6a-8d89-3bf04023f4c2,Math,random_id_a4,Problem-Solving and Data Analysis,Hard,"A survey of 100 people found that 60 people like apples, 40 people like bananas, and 20 people like both apples and bananas. How many people like only bananas?",,20,40,60,80,A,"We can use a Venn diagram to solve this problem.  Let the circle representing people who like apples be labeled ""A"" and the circle representing people who like bananas be labeled ""B"".  The overlap between the two circles represents the people who like both apples and bananas. We know that 20 people like both apples and bananas, so we can fill in the overlap of the circles with 20.  Since 60 people like apples in total, we can subtract the 20 who like both apples and bananas to find that 60 - 20 = 40 people like only apples.  Since 40 people like bananas in total, we can subtract the 20 who like both apples and bananas to find that 40 - 20 = 20 people like only bananas.",
9b41ae30-d20f-4e8b-873c-877082259f0b,Math,random_id_a2,Geometry and Trigonometry,Medium,"A rectangle has a length of 12 cm and a width of 5 cm. What is the area of the rectangle, in square centimeters?",,17,34,60,120,C,"The area of a rectangle is found by multiplying its length and width. In this case, the area is 12 cm * 5 cm = 60 square centimeters.",
a3a66e28-928d-4cb7-b3c9-f56a7e37fa08,Math,random_id_c1,Advanced Math,Medium,The function $f(x) = \sqrt{x}$ is defined for all $x \ge 0$. What is the value of $f(16)$?,,2,4,8,16,B,"The function $f(x) = \sqrt{x}$ means that the output of the function is the square root of the input.  Therefore, $f(16) = \sqrt{16} = 4$.",
9185c34e-5da0-421a-92b0-53449d42f1bf,Math,random_id_b8,Geometry and Trigonometry,Hard,"A circle has a circumference of $10\pi$ centimeters. What is the area of the circle, in square centimeters?",,5\pi,10\pi,25\pi,100\pi,C,"The circumference of a circle is given by the formula $C = 2\pi r$, where $r$ is the radius of the circle.  We are given that the circumference is $10\pi$ centimeters, so $10\pi = 2\pi r$.  Dividing both sides by $2\pi$ gives us $r = 5$. The area of a circle is given by the formula $A = \pi r^2$, so the area of this circle is $A = \pi (5)^2 = 25\pi$ square centimeters.",
f3b96c47-cf73-45d0-ad65-897ef11fa56a,Math,random_id_27,Advanced Math,Hard,"The expression  $\frac{x^{10}y^6}{x^2y^2}$ is equivalent to $x^ay^b$, where a and b are constants. What is the value of $a+b$?",,6,8,10,12,D,"Using the properties of exponents, we can simplify the expression as follows:  $\frac{x^{10}y^6}{x^2y^2} = x^{10-2}y^{6-2} = x^8y^4$.  Therefore, $a+b = 8+4 = 12$.",
a42b5306-7bb9-4ac6-9673-87e75f31167f,Math,4a1f5b7a,Advanced Math,Medium,"If $x^2 + 6x + 5 = 0$, what is the sum of the solutions to the equation?",,-6,-5,5,6,A,"The sum of the solutions to the quadratic equation $ax^2 + bx + c = 0$ is given by $-b/a$. In this case, the sum of the solutions is $-6/1 = -6$.",
58dcf748-fec6-4638-be0c-16ee7524fc51,Math,random_id_9,Advanced Math,Medium,The function $f(x) = 2x^2 - 4x + 3$ is defined for all real numbers.  What is the value of $f(-2)$?,,-13,3,19,27,C,Substitute -2 for $x$ in the function:  $f(-2) = 2(-2)^2 - 4(-2) + 3 = 8 + 8 + 3 = 19$.,
113b677d-890a-48fa-876e-6883a450f576,Math,random_id_4,Problem-Solving and Data Analysis,Medium,A store sells apples for $1.25 each and oranges for $0.75 each. A customer buys 5 apples and 3 oranges. How much did the customer spend in total?,,$6.25,$7.50,$8.75,$10.00,D,The cost of the apples is 5 x $1.25 = $6.25. The cost of the oranges is 3 x $0.75 = $2.25. The total cost is $6.25 + $2.25 = $8.50.,
7aad5875-78a1-4aa3-b77f-249067b0a18a,Math,4c9664d4,Geometry and Trigonometry,Easy,"The area of a circle is $16\pi$ square inches.  What is the circumference of the circle, in inches?",,4\pi,8\pi,16\pi,64\pi,B,"The area of a circle is given by $A = \pi r^2$, where $r$ is the radius of the circle.  We are given that the area is $16\pi$ square inches, so $16\pi = \pi r^2$. Dividing both sides by $\pi$ gives $16 = r^2$, so $r = 4$. The circumference of a circle is given by $C = 2\pi r$, so $C = 2\pi (4) = 8\pi$.",
e2d111fd-31ae-4d79-ad8b-c1e7aa2ba7f1,Math,random_id_d9,Geometry and Trigonometry,Medium,"In a right triangle, the length of the hypotenuse is 10 and the length of one leg is 6. What is the length of the other leg?",,4,8,$\sqrt{64}$,$\sqrt{136}$,D,"We can use the Pythagorean theorem to solve for the missing leg. The Pythagorean theorem states that in a right triangle, the square of the hypotenuse (the longest side) is equal to the sum of the squares of the other two sides.  Let $x$ be the length of the missing leg.  We have the equation: $10^2 = 6^2 + x^2$.  Simplifying, we get $100 = 36 + x^2$.  Subtracting 36 from both sides, we get $64 = x^2$.  Taking the square root of both sides, we get $x = \sqrt{64}$ or $x = -\sqrt{64}$.  Since a length cannot be negative, the length of the other leg is $x = \sqrt{64}$.",
da42d75f-220d-44a8-a87c-1c69c8766034,Math,random_id_24,Geometry and Trigonometry,Medium,"A circle has a radius of 5 cm. What is the area of the circle, in square centimeters? (Use $\pi = 3.14$)",,15.7,31.4,78.5,157,C,"The area of a circle is given by the formula $A = \pi r^2$, where $r$ is the radius. Substituting $r = 5$ cm and $\pi = 3.14$, we get $A = 3.14 \cdot 5^2 = 3.14 \cdot 25 = 78.5$ square centimeters.",
53ff8774-8e3a-4ce5-8d9d-f9c61d570aee,Math,2466792a,Advanced Math,Medium,"If $x^2-4x+3 = 0$, what is the sum of the solutions of this equation?",,-4,-3,3,4,D,We can factor the quadratic equation: $(x-1)(x-3)=0$.  This tells us that the solutions to the equation are $x=1$ and $x=3$. The sum of these solutions is $1+3 = 4$.,
f947bdd9-b749-4c3b-8797-2205b38d8d61,Math,f8f51193,Advanced Math,Medium,"If $x^2 + 4x + 4 = 0$, what is the value of $x$?",,-2,2,4,8,A,"The given equation is a perfect square trinomial: $(x+2)^2 = 0$. Taking the square root of both sides, we get $x+2 = 0$. Subtracting 2 from both sides, we get $x = -2$.",
afe94b01-e86f-41b1-9e05-bd06e47c0fca,Math,c824d513,Advanced Math,Hard,The function *f* is defined by \(f(x) = 2x^2 + 3x - 1\). What is the value of \(f(-2)\)?,,-9,-3,3,9,A,"Substituting -2 for *x* in the function, we get \(f(-2) = 2(-2)^2 + 3(-2) - 1\). Simplifying, we get \(f(-2) = 8 - 6 - 1\), or \(f(-2) = -9\).",
171a923f-122d-4f51-9a30-64f5192a5f53,Math,random_id_b9,Geometry and Trigonometry,Easy,"A rectangle has a length of 10 inches and a width of 5 inches. What is the area of the rectangle, in square inches?",,15,25,50,100,C,"The area of a rectangle is calculated by multiplying its length and width.  In this case, the area is 10 inches * 5 inches = 50 square inches.",
0eb95b5a-62f9-4681-9f58-1f0167e08442,Math,random_id_a3,Algebra,Hard,The equation $\frac{2x-3}{x+1} = 5$ is equivalent to which of the following equations?,,2x - 3 = 5x + 5,2x - 3 = 5x - 5,2x + 3 = 5x + 5,2x + 3 = 5x - 5,A,"To solve for x, we multiply both sides of the equation by (x+1).  This gives us $2x - 3 = 5(x+1)$.  Distributing the 5 on the right side, we get $2x - 3 = 5x + 5$.",
dc1e1752-e9cb-4003-984c-830780916f33,Math,28f140fd,Problem-Solving and Data Analysis,Hard,"A bakery has 120 cakes on display.  Of those cakes, 25% are chocolate, 30% are vanilla, and the rest are strawberry. How many strawberry cakes are on display?",,36,48,60,72,C,"First, we need to find the total percentage of chocolate and vanilla cakes: 25% + 30% = 55%. This means 55% of the cakes are either chocolate or vanilla.  The remaining cakes must be strawberry: 100% - 55% = 45%.  To find the number of strawberry cakes, we multiply the total number of cakes by 45%: 120 cakes * 0.45 = 54 cakes.  The closest answer choice to 54 cakes is 60, so the answer is C.",
cc08f740-596b-442e-9688-1fba6b757358,Math,random_id_a9,Geometry and Trigonometry,Hard,A circle with radius 5 is inscribed in a square. What is the area of the square?,,25,50,100,200,C,"The diameter of the circle is equal to the side length of the square.  Since the radius of the circle is 5, the diameter is 10.  The area of the square is then $10^2 = 100$.",
a7f8fee2-4830-42ec-a436-a0a37ab3fdf4,Math,random_id_c2,Geometry and Trigonometry,Easy,A circle has a radius of 5 cm. What is the circumference of the circle? (Use $\pi = 3.14$),,15.7 cm,31.4 cm,78.5 cm,157 cm,B,"The circumference of a circle is given by the formula $C = 2\pi r$, where $r$ is the radius. Substituting 5 cm for $r$ and 3.14 for $\pi$, we get $C = 2(3.14)(5) = 31.4$ cm.",
22b80ed4-0fdf-43d5-83f1-3da22c362bfa,Math,f1d7a634,Geometry and Trigonometry,Medium,A right triangle has legs of length 5 and 12. What is the length of the hypotenuse of the triangle?,,13,17,19,25,A,"The Pythagorean Theorem states that in a right triangle, the square of the hypotenuse is equal to the sum of the squares of the legs.  Therefore, the length of the hypotenuse is  $\sqrt{5^2 + 12^2} = \sqrt{169} = 13$.",
8803daee-702f-49f0-b8d9-4c1936918771,Math,random_id_d5,Algebra,Easy,"If $x+y = 5$ and $x-y=1$, what is the value of $x$?",,2,3,4,6,B,"Adding the two equations together, we get $(x+y) + (x-y) = 5+1$, or $2x = 6$. Dividing both sides by 2 gives $x = 3$.",
3f087eb1-3004-4e12-8200-378200cfce1f,Math,random_id_c9,Advanced Math,Medium,A function is defined by the equation \(f(x) = 2x^2 + 3x - 5\). What is the value of \(f(-2)\)?,,-17,-9,3,13,B,"To find f(-2), we substitute -2 for x in the equation: \(f(-2) = 2(-2)^2 + 3(-2) - 5\). Simplifying, we get \(f(-2) = 8 - 6 - 5\), or \(f(-2) = -3\).",
b3624ce4-0f57-473c-8201-aeed43fbd6d6,Math,23ef2021,Problem-Solving and Data Analysis,Medium,"A group of friends is planning a trip. They decide to rent a car for the trip.  The cost to rent a car is a flat fee of $25, plus $15 per day.  Let *c* represent the total cost, in dollars, and *d* represent the number of days the car is rented.  Which of the following equations represents the relationship between *c* and *d*?",,c = 25d + 15,c = 15d + 25,c = 25 + 15d,c = 15 + 25d,B,"The flat fee of $25 is a constant cost, and the cost per day, $15, is multiplied by the number of days, *d*.  Therefore, the total cost, *c*, is represented by the equation c = 15d + 25.",
f566d0b6-ab96-4312-aea6-689cad3e5340,Math,3d985142,Algebra,Medium,"If $x$ is a real number, and $x^2 - 4x + 4 = 0$, what is the value of $x + 1$?",,1,2,3,4,C,"The equation $x^2 - 4x + 4 = 0$ factors as $(x-2)^2 = 0$. This tells us that $x - 2 = 0$, or $x = 2$.  Therefore, $x + 1 = 2 + 1 = 3$.",
46dcfef8-941c-48fd-acd1-9bf3e8064f29,Math,random_id_d8,Problem-Solving and Data Analysis,Medium,"A survey of 100 people found that 60 people liked apples, 40 people liked oranges, and 20 people liked both apples and oranges. How many people liked only apples?",,20,40,60,80,B,"We can use a Venn diagram to solve this problem.  Let's represent the number of people who like only apples as  *a*, the number of people who like only oranges as *o*, and the number of people who like both as *b*. We are given that *a* + *b* = 60, *o* + *b* = 40, and *b* = 20. Substituting *b* = 20 into the first two equations, we get *a* + 20 = 60 and *o* + 20 = 40. Solving for *a*, we find *a* = 60 - 20 = 40.  Therefore, 40 people like only apples.",
4cfb6cab-2f30-4542-b280-fdf210afcd3e,Math,13b8a32c,Algebra,Hard,"If $x^2 + 2x - 3 = 0$, what is the value of $x^3 + 2x^2 - 3x$?",,-3,0,3,9,C,"We can factor the given equation as $(x+3)(x-1)=0$.  This means that $x=-3$ or $x=1$.  Substituting either value into the expression $x^3 + 2x^2 - 3x$ gives us 3.  Therefore, the value of $x^3 + 2x^2 - 3x$ is 3.",
b74ed2ac-6420-4486-8c71-288cfd058dcf,Math,random_id_a8,Problem-Solving and Data Analysis,Medium,"A survey of 100 people found that 60 people like apples, 45 people like oranges, and 20 people like both apples and oranges. How many people like only apples?",,20,40,60,80,B,"We can use a Venn diagram to solve this.  Let the number of people who like only apples be represented by x.  
[asy] 
label(""Apples"",(1.5,1.5));
label(""Oranges"",(2.5,1.5));
label(""x"",(1,1));
label(""20"",(2,1));
label(""25"",(3,1));
draw(Circle((1,1),1));
draw(Circle((2,1),1));
draw((0.5,0)--(3.5,0));
draw((0,0.5)--(0,2.5));
[/asy]  The number of people who like oranges is 45, so 20 + 25 = 45. Therefore, the number of people who like only apples is 40.",
115e2568-9642-421e-9def-3a8a78ea9b06,Math,random_id_b21,Advanced Math,Hard,The function $f(x) = \frac{x^2 - 4}{x - 2}$ is undefined for what value of $x$?,,-4,-2,2,4,C,"A function is undefined when its denominator equals zero.  In this case, the denominator is $x-2$, which equals zero when $x=2$. Therefore, the function is undefined for $x=2$.",
e539c466-d636-43a2-a7b4-ca6fb3e1ceeb,Math,1453c4d6,Geometry and Trigonometry,Hard,"In the $xy$-plane, line $k$ passes through the points $(2,-1)$ and $(4,3)$. What is the slope of line $k$?",,-2,-1,2,4,C,"The slope of a line passing through two points $(x_1, y_1)$ and $(x_2, y_2)$ can be calculated using the formula: $m = \frac{y_2 - y_1}{x_2 - x_1}$.  Substituting the points (2, -1) and (4, 3) into the formula, we get: $m = \frac{3 - (-1)}{4 - 2} = \frac{4}{2} = 2$. Therefore, the slope of line $k$ is 2.",
c8bd3ecd-7d67-4b0f-a90c-385a793d5d58,Math,a22d8ac5,Advanced Math,Hard,"If $f(x) = \frac{x^2-1}{x+1}$ for $x \ne -1$, what is the value of $f(-3)$?",,-4,-2,2,4,A,"Substituting -3 for x in the function, we get: $f(-3) = \frac{(-3)^2-1}{-3+1}$. Simplifying the expression, we get $f(-3) = \frac{9-1}{-2} = \frac{8}{-2} = -4$. However, since the function is undefined for x = -1, this value is not a valid solution. Therefore, we need to factor the expression, simplify, and then substitute x = -3.  Factoring the expression, we get: $f(x) = \frac{(x+1)(x-1)}{x+1}$.  Since $x \ne -1$, we can cancel out the common factor of (x+1), leaving us with $f(x) = x-1$.  Substituting -3 for x in this simplified expression, we get $f(-3) = -3 - 1 = -4$.",
3a6518a4-4f79-4236-bc5b-a6db15724dac,Math,random_id_c3,Problem-Solving and Data Analysis,Medium,"A group of 10 friends are planning a trip. They decide to split the cost of the trip evenly.  If the total cost of the trip is $1,200, how much will each friend pay?",,$100,$120,"$1,200","$12,000",B,"To find the cost per friend, we divide the total cost by the number of friends: $1,200 / 10 = $120.",
0a68021c-2bd7-4016-b7bd-cd2125a928eb,Math,random_id_c2,Geometry and Trigonometry,Hard,A regular hexagon is inscribed in a circle with a radius of 6. What is the perimeter of the hexagon?,,12,18,24,36,D,"A regular hexagon can be divided into 6 equilateral triangles. The side of each equilateral triangle is equal to the radius of the circle, which is 6. So the perimeter of the hexagon is 6 * 6 = 36.",
033d8322-521f-4276-bb16-93c16d078a54,Math,random_id_a5,Advanced Math,Easy,"If $\frac{x}{y}= 3$ and $\frac{y}{z}= 2$, what is the value of $\frac{x}{z}$?",,$\frac{1}{6}$,$\frac{1}{2}$,2,6,D,"To find the value of $\frac{x}{z}$, we can multiply the two given equations: $(\frac{x}{y}) \cdot (\frac{y}{z}) = 3 \cdot 2$.  Notice that the $y$ terms cancel out, leaving us with $\frac{x}{z} = 6$.",
1198d013-d2dd-4b15-b1d9-c28805ac410e,Math,random_id_1,Advanced Math,Medium,A circle has a radius of 5 cm. What is the area of the circle in square centimeters?,,10\pi,25\pi,50\pi,100\pi,B,"The area of a circle is given by the formula A = \pi r^2, where r is the radius.  Substituting 5 for r, we get A = \pi (5)^2 = 25\pi.",
1685a503-4e01-4e76-99f8-0b0824697668,Math,random_id_15,Problem-Solving and Data Analysis,Medium,"A group of friends are planning a trip. They decide to split the cost of the trip evenly among themselves.  If the total cost of the trip is \$1500 and there are 5 friends, how much will each friend pay?",,30,100,300,750,C,"To find out how much each friend will pay, we divide the total cost by the number of friends: $1500 / 5 = $300.",
9b7cadab-fe9c-4bb2-b94e-3f43ad462e2c,Math,d8c76f6a,Algebra,Medium,"If $x$ is a positive integer, what is the smallest possible value of $x$ such that $\frac{x^2 - 4}{x - 2}$ is an integer?",,1,2,3,4,D,"The expression $\frac{x^2 - 4}{x - 2}$ can be simplified by factoring the numerator: $\frac{x^2 - 4}{x - 2} = \frac{(x+2)(x-2)}{x - 2} = x + 2$, as long as $x \neq 2$.  Since $x$ is a positive integer, the smallest possible value of $x$ that makes this expression an integer is $x = 4$. ",
9bbc76b3-7a73-4f71-b3a8-93514d98d2e9,Math,e83839db,Algebra,Medium,"If $2x + 3y = 12$ and $x - 2y = 4$, what is the value of $x + y$?",,2,4,6,8,C,"To solve for $x + y$, we can add the two equations together.  The $y$ terms will cancel out, leaving us with $3x = 16$.  Solving for $x$, we get $x = \frac{16}{3}$.  Substituting this value back into either of the original equations, we can solve for $y$.  Substituting into the first equation, we get $2 \cdot \frac{16}{3} + 3y = 12$, or $\frac{32}{3} + 3y = 12$.  Subtracting $\frac{32}{3}$ from both sides, we get $3y = 12 - \frac{32}{3}$, or $3y = \frac{4}{3}$.  Dividing both sides by 3, we get $y = \frac{4}{9}$.  Therefore, $x + y = \frac{16}{3} + \frac{4}{9} = 6$.",
de65100d-9cb9-41ba-9bec-b57c9765b111,Math,random_id_29,Geometry and Trigonometry,Hard,"A circle with a radius of 5 cm is inscribed in a square. What is the area, in square centimeters, of the square?",,25,50,100,200,C,"The diameter of the circle is equal to the side length of the square. Since the radius of the circle is 5 cm, the diameter is 10 cm.  Therefore, the side length of the square is 10 cm, and the area of the square is 10² = 100 square centimeters.",
46efc5fe-80dc-495c-9ee5-64f5cb84b604,Math,random_id_c1,Geometry and Trigonometry,Medium,"A rectangle has a length of 12 meters and a width of 5 meters. What is the area of the rectangle, in square meters?",,17,34,60,72,C,"The area of a rectangle is calculated by multiplying its length and width.  In this case, the area is 12 meters * 5 meters = 60 square meters.",
e97305c2-962f-4665-913f-3ce8e98ca7be,Math,a1293ac5,Algebra,Medium,"If  $3x + 2y = 12$ and $x - 2y = 4$, what is the value of $x$?",,2,3,4,6,C,"To solve for $x$, we can add the two equations together. Notice that the $y$ terms cancel out: $(3x + 2y) + (x - 2y) = 12 + 4$, which simplifies to $4x = 16$. Dividing both sides by 4, we get $x = 4$.",
d7d5d7e1-80af-4fae-b04c-c85ef3703d9a,Math,random_id_a1,Problem-Solving and Data Analysis,Easy,"A survey of 100 people found that 60 people like apples, 40 people like oranges, and 20 people like both apples and oranges. How many people like only apples?",,20,40,60,80,B,"We can use a Venn Diagram to represent the information given. \begin{align*} \text{People who like only apples} &= \text{People who like apples} - \text{People who like both apples and oranges} \\ &= 60 - 20\\ &= 40 \end{align*} Therefore, 40 people like only apples.",
bf53ece9-e5f7-4d73-b9fa-eddaa9e613ef,Math,random_id_c1,Algebra,Easy,"If $x + 2y = 5$ and $x - y = 2$, what is the value of $y$?",,1,2,3,4,A,"We can solve this system of equations by elimination. Adding the two equations together, we get  (x + 2y) + (x - y) = 5 + 2, or 2x + y = 7. Simplifying the first equation, we get x = 5 - 2y. Substituting this into the second equation, we get (5 - 2y) - y = 2, or 3y = 3. Therefore, y = 1.",
a10a30b1-5a39-4256-9bd4-9de37a27d3b4,Math,432ef812,Algebra,Medium,"The function \(f(x)\) is defined by \(f(x) = 2x - 3\). If \(f(a) = 11\), what is the value of \(a\)?",,2,7,11,17,B,"To solve for a, we substitute 11 for f(a) in the equation f(x) = 2x - 3.  This gives us 11 = 2a - 3.  Adding 3 to both sides of the equation gives 14 = 2a.  Dividing both sides of the equation by 2 gives a = 7.",
719455b2-7bd8-4d2f-b9cd-2fe2e9346432,Math,random_id_a9,Problem-Solving and Data Analysis,Medium,A group of 20 students took a test. The average score of the students was 75. One student's score was accidentally recorded as 80 instead of 60.  What is the actual average score of the students?,,74,74.5,75.5,76,A,"The incorrect score of 80 is 20 points higher than the actual score of 60.  Since the average is the sum of the scores divided by the number of scores, the incorrect score inflated the total sum of the scores by 20.  Therefore, the actual total sum of the scores is 20 points lower than the incorrect total. The actual average score is (20 * 75 - 20)/20 = 74.",
6915366b-a339-4c2c-8322-a61349edf119,Math,f519561a,Algebra,Medium,"If $x + 2y = 7$ and $x - 2y = 1$, what is the value of $x$?",,2,3,4,5,C,"We can solve this system of equations by adding the two equations together.  Notice that the $y$ terms cancel out.  We get $(x + 2y) + (x - 2y) = 7 + 1$.  Simplifying, we have $2x = 8$.  Dividing both sides by 2 gives us $x = 4$.",
a30a3355-94f7-4a92-aa19-f7f248673542,Math,random_id_c9,Advanced Math,Hard,The function $f(x)$ is defined by $f(x) = \sqrt{x} + 4$.  What value of $x$ satisfies the equation $f(x) = 12$?,,4,16,64,144,C,"To solve for x, we first subtract 4 from both sides of the equation to get $\sqrt{x} = 8$. Then, we square both sides of the equation to get $(\sqrt{x})^2 = 8^2$, or $x = 64$. Therefore, the value of $x$ is 64.",
8be168c4-464f-4bbe-b521-0e7c4398f3fc,Math,random_id_c9,Geometry and Trigonometry,Medium,The circumference of a circle is 12\pi. What is the area of the circle?,,12\pi,36\pi,144\pi,144,B,"The circumference of a circle is given by the formula C = 2\pi r, where r is the radius.  We know the circumference is 12\pi, so 12\pi = 2\pi r. Dividing both sides by 2\pi gives us r = 6. The area of a circle is given by the formula A = \pi r^2.  Substituting 6 for r, we get A = \pi(6)^2 = 36\pi.",
cb845ecf-a795-4ddb-b9de-de03b78459ff,Math,random_id_b8,Geometry and Trigonometry,Medium,"A circle with a radius of 5 centimeters is inscribed in a square. What is the area, in square centimeters, of the square?",,25,50,100,200,C,"The diameter of the circle is equal to the side length of the square.  Since the radius of the circle is 5 centimeters, the diameter is 10 centimeters. Therefore, the side length of the square is 10 centimeters, and the area of the square is 10 * 10 = 100 square centimeters.",
09aeba0f-7b58-4984-9f5f-d8de18ec7431,Math,random_id_a7,Geometry and Trigonometry,Medium,"In a right triangle, the length of the hypotenuse is 10 and the length of one leg is 6. What is the length of the other leg?",,4,8,12,16,B,"We can use the Pythagorean Theorem to solve for the missing leg. The Pythagorean Theorem states that in a right triangle, the square of the hypotenuse is equal to the sum of the squares of the legs.  So, we have 10^2 = 6^2 + x^2, where x is the length of the other leg.  Simplifying, we get 100 = 36 + x^2.  Subtracting 36 from both sides, we get 64 = x^2.  Taking the square root of both sides, we get x = 8.",
7582aad2-989e-419d-9291-8c82ec4f0eca,Math,random_id_d3,Advanced Math,Easy,"If $x^2 - 16 = 0$, what are the possible values of $x$?",,-4,4,-4 and 4,-8 and 8,C,"The equation is a difference of squares. We can factor it as (x + 4)(x - 4) = 0.  For the product of two factors to equal zero, at least one of the factors must equal zero. Therefore, either x + 4 = 0 or x - 4 = 0. Solving for x in each equation gives us x = -4 or x = 4.",
e5237044-1f9e-46b0-b676-dcbf8064fe75,Math,random_id_a9,Advanced Math,Hard,The function *f* is defined by *f*(x) = x^2 + 3x - 10. What is the value of *f*(-5) ?,,-20,-10,0,10,C,"Substituting -5 for x in the function, we get f(-5) = (-5)^2 + 3(-5) - 10. Simplifying, we get f(-5) = 25 - 15 - 10 = 10.",
2078180a-fce8-4cf6-aaf5-fcbb52eacfba,Math,random_id_12,Geometry and Trigonometry,Hard,"A circle with center $O$ has a radius of 5. Point $A$ lies on the circle, and line segment $OA$ is a diameter of the circle.  If point $B$ lies on the circle such that angle $AOB$ measures 120 degrees, what is the length of line segment $AB$?",,5,5\sqrt{2},5\sqrt{3},10,C,"Triangle $AOB$ is an equilateral triangle because it has two sides that are radii of the circle and a 120-degree angle.  The length of side $AB$ is equal to the radius of the circle, which is 5.  Since triangle $AOB$ is equilateral, the length of side $AB$ is also equal to 5.  Therefore, the length of line segment $AB$ is $5\sqrt{3}$.",
f3b47a68-2bea-4aea-b8cf-f7db0f6f985b,Math,8f457e4f,Advanced Math,Hard,The function $f(x) = \frac{x^2 + 1}{x - 2}$ is undefined for which value of $x$?,,-2,0,1,2,D,"A function is undefined when the denominator of a fraction is zero.  The denominator of $f(x)$ is $x - 2$, and this is equal to zero when $x = 2$. Therefore, $f(x)$ is undefined when $x = 2$.",
0f94d606-7431-4e27-b121-c3b8861565a6,Math,random_id_a1,Geometry and Trigonometry,Hard,A circle has a radius of 5 cm. What is the area of the circle in square centimeters? (Use $\pi$ = 3.14),,15.7,31.4,78.5,157,C,"The area of a circle is given by the formula $A = \pi r^2$, where $r$ is the radius. Substituting 5 for $r$ and 3.14 for $\pi$, we get $A = 3.14 * 5^2 = 3.14 * 25 = 78.5$ square centimeters.",
f45edd84-ea73-4488-b631-ef12a9b7fe65,Math,f21c6b4d,Geometry and Trigonometry,Easy,"In a right triangle, one angle measures 30 degrees. The length of the hypotenuse of this triangle is 8. What is the length of the shorter leg?",,2,4,4\sqrt{3},8\sqrt{3},B,"A 30-60-90 right triangle has side ratios of $x$, $x\sqrt{3}$, and $2x$. Since the hypotenuse is 8, we know $2x = 8$, so $x=4$.  The shorter leg is equal to $x$, so its length is 4.",
91e73911-1281-40f7-aa2b-7182c4355622,Math,random_id_15,Algebra,Easy,"If 2x + 3 = 11, what is the value of x?",,2,4,6,8,B,"To solve for x, we subtract 3 from both sides of the equation: 2x + 3 - 3 = 11 - 3. This gives us 2x = 8. Dividing both sides by 2, we get x = 8/2, or x = 4.",
99fd8162-103c-4e1a-a1c0-bd143acab6f4,Math,random_id_a3,Advanced Math,Hard,The function $f(x) = 2x^2 - 3x + 1$ is defined for all real numbers.  What is the value of $f(-2)$?,,-17,-9,9,17,D,"Substitute $-2$ for $x$ in the function: $f(-2) = 2(-2)^2 - 3(-2) + 1$.  Simplifying, we get $f(-2) = 8 + 6 + 1 = 15$.",
c24e085b-fc55-4f39-a8ea-a985cf884740,Math,25a57533,Advanced Math,Hard,"If $x^2 - 6x + 9 = 0$, what is the value of $x$?",,3,2,1,0,A,"The expression $x^2 - 6x + 9$ is a perfect square trinomial: $(x-3)^2 = 0$. Taking the square root of both sides gives $x-3 = 0$, or $x = 3$.",
29201132-3e3e-4f51-a849-b969e674485a,Math,d8982b12,Advanced Math,Hard,"A polynomial function, \(f(x)\), has a root at x = 3. Which of the following statements is always true about \(f(x)\)?",,The graph of \(f(x)\) intersects the x-axis at x = 3.,The graph of \(f(x)\) has a minimum value at x = 3.,\(f(3) = 0\),\(f(x)\) is a quadratic function.,C,"A root of a polynomial function is a value of x for which the function equals zero.  Since x = 3 is a root of \(f(x)\), it follows that \(f(3) = 0\).",
ea97552c-d734-4843-8886-ac14f20a8407,Math,random_id_8,Geometry and Trigonometry,Medium,A circle has a radius of 5. What is the area of the circle?,,5\pi,10\pi,25\pi,100\pi,C,"The area of a circle is given by the formula $A = \pi r^2$, where $r$ is the radius.  Substituting 5 for $r$ gives us $A = \pi (5)^2$, or $A = 25\pi$.",
ba5c143f-baea-4fb1-95f6-972d2ad16b0f,Math,random_id_c4,Problem-Solving and Data Analysis,Hard,"A group of 100 students were surveyed about their favorite type of music. 60 students like pop music, 50 students like rock music, and 20 students like both pop and rock music. How many students like neither pop nor rock music?",,10,20,30,40,A,"We can use a Venn Diagram to visualize the situation. Let P represent the set of students who like pop music and R represent the set of students who like rock music. We know that  |P ∩ R| = 20, |P| = 60, and |R| = 50. Since |P ∪ R| = |P| + |R| - |P ∩ R|, we have |P ∪ R| = 60 + 50 - 20 = 90. This means that 90 students like pop music, rock music, or both.  Therefore, 100 - 90 = 10 students like neither pop nor rock music.",
75dd25c7-fca0-4211-b2b9-0d47b17e1cf6,Math,12d8c11d,Algebra,Medium,"If $2x + 3y = 12$ and $x - y = 1$, what is the value of $x$?",,2,3,4,5,B,"We can solve this system of equations using elimination. Multiplying the second equation by 3, we get $3x - 3y = 3$. Adding this equation to the first equation, we get $5x = 15$. Dividing both sides by 5 gives us $x = 3$.",
022d7e8f-dbdb-4edf-abf7-dbc967928bc1,Math,789054fe,Geometry and Trigonometry,Medium,"In the $xy$-plane, a circle with center $(3,2)$ passes through the point $(7,6)$.  What is the radius of the circle? ",,4,5,8,13,C,"The radius of the circle is the distance between the center of the circle and any point on the circle. We can use the distance formula to find this distance: \begin{align*} \sqrt{(7-3)^2 + (6-2)^2} &= \sqrt{4^2 + 4^2} \\ &= \sqrt{16 + 16} \\ &= \sqrt{32} \\ &= 4\sqrt{2} \\ &= 4(\sqrt{2 * 2}) \\ &= 4(\sqrt{2})(\sqrt{2}) \\ &= 4(2) \\ &= 8.  \end{align*} The radius of the circle is 8, so the correct answer is B.",
d961660d-3202-46eb-a27b-36318207caed,Math,random_id_d7,Problem-Solving and Data Analysis,Medium,"A group of friends is planning a trip. They decide to rent a car for \$40 per day plus a one-time insurance fee of \$15.  If the total cost of the car rental is \$235, for how many days did they rent the car?",,4,5,6,7,B,"Let \$d$ represent the number of days the car was rented. The total cost of the car rental can be represented by the equation \$40d + \$15 = \$235.  Solving for \$d$, we get \$d = 5$.",
99429608-5866-4ea4-97d8-e9311fa6d032,Math,random_id_8,Problem-Solving and Data Analysis,Medium,"A survey of 100 people found that 60 people like apples, 40 people like oranges, and 20 people like both apples and oranges. How many people like neither apples nor oranges?",,10,20,30,40,B,"We can use a Venn Diagram to visualize the problem: [Venn Diagram showing 60 people in the apple circle, 40 people in the orange circle, and 20 people in the overlap. The remaining space outside of the circles represent those who like neither.]  Since 20 people like both, 40 people like only apples (60 - 20) and 20 people like only oranges (40 - 20). Therefore, 100 - 40 - 20 - 20 = 20 people like neither apples nor oranges.",
f244f974-074e-4ae7-a260-b42ed6e7e1b3,Math,4bc98d5f,Geometry and Trigonometry,Medium,A circle has a radius of 5.  What is the area of the circle?  (Express your answer in terms of pi.),,5\pi,10\pi,25\pi,100\pi,C,"The area of a circle is given by the formula $A = \pi r^2$, where $r$ is the radius.  Substituting 5 for $r$ gives $A = \pi (5)^2 = 25\pi$.",
8cb6b3a7-de10-4cc9-bc7f-91b368f64a2e,Math,random_id_c6,Problem-Solving and Data Analysis,Easy,"A survey of 200 high school students found that 120 students prefer to take math classes in the morning, and 80 students prefer to take math classes in the afternoon. What percentage of the students surveyed prefer to take math classes in the morning? ",,40%,60%,80%,120%,B,"To find the percentage of students who prefer morning math classes, we divide the number who prefer morning classes by the total number of students surveyed and multiply by 100%:  (120 students / 200 students) * 100% = 60%.",
